Data e Hora (PT);Portugal
01/01/25 00:00;131,59
01/01/25 00:15;131,59
01/01/25 00:30;131,59
01/01/25 00:45;131,59
01/01/25 01:00;131,49
01/01/25 01:15;131,49
01/01/25 01:30;131,49
01/01/25 01:45;131,49
01/01/25 02:00;131,42
01/01/25 02:15;131,42
01/01/25 02:30;131,42
01/01/25 02:45;131,42
01/01/25 03:00;120,49
01/01/25 03:15;120,49
01/01/25 03:30;120,49
01/01/25 03:45;120,49
01/01/25 04:00;112,3
01/01/25 04:15;112,3
01/01/25 04:30;112,3
01/01/25 04:45;112,3
01/01/25 05:00;112,3
01/01/25 05:15;112,3
01/01/25 05:30;112,3
01/01/25 05:45;112,3
01/01/25 06:00;111,88
01/01/25 06:15;111,88
01/01/25 06:30;111,88
01/01/25 06:45;111,88
01/01/25 07:00;112,09
01/01/25 07:15;112,09
01/01/25 07:30;112,09
01/01/25 07:45;112,09
01/01/25 08:00;94,99
01/01/25 08:15;94,99
01/01/25 08:30;94,99
01/01/25 08:45;94,99
01/01/25 09:00;50,01
01/01/25 09:15;50,01
01/01/25 09:30;50,01
01/01/25 09:45;50,01
01/01/25 10:00;20,59
01/01/25 10:15;20,59
01/01/25 10:30;20,59
01/01/25 10:45;20,59
01/01/25 11:00;28,11
01/01/25 11:15;28,11
01/01/25 11:30;28,11
01/01/25 11:45;28,11
01/01/25 12:00;40,63
01/01/25 12:15;40,63
01/01/25 12:30;40,63
01/01/25 12:45;40,63
01/01/25 13:00;30,6
01/01/25 13:15;30,6
01/01/25 13:30;30,6
01/01/25 13:45;30,6
01/01/25 14:00;40,63
01/01/25 14:15;40,63
01/01/25 14:30;40,63
01/01/25 14:45;40,63
01/01/25 15:00;72
01/01/25 15:15;72
01/01/25 15:30;72
01/01/25 15:45;72
01/01/25 16:00;125,49
01/01/25 16:15;125,49
01/01/25 16:30;125,49
01/01/25 16:45;125,49
01/01/25 17:00;149,72
01/01/25 17:15;149,72
01/01/25 17:30;149,72
01/01/25 17:45;149,72
01/01/25 18:00;150,67
01/01/25 18:15;150,67
01/01/25 18:30;150,67
01/01/25 18:45;150,67
01/01/25 19:00;152,99
01/01/25 19:15;152,99
01/01/25 19:30;152,99
01/01/25 19:45;152,99
01/01/25 20:00;151,69
01/01/25 20:15;151,69
01/01/25 20:30;151,69
01/01/25 20:45;151,69
01/01/25 21:00;147,75
01/01/25 21:15;147,75
01/01/25 21:30;147,75
01/01/25 21:45;147,75
01/01/25 22:00;133,06
01/01/25 22:15;133,06
01/01/25 22:30;133,06
01/01/25 22:45;133,06
01/01/25 23:00;137,12
01/01/25 23:15;137,12
01/01/25 23:30;137,12
01/01/25 23:45;137,12
02/01/25 00:00;123,03
02/01/25 00:15;123,03
02/01/25 00:30;123,03
02/01/25 00:45;123,03
02/01/25 01:00;102,3
02/01/25 01:15;102,3
02/01/25 01:30;102,3
02/01/25 01:45;102,3
02/01/25 02:00;102,09
02/01/25 02:15;102,09
02/01/25 02:30;102,09
02/01/25 02:45;102,09
02/01/25 03:00;102,09
02/01/25 03:15;102,09
02/01/25 03:30;102,09
02/01/25 03:45;102,09
02/01/25 04:00;101,88
02/01/25 04:15;101,88
02/01/25 04:30;101,88
02/01/25 04:45;101,88
02/01/25 05:00;128,44
02/01/25 05:15;128,44
02/01/25 05:30;128,44
02/01/25 05:45;128,44
02/01/25 06:00;143,96
02/01/25 06:15;143,96
02/01/25 06:30;143,96
02/01/25 06:45;143,96
02/01/25 07:00;152,92
02/01/25 07:15;152,92
02/01/25 07:30;152,92
02/01/25 07:45;152,92
02/01/25 08:00;152,16
02/01/25 08:15;152,16
02/01/25 08:30;152,16
02/01/25 08:45;152,16
02/01/25 09:00;129,04
02/01/25 09:15;129,04
02/01/25 09:30;129,04
02/01/25 09:45;129,04
02/01/25 10:00;125,7
02/01/25 10:15;125,7
02/01/25 10:30;125,7
02/01/25 10:45;125,7
02/01/25 11:00;125,72
02/01/25 11:15;125,72
02/01/25 11:30;125,72
02/01/25 11:45;125,72
02/01/25 12:00;119,3
02/01/25 12:15;119,3
02/01/25 12:30;119,3
02/01/25 12:45;119,3
02/01/25 13:00;124,65
02/01/25 13:15;124,65
02/01/25 13:30;124,65
02/01/25 13:45;124,65
02/01/25 14:00;130,11
02/01/25 14:15;130,11
02/01/25 14:30;130,11
02/01/25 14:45;130,11
02/01/25 15:00;139,5
02/01/25 15:15;139,5
02/01/25 15:30;139,5
02/01/25 15:45;139,5
02/01/25 16:00;153,4
02/01/25 16:15;153,4
02/01/25 16:30;153,4
02/01/25 16:45;153,4
02/01/25 17:00;159,18
02/01/25 17:15;159,18
02/01/25 17:30;159,18
02/01/25 17:45;159,18
02/01/25 18:00;160,99
02/01/25 18:15;160,99
02/01/25 18:30;160,99
02/01/25 18:45;160,99
02/01/25 19:00;161,1
02/01/25 19:15;161,1
02/01/25 19:30;161,1
02/01/25 19:45;161,1
02/01/25 20:00;157,88
02/01/25 20:15;157,88
02/01/25 20:30;157,88
02/01/25 20:45;157,88
02/01/25 21:00;152,44
02/01/25 21:15;152,44
02/01/25 21:30;152,44
02/01/25 21:45;152,44
02/01/25 22:00;140
02/01/25 22:15;140
02/01/25 22:30;140
02/01/25 22:45;140
02/01/25 23:00;121,52
02/01/25 23:15;121,52
02/01/25 23:30;121,52
02/01/25 23:45;121,52
03/01/25 00:00;105,88
03/01/25 00:15;105,88
03/01/25 00:30;105,88
03/01/25 00:45;105,88
03/01/25 01:00;93,94
03/01/25 01:15;93,94
03/01/25 01:30;93,94
03/01/25 01:45;93,94
03/01/25 02:00;91,1
03/01/25 02:15;91,1
03/01/25 02:30;91,1
03/01/25 02:45;91,1
03/01/25 03:00;90,01
03/01/25 03:15;90,01
03/01/25 03:30;90,01
03/01/25 03:45;90,01
03/01/25 04:00;92,25
03/01/25 04:15;92,25
03/01/25 04:30;92,25
03/01/25 04:45;92,25
03/01/25 05:00;100,14
03/01/25 05:15;100,14
03/01/25 05:30;100,14
03/01/25 05:45;100,14
03/01/25 06:00;126
03/01/25 06:15;126
03/01/25 06:30;126
03/01/25 06:45;126
03/01/25 07:00;141,2
03/01/25 07:15;141,2
03/01/25 07:30;141,2
03/01/25 07:45;141,2
03/01/25 08:00;138
03/01/25 08:15;138
03/01/25 08:30;138
03/01/25 08:45;138
03/01/25 09:00;130,52
03/01/25 09:15;130,52
03/01/25 09:30;130,52
03/01/25 09:45;130,52
03/01/25 10:00;123,2
03/01/25 10:15;123,2
03/01/25 10:30;123,2
03/01/25 10:45;123,2
03/01/25 11:00;113,51
03/01/25 11:15;113,51
03/01/25 11:30;113,51
03/01/25 11:45;113,51
03/01/25 12:00;107,6
03/01/25 12:15;107,6
03/01/25 12:30;107,6
03/01/25 12:45;107,6
03/01/25 13:00;105,88
03/01/25 13:15;105,88
03/01/25 13:30;105,88
03/01/25 13:45;105,88
03/01/25 14:00;110,22
03/01/25 14:15;110,22
03/01/25 14:30;110,22
03/01/25 14:45;110,22
03/01/25 15:00;123,2
03/01/25 15:15;123,2
03/01/25 15:30;123,2
03/01/25 15:45;123,2
03/01/25 16:00;141,2
03/01/25 16:15;141,2
03/01/25 16:30;141,2
03/01/25 16:45;141,2
03/01/25 17:00;149,62
03/01/25 17:15;149,62
03/01/25 17:30;149,62
03/01/25 17:45;149,62
03/01/25 18:00;151,25
03/01/25 18:15;151,25
03/01/25 18:30;151,25
03/01/25 18:45;151,25
03/01/25 19:00;151,25
03/01/25 19:15;151,25
03/01/25 19:30;151,25
03/01/25 19:45;151,25
03/01/25 20:00;149,12
03/01/25 20:15;149,12
03/01/25 20:30;149,12
03/01/25 20:45;149,12
03/01/25 21:00;145,58
03/01/25 21:15;145,58
03/01/25 21:30;145,58
03/01/25 21:45;145,58
03/01/25 22:00;136,42
03/01/25 22:15;136,42
03/01/25 22:30;136,42
03/01/25 22:45;136,42
03/01/25 23:00;112,84
03/01/25 23:15;112,84
03/01/25 23:30;112,84
03/01/25 23:45;112,84
04/01/25 00:00;101
04/01/25 00:15;101
04/01/25 00:30;101
04/01/25 00:45;101
04/01/25 01:00;95,53
04/01/25 01:15;95,53
04/01/25 01:30;95,53
04/01/25 01:45;95,53
04/01/25 02:00;94,33
04/01/25 02:15;94,33
04/01/25 02:30;94,33
04/01/25 02:45;94,33
04/01/25 03:00;96,62
04/01/25 03:15;96,62
04/01/25 03:30;96,62
04/01/25 03:45;96,62
04/01/25 04:00;102,63
04/01/25 04:15;102,63
04/01/25 04:30;102,63
04/01/25 04:45;102,63
04/01/25 05:00;110,89
04/01/25 05:15;110,89
04/01/25 05:30;110,89
04/01/25 05:45;110,89
04/01/25 06:00;120,25
04/01/25 06:15;120,25
04/01/25 06:30;120,25
04/01/25 06:45;120,25
04/01/25 07:00;128,39
04/01/25 07:15;128,39
04/01/25 07:30;128,39
04/01/25 07:45;128,39
04/01/25 08:00;128,41
04/01/25 08:15;128,41
04/01/25 08:30;128,41
04/01/25 08:45;128,41
04/01/25 09:00;118,99
04/01/25 09:15;118,99
04/01/25 09:30;118,99
04/01/25 09:45;118,99
04/01/25 10:00;99
04/01/25 10:15;99
04/01/25 10:30;99
04/01/25 10:45;99
04/01/25 11:00;82,52
04/01/25 11:15;82,52
04/01/25 11:30;82,52
04/01/25 11:45;82,52
04/01/25 12:00;82,27
04/01/25 12:15;82,27
04/01/25 12:30;82,27
04/01/25 12:45;82,27
04/01/25 13:00;88,22
04/01/25 13:15;88,22
04/01/25 13:30;88,22
04/01/25 13:45;88,22
04/01/25 14:00;97,35
04/01/25 14:15;97,35
04/01/25 14:30;97,35
04/01/25 14:45;97,35
04/01/25 15:00;119,47
04/01/25 15:15;119,47
04/01/25 15:30;119,47
04/01/25 15:45;119,47
04/01/25 16:00;134,63
04/01/25 16:15;134,63
04/01/25 16:30;134,63
04/01/25 16:45;134,63
04/01/25 17:00;145
04/01/25 17:15;145
04/01/25 17:30;145
04/01/25 17:45;145
04/01/25 18:00;139,73
04/01/25 18:15;139,73
04/01/25 18:30;139,73
04/01/25 18:45;139,73
04/01/25 19:00;130,49
04/01/25 19:15;130,49
04/01/25 19:30;130,49
04/01/25 19:45;130,49
04/01/25 20:00;123,82
04/01/25 20:15;123,82
04/01/25 20:30;123,82
04/01/25 20:45;123,82
04/01/25 21:00;119,23
04/01/25 21:15;119,23
04/01/25 21:30;119,23
04/01/25 21:45;119,23
04/01/25 22:00;109,9
04/01/25 22:15;109,9
04/01/25 22:30;109,9
04/01/25 22:45;109,9
04/01/25 23:00;101,77
04/01/25 23:15;101,77
04/01/25 23:30;101,77
04/01/25 23:45;101,77
05/01/25 00:00;70,5
05/01/25 00:15;70,5
05/01/25 00:30;70,5
05/01/25 00:45;70,5
05/01/25 01:00;64,81
05/01/25 01:15;64,81
05/01/25 01:30;64,81
05/01/25 01:45;64,81
05/01/25 02:00;46,7
05/01/25 02:15;46,7
05/01/25 02:30;46,7
05/01/25 02:45;46,7
05/01/25 03:00;43,87
05/01/25 03:15;43,87
05/01/25 03:30;43,87
05/01/25 03:45;43,87
05/01/25 04:00;36,61
05/01/25 04:15;36,61
05/01/25 04:30;36,61
05/01/25 04:45;36,61
05/01/25 05:00;34,04
05/01/25 05:15;34,04
05/01/25 05:30;34,04
05/01/25 05:45;34,04
05/01/25 06:00;44
05/01/25 06:15;44
05/01/25 06:30;44
05/01/25 06:45;44
05/01/25 07:00;51,27
05/01/25 07:15;51,27
05/01/25 07:30;51,27
05/01/25 07:45;51,27
05/01/25 08:00;50
05/01/25 08:15;50
05/01/25 08:30;50
05/01/25 08:45;50
05/01/25 09:00;49,81
05/01/25 09:15;49,81
05/01/25 09:30;49,81
05/01/25 09:45;49,81
05/01/25 10:00;43,05
05/01/25 10:15;43,05
05/01/25 10:30;43,05
05/01/25 10:45;43,05
05/01/25 11:00;45,74
05/01/25 11:15;45,74
05/01/25 11:30;45,74
05/01/25 11:45;45,74
05/01/25 12:00;35,19
05/01/25 12:15;35,19
05/01/25 12:30;35,19
05/01/25 12:45;35,19
05/01/25 13:00;30
05/01/25 13:15;30
05/01/25 13:30;30
05/01/25 13:45;30
05/01/25 14:00;28
05/01/25 14:15;28
05/01/25 14:30;28
05/01/25 14:45;28
05/01/25 15:00;35,22
05/01/25 15:15;35,22
05/01/25 15:30;35,22
05/01/25 15:45;35,22
05/01/25 16:00;57,72
05/01/25 16:15;57,72
05/01/25 16:30;57,72
05/01/25 16:45;57,72
05/01/25 17:00;64,81
05/01/25 17:15;64,81
05/01/25 17:30;64,81
05/01/25 17:45;64,81
05/01/25 18:00;64,81
05/01/25 18:15;64,81
05/01/25 18:30;64,81
05/01/25 18:45;64,81
05/01/25 19:00;65,2
05/01/25 19:15;65,2
05/01/25 19:30;65,2
05/01/25 19:45;65,2
05/01/25 20:00;68,5
05/01/25 20:15;68,5
05/01/25 20:30;68,5
05/01/25 20:45;68,5
05/01/25 21:00;60
05/01/25 21:15;60
05/01/25 21:30;60
05/01/25 21:45;60
05/01/25 22:00;43,01
05/01/25 22:15;43,01
05/01/25 22:30;43,01
05/01/25 22:45;43,01
05/01/25 23:00;13,28
05/01/25 23:15;13,28
05/01/25 23:30;13,28
05/01/25 23:45;13,28
06/01/25 00:00;8,35
06/01/25 00:15;8,35
06/01/25 00:30;8,35
06/01/25 00:45;8,35
06/01/25 01:00;5,23
06/01/25 01:15;5,23
06/01/25 01:30;5,23
06/01/25 01:45;5,23
06/01/25 02:00;3,52
06/01/25 02:15;3,52
06/01/25 02:30;3,52
06/01/25 02:45;3,52
06/01/25 03:00;3,52
06/01/25 03:15;3,52
06/01/25 03:30;3,52
06/01/25 03:45;3,52
06/01/25 04:00;5,61
06/01/25 04:15;5,61
06/01/25 04:30;5,61
06/01/25 04:45;5,61
06/01/25 05:00;11,27
06/01/25 05:15;11,27
06/01/25 05:30;11,27
06/01/25 05:45;11,27
06/01/25 06:00;37
06/01/25 06:15;37
06/01/25 06:30;37
06/01/25 06:45;37
06/01/25 07:00;58,15
06/01/25 07:15;58,15
06/01/25 07:30;58,15
06/01/25 07:45;58,15
06/01/25 08:00;51,15
06/01/25 08:15;51,15
06/01/25 08:30;51,15
06/01/25 08:45;51,15
06/01/25 09:00;69,88
06/01/25 09:15;69,88
06/01/25 09:30;69,88
06/01/25 09:45;69,88
06/01/25 10:00;32,83
06/01/25 10:15;32,83
06/01/25 10:30;32,83
06/01/25 10:45;32,83
06/01/25 11:00;31,28
06/01/25 11:15;31,28
06/01/25 11:30;31,28
06/01/25 11:45;31,28
06/01/25 12:00;22,99
06/01/25 12:15;22,99
06/01/25 12:30;22,99
06/01/25 12:45;22,99
06/01/25 13:00;14
06/01/25 13:15;14
06/01/25 13:30;14
06/01/25 13:45;14
06/01/25 14:00;22,99
06/01/25 14:15;22,99
06/01/25 14:30;22,99
06/01/25 14:45;22,99
06/01/25 15:00;38,49
06/01/25 15:15;38,49
06/01/25 15:30;38,49
06/01/25 15:45;38,49
06/01/25 16:00;79,9
06/01/25 16:15;79,9
06/01/25 16:30;79,9
06/01/25 16:45;79,9
06/01/25 17:00;91,4
06/01/25 17:15;91,4
06/01/25 17:30;91,4
06/01/25 17:45;91,4
06/01/25 18:00;110
06/01/25 18:15;110
06/01/25 18:30;110
06/01/25 18:45;110
06/01/25 19:00;116,2
06/01/25 19:15;116,2
06/01/25 19:30;116,2
06/01/25 19:45;116,2
06/01/25 20:00;117,78
06/01/25 20:15;117,78
06/01/25 20:30;117,78
06/01/25 20:45;117,78
06/01/25 21:00;105,93
06/01/25 21:15;105,93
06/01/25 21:30;105,93
06/01/25 21:45;105,93
06/01/25 22:00;90
06/01/25 22:15;90
06/01/25 22:30;90
06/01/25 22:45;90
06/01/25 23:00;97,28
06/01/25 23:15;97,28
06/01/25 23:30;97,28
06/01/25 23:45;97,28
07/01/25 00:00;72,3
07/01/25 00:15;72,3
07/01/25 00:30;72,3
07/01/25 00:45;72,3
07/01/25 01:00;67,41
07/01/25 01:15;67,41
07/01/25 01:30;67,41
07/01/25 01:45;67,41
07/01/25 02:00;38,41
07/01/25 02:15;38,41
07/01/25 02:30;38,41
07/01/25 02:45;38,41
07/01/25 03:00;19,2
07/01/25 03:15;19,2
07/01/25 03:30;19,2
07/01/25 03:45;19,2
07/01/25 04:00;38,7
07/01/25 04:15;38,7
07/01/25 04:30;38,7
07/01/25 04:45;38,7
07/01/25 05:00;60,08
07/01/25 05:15;60,08
07/01/25 05:30;60,08
07/01/25 05:45;60,08
07/01/25 06:00;97,56
07/01/25 06:15;97,56
07/01/25 06:30;97,56
07/01/25 06:45;97,56
07/01/25 07:00;115
07/01/25 07:15;115
07/01/25 07:30;115
07/01/25 07:45;115
07/01/25 08:00;105,18
07/01/25 08:15;105,18
07/01/25 08:30;105,18
07/01/25 08:45;105,18
07/01/25 09:00;93,49
07/01/25 09:15;93,49
07/01/25 09:30;93,49
07/01/25 09:45;93,49
07/01/25 10:00;74,93
07/01/25 10:15;74,93
07/01/25 10:30;74,93
07/01/25 10:45;74,93
07/01/25 11:00;71,25
07/01/25 11:15;71,25
07/01/25 11:30;71,25
07/01/25 11:45;71,25
07/01/25 12:00;71,62
07/01/25 12:15;71,62
07/01/25 12:30;71,62
07/01/25 12:45;71,62
07/01/25 13:00;72,57
07/01/25 13:15;72,57
07/01/25 13:30;72,57
07/01/25 13:45;72,57
07/01/25 14:00;85
07/01/25 14:15;85
07/01/25 14:30;85
07/01/25 14:45;85
07/01/25 15:00;100,64
07/01/25 15:15;100,64
07/01/25 15:30;100,64
07/01/25 15:45;100,64
07/01/25 16:00;118,34
07/01/25 16:15;118,34
07/01/25 16:30;118,34
07/01/25 16:45;118,34
07/01/25 17:00;128,87
07/01/25 17:15;128,87
07/01/25 17:30;128,87
07/01/25 17:45;128,87
07/01/25 18:00;125
07/01/25 18:15;125
07/01/25 18:30;125
07/01/25 18:45;125
07/01/25 19:00;113,97
07/01/25 19:15;113,97
07/01/25 19:30;113,97
07/01/25 19:45;113,97
07/01/25 20:00;110,76
07/01/25 20:15;110,76
07/01/25 20:30;110,76
07/01/25 20:45;110,76
07/01/25 21:00;98,53
07/01/25 21:15;98,53
07/01/25 21:30;98,53
07/01/25 21:45;98,53
07/01/25 22:00;89,27
07/01/25 22:15;89,27
07/01/25 22:30;89,27
07/01/25 22:45;89,27
07/01/25 23:00;74,23
07/01/25 23:15;74,23
07/01/25 23:30;74,23
07/01/25 23:45;74,23
08/01/25 00:00;69,5
08/01/25 00:15;69,5
08/01/25 00:30;69,5
08/01/25 00:45;69,5
08/01/25 01:00;59,97
08/01/25 01:15;59,97
08/01/25 01:30;59,97
08/01/25 01:45;59,97
08/01/25 02:00;53
08/01/25 02:15;53
08/01/25 02:30;53
08/01/25 02:45;53
08/01/25 03:00;59,52
08/01/25 03:15;59,52
08/01/25 03:30;59,52
08/01/25 03:45;59,52
08/01/25 04:00;70,2
08/01/25 04:15;70,2
08/01/25 04:30;70,2
08/01/25 04:45;70,2
08/01/25 05:00;97,41
08/01/25 05:15;97,41
08/01/25 05:30;97,41
08/01/25 05:45;97,41
08/01/25 06:00;124,39
08/01/25 06:15;124,39
08/01/25 06:30;124,39
08/01/25 06:45;124,39
08/01/25 07:00;130,49
08/01/25 07:15;130,49
08/01/25 07:30;130,49
08/01/25 07:45;130,49
08/01/25 08:00;130,01
08/01/25 08:15;130,01
08/01/25 08:30;130,01
08/01/25 08:45;130,01
08/01/25 09:00;108,8
08/01/25 09:15;108,8
08/01/25 09:30;108,8
08/01/25 09:45;108,8
08/01/25 10:00;104,46
08/01/25 10:15;104,46
08/01/25 10:30;104,46
08/01/25 10:45;104,46
08/01/25 11:00;97,57
08/01/25 11:15;97,57
08/01/25 11:30;97,57
08/01/25 11:45;97,57
08/01/25 12:00;90,79
08/01/25 12:15;90,79
08/01/25 12:30;90,79
08/01/25 12:45;90,79
08/01/25 13:00;88,81
08/01/25 13:15;88,81
08/01/25 13:30;88,81
08/01/25 13:45;88,81
08/01/25 14:00;90,01
08/01/25 14:15;90,01
08/01/25 14:30;90,01
08/01/25 14:45;90,01
08/01/25 15:00;105,48
08/01/25 15:15;105,48
08/01/25 15:30;105,48
08/01/25 15:45;105,48
08/01/25 16:00;113,75
08/01/25 16:15;113,75
08/01/25 16:30;113,75
08/01/25 16:45;113,75
08/01/25 17:00;122
08/01/25 17:15;122
08/01/25 17:30;122
08/01/25 17:45;122
08/01/25 18:00;131
08/01/25 18:15;131
08/01/25 18:30;131
08/01/25 18:45;131
08/01/25 19:00;124,81
08/01/25 19:15;124,81
08/01/25 19:30;124,81
08/01/25 19:45;124,81
08/01/25 20:00;112,66
08/01/25 20:15;112,66
08/01/25 20:30;112,66
08/01/25 20:45;112,66
08/01/25 21:00;111,9
08/01/25 21:15;111,9
08/01/25 21:30;111,9
08/01/25 21:45;111,9
08/01/25 22:00;98,77
08/01/25 22:15;98,77
08/01/25 22:30;98,77
08/01/25 22:45;98,77
08/01/25 23:00;60,38
08/01/25 23:15;60,38
08/01/25 23:30;60,38
08/01/25 23:45;60,38
09/01/25 00:00;49,9
09/01/25 00:15;49,9
09/01/25 00:30;49,9
09/01/25 00:45;49,9
09/01/25 01:00;40,52
09/01/25 01:15;40,52
09/01/25 01:30;40,52
09/01/25 01:45;40,52
09/01/25 02:00;25,61
09/01/25 02:15;25,61
09/01/25 02:30;25,61
09/01/25 02:45;25,61
09/01/25 03:00;13,01
09/01/25 03:15;13,01
09/01/25 03:30;13,01
09/01/25 03:45;13,01
09/01/25 04:00;30,29
09/01/25 04:15;30,29
09/01/25 04:30;30,29
09/01/25 04:45;30,29
09/01/25 05:00;60,08
09/01/25 05:15;60,08
09/01/25 05:30;60,08
09/01/25 05:45;60,08
09/01/25 06:00;90,79
09/01/25 06:15;90,79
09/01/25 06:30;90,79
09/01/25 06:45;90,79
09/01/25 07:00;100,99
09/01/25 07:15;100,99
09/01/25 07:30;100,99
09/01/25 07:45;100,99
09/01/25 08:00;102,44
09/01/25 08:15;102,44
09/01/25 08:30;102,44
09/01/25 08:45;102,44
09/01/25 09:00;97,45
09/01/25 09:15;97,45
09/01/25 09:30;97,45
09/01/25 09:45;97,45
09/01/25 10:00;90,41
09/01/25 10:15;90,41
09/01/25 10:30;90,41
09/01/25 10:45;90,41
09/01/25 11:00;88,34
09/01/25 11:15;88,34
09/01/25 11:30;88,34
09/01/25 11:45;88,34
09/01/25 12:00;79,9
09/01/25 12:15;79,9
09/01/25 12:30;79,9
09/01/25 12:45;79,9
09/01/25 13:00;79,05
09/01/25 13:15;79,05
09/01/25 13:30;79,05
09/01/25 13:45;79,05
09/01/25 14:00;85,09
09/01/25 14:15;85,09
09/01/25 14:30;85,09
09/01/25 14:45;85,09
09/01/25 15:00;109,4
09/01/25 15:15;109,4
09/01/25 15:30;109,4
09/01/25 15:45;109,4
09/01/25 16:00;131,62
09/01/25 16:15;131,62
09/01/25 16:30;131,62
09/01/25 16:45;131,62
09/01/25 17:00;135,73
09/01/25 17:15;135,73
09/01/25 17:30;135,73
09/01/25 17:45;135,73
09/01/25 18:00;135,01
09/01/25 18:15;135,01
09/01/25 18:30;135,01
09/01/25 18:45;135,01
09/01/25 19:00;141,27
09/01/25 19:15;141,27
09/01/25 19:30;141,27
09/01/25 19:45;141,27
09/01/25 20:00;135,01
09/01/25 20:15;135,01
09/01/25 20:30;135,01
09/01/25 20:45;135,01
09/01/25 21:00;114,38
09/01/25 21:15;114,38
09/01/25 21:30;114,38
09/01/25 21:45;114,38
09/01/25 22:00;101
09/01/25 22:15;101
09/01/25 22:30;101
09/01/25 22:45;101
09/01/25 23:00;100
09/01/25 23:15;100
09/01/25 23:30;100
09/01/25 23:45;100
10/01/25 00:00;81,88
10/01/25 00:15;81,88
10/01/25 00:30;81,88
10/01/25 00:45;81,88
10/01/25 01:00;77
10/01/25 01:15;77
10/01/25 01:30;77
10/01/25 01:45;77
10/01/25 02:00;69,94
10/01/25 02:15;69,94
10/01/25 02:30;69,94
10/01/25 02:45;69,94
10/01/25 03:00;70,07
10/01/25 03:15;70,07
10/01/25 03:30;70,07
10/01/25 03:45;70,07
10/01/25 04:00;85,06
10/01/25 04:15;85,06
10/01/25 04:30;85,06
10/01/25 04:45;85,06
10/01/25 05:00;101,8
10/01/25 05:15;101,8
10/01/25 05:30;101,8
10/01/25 05:45;101,8
10/01/25 06:00;126,12
10/01/25 06:15;126,12
10/01/25 06:30;126,12
10/01/25 06:45;126,12
10/01/25 07:00;140,33
10/01/25 07:15;140,33
10/01/25 07:30;140,33
10/01/25 07:45;140,33
10/01/25 08:00;137,22
10/01/25 08:15;137,22
10/01/25 08:30;137,22
10/01/25 08:45;137,22
10/01/25 09:00;123,57
10/01/25 09:15;123,57
10/01/25 09:30;123,57
10/01/25 09:45;123,57
10/01/25 10:00;113,59
10/01/25 10:15;113,59
10/01/25 10:30;113,59
10/01/25 10:45;113,59
10/01/25 11:00;107,43
10/01/25 11:15;107,43
10/01/25 11:30;107,43
10/01/25 11:45;107,43
10/01/25 12:00;105,01
10/01/25 12:15;105,01
10/01/25 12:30;105,01
10/01/25 12:45;105,01
10/01/25 13:00;108,18
10/01/25 13:15;108,18
10/01/25 13:30;108,18
10/01/25 13:45;108,18
10/01/25 14:00;111,61
10/01/25 14:15;111,61
10/01/25 14:30;111,61
10/01/25 14:45;111,61
10/01/25 15:00;118,76
10/01/25 15:15;118,76
10/01/25 15:30;118,76
10/01/25 15:45;118,76
10/01/25 16:00;132,58
10/01/25 16:15;132,58
10/01/25 16:30;132,58
10/01/25 16:45;132,58
10/01/25 17:00;144,28
10/01/25 17:15;144,28
10/01/25 17:30;144,28
10/01/25 17:45;144,28
10/01/25 18:00;141,27
10/01/25 18:15;141,27
10/01/25 18:30;141,27
10/01/25 18:45;141,27
10/01/25 19:00;134,83
10/01/25 19:15;134,83
10/01/25 19:30;134,83
10/01/25 19:45;134,83
10/01/25 20:00;122,51
10/01/25 20:15;122,51
10/01/25 20:30;122,51
10/01/25 20:45;122,51
10/01/25 21:00;119,79
10/01/25 21:15;119,79
10/01/25 21:30;119,79
10/01/25 21:45;119,79
10/01/25 22:00;112
10/01/25 22:15;112
10/01/25 22:30;112
10/01/25 22:45;112
10/01/25 23:00;112
10/01/25 23:15;112
10/01/25 23:30;112
10/01/25 23:45;112
11/01/25 00:00;100,61
11/01/25 00:15;100,61
11/01/25 00:30;100,61
11/01/25 00:45;100,61
11/01/25 01:00;96,32
11/01/25 01:15;96,32
11/01/25 01:30;96,32
11/01/25 01:45;96,32
11/01/25 02:00;84,49
11/01/25 02:15;84,49
11/01/25 02:30;84,49
11/01/25 02:45;84,49
11/01/25 03:00;79,78
11/01/25 03:15;79,78
11/01/25 03:30;79,78
11/01/25 03:45;79,78
11/01/25 04:00;84,1
11/01/25 04:15;84,1
11/01/25 04:30;84,1
11/01/25 04:45;84,1
11/01/25 05:00;95,46
11/01/25 05:15;95,46
11/01/25 05:30;95,46
11/01/25 05:45;95,46
11/01/25 06:00;84,9
11/01/25 06:15;84,9
11/01/25 06:30;84,9
11/01/25 06:45;84,9
11/01/25 07:00;97
11/01/25 07:15;97
11/01/25 07:30;97
11/01/25 07:45;97
11/01/25 08:00;105,53
11/01/25 08:15;105,53
11/01/25 08:30;105,53
11/01/25 08:45;105,53
11/01/25 09:00;109,71
11/01/25 09:15;109,71
11/01/25 09:30;109,71
11/01/25 09:45;109,71
11/01/25 10:00;87,14
11/01/25 10:15;87,14
11/01/25 10:30;87,14
11/01/25 10:45;87,14
11/01/25 11:00;78,78
11/01/25 11:15;78,78
11/01/25 11:30;78,78
11/01/25 11:45;78,78
11/01/25 12:00;70
11/01/25 12:15;70
11/01/25 12:30;70
11/01/25 12:45;70
11/01/25 13:00;64,75
11/01/25 13:15;64,75
11/01/25 13:30;64,75
11/01/25 13:45;64,75
11/01/25 14:00;60,3
11/01/25 14:15;60,3
11/01/25 14:30;60,3
11/01/25 14:45;60,3
11/01/25 15:00;78,91
11/01/25 15:15;78,91
11/01/25 15:30;78,91
11/01/25 15:45;78,91
11/01/25 16:00;113,3
11/01/25 16:15;113,3
11/01/25 16:30;113,3
11/01/25 16:45;113,3
11/01/25 17:00;118,87
11/01/25 17:15;118,87
11/01/25 17:30;118,87
11/01/25 17:45;118,87
11/01/25 18:00;123,55
11/01/25 18:15;123,55
11/01/25 18:30;123,55
11/01/25 18:45;123,55
11/01/25 19:00;119,95
11/01/25 19:15;119,95
11/01/25 19:30;119,95
11/01/25 19:45;119,95
11/01/25 20:00;116,2
11/01/25 20:15;116,2
11/01/25 20:30;116,2
11/01/25 20:45;116,2
11/01/25 21:00;113,27
11/01/25 21:15;113,27
11/01/25 21:30;113,27
11/01/25 21:45;113,27
11/01/25 22:00;106,1
11/01/25 22:15;106,1
11/01/25 22:30;106,1
11/01/25 22:45;106,1
11/01/25 23:00;110,36
11/01/25 23:15;110,36
11/01/25 23:30;110,36
11/01/25 23:45;110,36
12/01/25 00:00;97,57
12/01/25 00:15;97,57
12/01/25 00:30;97,57
12/01/25 00:45;97,57
12/01/25 01:00;90
12/01/25 01:15;90
12/01/25 01:30;90
12/01/25 01:45;90
12/01/25 02:00;85,91
12/01/25 02:15;85,91
12/01/25 02:30;85,91
12/01/25 02:45;85,91
12/01/25 03:00;85
12/01/25 03:15;85
12/01/25 03:30;85
12/01/25 03:45;85
12/01/25 04:00;85,2
12/01/25 04:15;85,2
12/01/25 04:30;85,2
12/01/25 04:45;85,2
12/01/25 05:00;85,65
12/01/25 05:15;85,65
12/01/25 05:30;85,65
12/01/25 05:45;85,65
12/01/25 06:00;79,63
12/01/25 06:15;79,63
12/01/25 06:30;79,63
12/01/25 06:45;79,63
12/01/25 07:00;85,2
12/01/25 07:15;85,2
12/01/25 07:30;85,2
12/01/25 07:45;85,2
12/01/25 08:00;77,24
12/01/25 08:15;77,24
12/01/25 08:30;77,24
12/01/25 08:45;77,24
12/01/25 09:00;40
12/01/25 09:15;40
12/01/25 09:30;40
12/01/25 09:45;40
12/01/25 10:00;12,17
12/01/25 10:15;12,17
12/01/25 10:30;12,17
12/01/25 10:45;12,17
12/01/25 11:00;3,6
12/01/25 11:15;3,6
12/01/25 11:30;3,6
12/01/25 11:45;3,6
12/01/25 12:00;6,01
12/01/25 12:15;6,01
12/01/25 12:30;6,01
12/01/25 12:45;6,01
12/01/25 13:00;4,31
12/01/25 13:15;4,31
12/01/25 13:30;4,31
12/01/25 13:45;4,31
12/01/25 14:00;3,01
12/01/25 14:15;3,01
12/01/25 14:30;3,01
12/01/25 14:45;3,01
12/01/25 15:00;10,96
12/01/25 15:15;10,96
12/01/25 15:30;10,96
12/01/25 15:45;10,96
12/01/25 16:00;89,07
12/01/25 16:15;89,07
12/01/25 16:30;89,07
12/01/25 16:45;89,07
12/01/25 17:00;116,28
12/01/25 17:15;116,28
12/01/25 17:30;116,28
12/01/25 17:45;116,28
12/01/25 18:00;126,8
12/01/25 18:15;126,8
12/01/25 18:30;126,8
12/01/25 18:45;126,8
12/01/25 19:00;124
12/01/25 19:15;124
12/01/25 19:30;124
12/01/25 19:45;124
12/01/25 20:00;123,67
12/01/25 20:15;123,67
12/01/25 20:30;123,67
12/01/25 20:45;123,67
12/01/25 21:00;116,73
12/01/25 21:15;116,73
12/01/25 21:30;116,73
12/01/25 21:45;116,73
12/01/25 22:00;114,9
12/01/25 22:15;114,9
12/01/25 22:30;114,9
12/01/25 22:45;114,9
12/01/25 23:00;112,39
12/01/25 23:15;112,39
12/01/25 23:30;112,39
12/01/25 23:45;112,39
13/01/25 00:00;105,07
13/01/25 00:15;105,07
13/01/25 00:30;105,07
13/01/25 00:45;105,07
13/01/25 01:00;104,46
13/01/25 01:15;104,46
13/01/25 01:30;104,46
13/01/25 01:45;104,46
13/01/25 02:00;100,37
13/01/25 02:15;100,37
13/01/25 02:30;100,37
13/01/25 02:45;100,37
13/01/25 03:00;100
13/01/25 03:15;100
13/01/25 03:30;100
13/01/25 03:45;100
13/01/25 04:00;109,13
13/01/25 04:15;109,13
13/01/25 04:30;109,13
13/01/25 04:45;109,13
13/01/25 05:00;127,14
13/01/25 05:15;127,14
13/01/25 05:30;127,14
13/01/25 05:45;127,14
13/01/25 06:00;141,29
13/01/25 06:15;141,29
13/01/25 06:30;141,29
13/01/25 06:45;141,29
13/01/25 07:00;180
13/01/25 07:15;180
13/01/25 07:30;180
13/01/25 07:45;180
13/01/25 08:00;145,67
13/01/25 08:15;145,67
13/01/25 08:30;145,67
13/01/25 08:45;145,67
13/01/25 09:00;128,38
13/01/25 09:15;128,38
13/01/25 09:30;128,38
13/01/25 09:45;128,38
13/01/25 10:00;111,92
13/01/25 10:15;111,92
13/01/25 10:30;111,92
13/01/25 10:45;111,92
13/01/25 11:00;105,22
13/01/25 11:15;105,22
13/01/25 11:30;105,22
13/01/25 11:45;105,22
13/01/25 12:00;100,81
13/01/25 12:15;100,81
13/01/25 12:30;100,81
13/01/25 12:45;100,81
13/01/25 13:00;104,91
13/01/25 13:15;104,91
13/01/25 13:30;104,91
13/01/25 13:45;104,91
13/01/25 14:00;110,72
13/01/25 14:15;110,72
13/01/25 14:30;110,72
13/01/25 14:45;110,72
13/01/25 15:00;126,64
13/01/25 15:15;126,64
13/01/25 15:30;126,64
13/01/25 15:45;126,64
13/01/25 16:00;145,37
13/01/25 16:15;145,37
13/01/25 16:30;145,37
13/01/25 16:45;145,37
13/01/25 17:00;157,07
13/01/25 17:15;157,07
13/01/25 17:30;157,07
13/01/25 17:45;157,07
13/01/25 18:00;158,39
13/01/25 18:15;158,39
13/01/25 18:30;158,39
13/01/25 18:45;158,39
13/01/25 19:00;146,39
13/01/25 19:15;146,39
13/01/25 19:30;146,39
13/01/25 19:45;146,39
13/01/25 20:00;143,02
13/01/25 20:15;143,02
13/01/25 20:30;143,02
13/01/25 20:45;143,02
13/01/25 21:00;135,01
13/01/25 21:15;135,01
13/01/25 21:30;135,01
13/01/25 21:45;135,01
13/01/25 22:00;120,1
13/01/25 22:15;120,1
13/01/25 22:30;120,1
13/01/25 22:45;120,1
13/01/25 23:00;122,19
13/01/25 23:15;122,19
13/01/25 23:30;122,19
13/01/25 23:45;122,19
14/01/25 00:00;117,67
14/01/25 00:15;117,67
14/01/25 00:30;117,67
14/01/25 00:45;117,67
14/01/25 01:00;114,53
14/01/25 01:15;114,53
14/01/25 01:30;114,53
14/01/25 01:45;114,53
14/01/25 02:00;112,2
14/01/25 02:15;112,2
14/01/25 02:30;112,2
14/01/25 02:45;112,2
14/01/25 03:00;112,2
14/01/25 03:15;112,2
14/01/25 03:30;112,2
14/01/25 03:45;112,2
14/01/25 04:00;114,34
14/01/25 04:15;114,34
14/01/25 04:30;114,34
14/01/25 04:45;114,34
14/01/25 05:00;138,52
14/01/25 05:15;138,52
14/01/25 05:30;138,52
14/01/25 05:45;138,52
14/01/25 06:00;156
14/01/25 06:15;156
14/01/25 06:30;156
14/01/25 06:45;156
14/01/25 07:00;157,41
14/01/25 07:15;157,41
14/01/25 07:30;157,41
14/01/25 07:45;157,41
14/01/25 08:00;152,47
14/01/25 08:15;152,47
14/01/25 08:30;152,47
14/01/25 08:45;152,47
14/01/25 09:00;133,76
14/01/25 09:15;133,76
14/01/25 09:30;133,76
14/01/25 09:45;133,76
14/01/25 10:00;114,53
14/01/25 10:15;114,53
14/01/25 10:30;114,53
14/01/25 10:45;114,53
14/01/25 11:00;112,37
14/01/25 11:15;112,37
14/01/25 11:30;112,37
14/01/25 11:45;112,37
14/01/25 12:00;111,63
14/01/25 12:15;111,63
14/01/25 12:30;111,63
14/01/25 12:45;111,63
14/01/25 13:00;114,53
14/01/25 13:15;114,53
14/01/25 13:30;114,53
14/01/25 13:45;114,53
14/01/25 14:00;115,03
14/01/25 14:15;115,03
14/01/25 14:30;115,03
14/01/25 14:45;115,03
14/01/25 15:00;132,53
14/01/25 15:15;132,53
14/01/25 15:30;132,53
14/01/25 15:45;132,53
14/01/25 16:00;160,87
14/01/25 16:15;160,87
14/01/25 16:30;160,87
14/01/25 16:45;160,87
14/01/25 17:00;188,31
14/01/25 17:15;188,31
14/01/25 17:30;188,31
14/01/25 17:45;188,31
14/01/25 18:00;189,54
14/01/25 18:15;189,54
14/01/25 18:30;189,54
14/01/25 18:45;189,54
14/01/25 19:00;165,57
14/01/25 19:15;165,57
14/01/25 19:30;165,57
14/01/25 19:45;165,57
14/01/25 20:00;159,39
14/01/25 20:15;159,39
14/01/25 20:30;159,39
14/01/25 20:45;159,39
14/01/25 21:00;148,68
14/01/25 21:15;148,68
14/01/25 21:30;148,68
14/01/25 21:45;148,68
14/01/25 22:00;141,98
14/01/25 22:15;141,98
14/01/25 22:30;141,98
14/01/25 22:45;141,98
14/01/25 23:00;132,4
14/01/25 23:15;132,4
14/01/25 23:30;132,4
14/01/25 23:45;132,4
15/01/25 00:00;122,4
15/01/25 00:15;122,4
15/01/25 00:30;122,4
15/01/25 00:45;122,4
15/01/25 01:00;118,6
15/01/25 01:15;118,6
15/01/25 01:30;118,6
15/01/25 01:45;118,6
15/01/25 02:00;118,42
15/01/25 02:15;118,42
15/01/25 02:30;118,42
15/01/25 02:45;118,42
15/01/25 03:00;118,13
15/01/25 03:15;118,13
15/01/25 03:30;118,13
15/01/25 03:45;118,13
15/01/25 04:00;118,13
15/01/25 04:15;118,13
15/01/25 04:30;118,13
15/01/25 04:45;118,13
15/01/25 05:00;135,56
15/01/25 05:15;135,56
15/01/25 05:30;135,56
15/01/25 05:45;135,56
15/01/25 06:00;167,32
15/01/25 06:15;167,32
15/01/25 06:30;167,32
15/01/25 06:45;167,32
15/01/25 07:00;225
15/01/25 07:15;225
15/01/25 07:30;225
15/01/25 07:45;225
15/01/25 08:00;160
15/01/25 08:15;160
15/01/25 08:30;160
15/01/25 08:45;160
15/01/25 09:00;138,92
15/01/25 09:15;138,92
15/01/25 09:30;138,92
15/01/25 09:45;138,92
15/01/25 10:00;132,7
15/01/25 10:15;132,7
15/01/25 10:30;132,7
15/01/25 10:45;132,7
15/01/25 11:00;126
15/01/25 11:15;126
15/01/25 11:30;126
15/01/25 11:45;126
15/01/25 12:00;122,4
15/01/25 12:15;122,4
15/01/25 12:30;122,4
15/01/25 12:45;122,4
15/01/25 13:00;115,58
15/01/25 13:15;115,58
15/01/25 13:30;115,58
15/01/25 13:45;115,58
15/01/25 14:00;117,81
15/01/25 14:15;117,81
15/01/25 14:30;117,81
15/01/25 14:45;117,81
15/01/25 15:00;135
15/01/25 15:15;135
15/01/25 15:30;135
15/01/25 15:45;135
15/01/25 16:00;143,2
15/01/25 16:15;143,2
15/01/25 16:30;143,2
15/01/25 16:45;143,2
15/01/25 17:00;167,32
15/01/25 17:15;167,32
15/01/25 17:30;167,32
15/01/25 17:45;167,32
15/01/25 18:00;178,97
15/01/25 18:15;178,97
15/01/25 18:30;178,97
15/01/25 18:45;178,97
15/01/25 19:00;168,78
15/01/25 19:15;168,78
15/01/25 19:30;168,78
15/01/25 19:45;168,78
15/01/25 20:00;150,97
15/01/25 20:15;150,97
15/01/25 20:30;150,97
15/01/25 20:45;150,97
15/01/25 21:00;138,77
15/01/25 21:15;138,77
15/01/25 21:30;138,77
15/01/25 21:45;138,77
15/01/25 22:00;123,9
15/01/25 22:15;123,9
15/01/25 22:30;123,9
15/01/25 22:45;123,9
15/01/25 23:00;124,33
15/01/25 23:15;124,33
15/01/25 23:30;124,33
15/01/25 23:45;124,33
16/01/25 00:00;118,41
16/01/25 00:15;118,41
16/01/25 00:30;118,41
16/01/25 00:45;118,41
16/01/25 01:00;114
16/01/25 01:15;114
16/01/25 01:30;114
16/01/25 01:45;114
16/01/25 02:00;108,58
16/01/25 02:15;108,58
16/01/25 02:30;108,58
16/01/25 02:45;108,58
16/01/25 03:00;108,59
16/01/25 03:15;108,59
16/01/25 03:30;108,59
16/01/25 03:45;108,59
16/01/25 04:00;118,1
16/01/25 04:15;118,1
16/01/25 04:30;118,1
16/01/25 04:45;118,1
16/01/25 05:00;130,8
16/01/25 05:15;130,8
16/01/25 05:30;130,8
16/01/25 05:45;130,8
16/01/25 06:00;148,04
16/01/25 06:15;148,04
16/01/25 06:30;148,04
16/01/25 06:45;148,04
16/01/25 07:00;175,72
16/01/25 07:15;175,72
16/01/25 07:30;175,72
16/01/25 07:45;175,72
16/01/25 08:00;155,11
16/01/25 08:15;155,11
16/01/25 08:30;155,11
16/01/25 08:45;155,11
16/01/25 09:00;129,9
16/01/25 09:15;129,9
16/01/25 09:30;129,9
16/01/25 09:45;129,9
16/01/25 10:00;114
16/01/25 10:15;114
16/01/25 10:30;114
16/01/25 10:45;114
16/01/25 11:00;116
16/01/25 11:15;116
16/01/25 11:30;116
16/01/25 11:45;116
16/01/25 12:00;120,5
16/01/25 12:15;120,5
16/01/25 12:30;120,5
16/01/25 12:45;120,5
16/01/25 13:00;115,14
16/01/25 13:15;115,14
16/01/25 13:30;115,14
16/01/25 13:45;115,14
16/01/25 14:00;119,64
16/01/25 14:15;119,64
16/01/25 14:30;119,64
16/01/25 14:45;119,64
16/01/25 15:00;120,34
16/01/25 15:15;120,34
16/01/25 15:30;120,34
16/01/25 15:45;120,34
16/01/25 16:00;148,04
16/01/25 16:15;148,04
16/01/25 16:30;148,04
16/01/25 16:45;148,04
16/01/25 17:00;184,32
16/01/25 17:15;184,32
16/01/25 17:30;184,32
16/01/25 17:45;184,32
16/01/25 18:00;179,97
16/01/25 18:15;179,97
16/01/25 18:30;179,97
16/01/25 18:45;179,97
16/01/25 19:00;159,6
16/01/25 19:15;159,6
16/01/25 19:30;159,6
16/01/25 19:45;159,6
16/01/25 20:00;148,33
16/01/25 20:15;148,33
16/01/25 20:30;148,33
16/01/25 20:45;148,33
16/01/25 21:00;136,02
16/01/25 21:15;136,02
16/01/25 21:30;136,02
16/01/25 21:45;136,02
16/01/25 22:00;124,44
16/01/25 22:15;124,44
16/01/25 22:30;124,44
16/01/25 22:45;124,44
16/01/25 23:00;124,83
16/01/25 23:15;124,83
16/01/25 23:30;124,83
16/01/25 23:45;124,83
17/01/25 00:00;121,32
17/01/25 00:15;121,32
17/01/25 00:30;121,32
17/01/25 00:45;121,32
17/01/25 01:00;118,2
17/01/25 01:15;118,2
17/01/25 01:30;118,2
17/01/25 01:45;118,2
17/01/25 02:00;117,49
17/01/25 02:15;117,49
17/01/25 02:30;117,49
17/01/25 02:45;117,49
17/01/25 03:00;117,26
17/01/25 03:15;117,26
17/01/25 03:30;117,26
17/01/25 03:45;117,26
17/01/25 04:00;119,99
17/01/25 04:15;119,99
17/01/25 04:30;119,99
17/01/25 04:45;119,99
17/01/25 05:00;137,1
17/01/25 05:15;137,1
17/01/25 05:30;137,1
17/01/25 05:45;137,1
17/01/25 06:00;150,84
17/01/25 06:15;150,84
17/01/25 06:30;150,84
17/01/25 06:45;150,84
17/01/25 07:00;161,32
17/01/25 07:15;161,32
17/01/25 07:30;161,32
17/01/25 07:45;161,32
17/01/25 08:00;155,1
17/01/25 08:15;155,1
17/01/25 08:30;155,1
17/01/25 08:45;155,1
17/01/25 09:00;129,87
17/01/25 09:15;129,87
17/01/25 09:30;129,87
17/01/25 09:45;129,87
17/01/25 10:00;116,44
17/01/25 10:15;116,44
17/01/25 10:30;116,44
17/01/25 10:45;116,44
17/01/25 11:00;115,2
17/01/25 11:15;115,2
17/01/25 11:30;115,2
17/01/25 11:45;115,2
17/01/25 12:00;108,5
17/01/25 12:15;108,5
17/01/25 12:30;108,5
17/01/25 12:45;108,5
17/01/25 13:00;106,5
17/01/25 13:15;106,5
17/01/25 13:30;106,5
17/01/25 13:45;106,5
17/01/25 14:00;115
17/01/25 14:15;115
17/01/25 14:30;115
17/01/25 14:45;115
17/01/25 15:00;118,38
17/01/25 15:15;118,38
17/01/25 15:30;118,38
17/01/25 15:45;118,38
17/01/25 16:00;145,12
17/01/25 16:15;145,12
17/01/25 16:30;145,12
17/01/25 16:45;145,12
17/01/25 17:00;175
17/01/25 17:15;175
17/01/25 17:30;175
17/01/25 17:45;175
17/01/25 18:00;174,22
17/01/25 18:15;174,22
17/01/25 18:30;174,22
17/01/25 18:45;174,22
17/01/25 19:00;157,91
17/01/25 19:15;157,91
17/01/25 19:30;157,91
17/01/25 19:45;157,91
17/01/25 20:00;153,27
17/01/25 20:15;153,27
17/01/25 20:30;153,27
17/01/25 20:45;153,27
17/01/25 21:00;153,27
17/01/25 21:15;153,27
17/01/25 21:30;153,27
17/01/25 21:45;153,27
17/01/25 22:00;137,34
17/01/25 22:15;137,34
17/01/25 22:30;137,34
17/01/25 22:45;137,34
17/01/25 23:00;135,56
17/01/25 23:15;135,56
17/01/25 23:30;135,56
17/01/25 23:45;135,56
18/01/25 00:00;130,01
18/01/25 00:15;130,01
18/01/25 00:30;130,01
18/01/25 00:45;130,01
18/01/25 01:00;129,73
18/01/25 01:15;129,73
18/01/25 01:30;129,73
18/01/25 01:45;129,73
18/01/25 02:00;124,9
18/01/25 02:15;124,9
18/01/25 02:30;124,9
18/01/25 02:45;124,9
18/01/25 03:00;117
18/01/25 03:15;117
18/01/25 03:30;117
18/01/25 03:45;117
18/01/25 04:00;119,78
18/01/25 04:15;119,78
18/01/25 04:30;119,78
18/01/25 04:45;119,78
18/01/25 05:00;120
18/01/25 05:15;120
18/01/25 05:30;120
18/01/25 05:45;120
18/01/25 06:00;133,8
18/01/25 06:15;133,8
18/01/25 06:30;133,8
18/01/25 06:45;133,8
18/01/25 07:00;145,69
18/01/25 07:15;145,69
18/01/25 07:30;145,69
18/01/25 07:45;145,69
18/01/25 08:00;144,1
18/01/25 08:15;144,1
18/01/25 08:30;144,1
18/01/25 08:45;144,1
18/01/25 09:00;131,7
18/01/25 09:15;131,7
18/01/25 09:30;131,7
18/01/25 09:45;131,7
18/01/25 10:00;110,2
18/01/25 10:15;110,2
18/01/25 10:30;110,2
18/01/25 10:45;110,2
18/01/25 11:00;113,97
18/01/25 11:15;113,97
18/01/25 11:30;113,97
18/01/25 11:45;113,97
18/01/25 12:00;114,17
18/01/25 12:15;114,17
18/01/25 12:30;114,17
18/01/25 12:45;114,17
18/01/25 13:00;114,17
18/01/25 13:15;114,17
18/01/25 13:30;114,17
18/01/25 13:45;114,17
18/01/25 14:00;113,97
18/01/25 14:15;113,97
18/01/25 14:30;113,97
18/01/25 14:45;113,97
18/01/25 15:00;120,9
18/01/25 15:15;120,9
18/01/25 15:30;120,9
18/01/25 15:45;120,9
18/01/25 16:00;145,65
18/01/25 16:15;145,65
18/01/25 16:30;145,65
18/01/25 16:45;145,65
18/01/25 17:00;167,57
18/01/25 17:15;167,57
18/01/25 17:30;167,57
18/01/25 17:45;167,57
18/01/25 18:00;167,85
18/01/25 18:15;167,85
18/01/25 18:30;167,85
18/01/25 18:45;167,85
18/01/25 19:00;156,12
18/01/25 19:15;156,12
18/01/25 19:30;156,12
18/01/25 19:45;156,12
18/01/25 20:00;149,61
18/01/25 20:15;149,61
18/01/25 20:30;149,61
18/01/25 20:45;149,61
18/01/25 21:00;147,25
18/01/25 21:15;147,25
18/01/25 21:30;147,25
18/01/25 21:45;147,25
18/01/25 22:00;142,19
18/01/25 22:15;142,19
18/01/25 22:30;142,19
18/01/25 22:45;142,19
18/01/25 23:00;134,46
18/01/25 23:15;134,46
18/01/25 23:30;134,46
18/01/25 23:45;134,46
19/01/25 00:00;125,51
19/01/25 00:15;125,51
19/01/25 00:30;125,51
19/01/25 00:45;125,51
19/01/25 01:00;123,17
19/01/25 01:15;123,17
19/01/25 01:30;123,17
19/01/25 01:45;123,17
19/01/25 02:00;121,24
19/01/25 02:15;121,24
19/01/25 02:30;121,24
19/01/25 02:45;121,24
19/01/25 03:00;120,18
19/01/25 03:15;120,18
19/01/25 03:30;120,18
19/01/25 03:45;120,18
19/01/25 04:00;120
19/01/25 04:15;120
19/01/25 04:30;120
19/01/25 04:45;120
19/01/25 05:00;121,59
19/01/25 05:15;121,59
19/01/25 05:30;121,59
19/01/25 05:45;121,59
19/01/25 06:00;123,47
19/01/25 06:15;123,47
19/01/25 06:30;123,47
19/01/25 06:45;123,47
19/01/25 07:00;123,61
19/01/25 07:15;123,61
19/01/25 07:30;123,61
19/01/25 07:45;123,61
19/01/25 08:00;125,33
19/01/25 08:15;125,33
19/01/25 08:30;125,33
19/01/25 08:45;125,33
19/01/25 09:00;103
19/01/25 09:15;103
19/01/25 09:30;103
19/01/25 09:45;103
19/01/25 10:00;102,35
19/01/25 10:15;102,35
19/01/25 10:30;102,35
19/01/25 10:45;102,35
19/01/25 11:00;103
19/01/25 11:15;103
19/01/25 11:30;103
19/01/25 11:45;103
19/01/25 12:00;105,1
19/01/25 12:15;105,1
19/01/25 12:30;105,1
19/01/25 12:45;105,1
19/01/25 13:00;105,5
19/01/25 13:15;105,5
19/01/25 13:30;105,5
19/01/25 13:45;105,5
19/01/25 14:00;108,53
19/01/25 14:15;108,53
19/01/25 14:30;108,53
19/01/25 14:45;108,53
19/01/25 15:00;115,79
19/01/25 15:15;115,79
19/01/25 15:30;115,79
19/01/25 15:45;115,79
19/01/25 16:00;140
19/01/25 16:15;140
19/01/25 16:30;140
19/01/25 16:45;140
19/01/25 17:00;151,47
19/01/25 17:15;151,47
19/01/25 17:30;151,47
19/01/25 17:45;151,47
19/01/25 18:00;157,33
19/01/25 18:15;157,33
19/01/25 18:30;157,33
19/01/25 18:45;157,33
19/01/25 19:00;151,47
19/01/25 19:15;151,47
19/01/25 19:30;151,47
19/01/25 19:45;151,47
19/01/25 20:00;150,86
19/01/25 20:15;150,86
19/01/25 20:30;150,86
19/01/25 20:45;150,86
19/01/25 21:00;138,43
19/01/25 21:15;138,43
19/01/25 21:30;138,43
19/01/25 21:45;138,43
19/01/25 22:00;123,12
19/01/25 22:15;123,12
19/01/25 22:30;123,12
19/01/25 22:45;123,12
19/01/25 23:00;122,3
19/01/25 23:15;122,3
19/01/25 23:30;122,3
19/01/25 23:45;122,3
20/01/25 00:00;119,5
20/01/25 00:15;119,5
20/01/25 00:30;119,5
20/01/25 00:45;119,5
20/01/25 01:00;116,57
20/01/25 01:15;116,57
20/01/25 01:30;116,57
20/01/25 01:45;116,57
20/01/25 02:00;114,41
20/01/25 02:15;114,41
20/01/25 02:30;114,41
20/01/25 02:45;114,41
20/01/25 03:00;115,45
20/01/25 03:15;115,45
20/01/25 03:30;115,45
20/01/25 03:45;115,45
20/01/25 04:00;116,1
20/01/25 04:15;116,1
20/01/25 04:30;116,1
20/01/25 04:45;116,1
20/01/25 05:00;137,33
20/01/25 05:15;137,33
20/01/25 05:30;137,33
20/01/25 05:45;137,33
20/01/25 06:00;151,06
20/01/25 06:15;151,06
20/01/25 06:30;151,06
20/01/25 06:45;151,06
20/01/25 07:00;154,06
20/01/25 07:15;154,06
20/01/25 07:30;154,06
20/01/25 07:45;154,06
20/01/25 08:00;154,15
20/01/25 08:15;154,15
20/01/25 08:30;154,15
20/01/25 08:45;154,15
20/01/25 09:00;153,1
20/01/25 09:15;153,1
20/01/25 09:30;153,1
20/01/25 09:45;153,1
20/01/25 10:00;154,73
20/01/25 10:15;154,73
20/01/25 10:30;154,73
20/01/25 10:45;154,73
20/01/25 11:00;155
20/01/25 11:15;155
20/01/25 11:30;155
20/01/25 11:45;155
20/01/25 12:00;155
20/01/25 12:15;155
20/01/25 12:30;155
20/01/25 12:45;155
20/01/25 13:00;155,01
20/01/25 13:15;155,01
20/01/25 13:30;155,01
20/01/25 13:45;155,01
20/01/25 14:00;155,13
20/01/25 14:15;155,13
20/01/25 14:30;155,13
20/01/25 14:45;155,13
20/01/25 15:00;153,58
20/01/25 15:15;153,58
20/01/25 15:30;153,58
20/01/25 15:45;153,58
20/01/25 16:00;153,34
20/01/25 16:15;153,34
20/01/25 16:30;153,34
20/01/25 16:45;153,34
20/01/25 17:00;154,93
20/01/25 17:15;154,93
20/01/25 17:30;154,93
20/01/25 17:45;154,93
20/01/25 18:00;159,15
20/01/25 18:15;159,15
20/01/25 18:30;159,15
20/01/25 18:45;159,15
20/01/25 19:00;165,6
20/01/25 19:15;165,6
20/01/25 19:30;165,6
20/01/25 19:45;165,6
20/01/25 20:00;170
20/01/25 20:15;170
20/01/25 20:30;170
20/01/25 20:45;170
20/01/25 21:00;153,58
20/01/25 21:15;153,58
20/01/25 21:30;153,58
20/01/25 21:45;153,58
20/01/25 22:00;139
20/01/25 22:15;139
20/01/25 22:30;139
20/01/25 22:45;139
20/01/25 23:00;136
20/01/25 23:15;136
20/01/25 23:30;136
20/01/25 23:45;136
21/01/25 00:00;130,65
21/01/25 00:15;130,65
21/01/25 00:30;130,65
21/01/25 00:45;130,65
21/01/25 01:00;124,35
21/01/25 01:15;124,35
21/01/25 01:30;124,35
21/01/25 01:45;124,35
21/01/25 02:00;117,05
21/01/25 02:15;117,05
21/01/25 02:30;117,05
21/01/25 02:45;117,05
21/01/25 03:00;115,3
21/01/25 03:15;115,3
21/01/25 03:30;115,3
21/01/25 03:45;115,3
21/01/25 04:00;123,83
21/01/25 04:15;123,83
21/01/25 04:30;123,83
21/01/25 04:45;123,83
21/01/25 05:00;138,86
21/01/25 05:15;138,86
21/01/25 05:30;138,86
21/01/25 05:45;138,86
21/01/25 06:00;146,68
21/01/25 06:15;146,68
21/01/25 06:30;146,68
21/01/25 06:45;146,68
21/01/25 07:00;147,29
21/01/25 07:15;147,29
21/01/25 07:30;147,29
21/01/25 07:45;147,29
21/01/25 08:00;150
21/01/25 08:15;150
21/01/25 08:30;150
21/01/25 08:45;150
21/01/25 09:00;147,78
21/01/25 09:15;147,78
21/01/25 09:30;147,78
21/01/25 09:45;147,78
21/01/25 10:00;146,69
21/01/25 10:15;146,69
21/01/25 10:30;146,69
21/01/25 10:45;146,69
21/01/25 11:00;144,57
21/01/25 11:15;144,57
21/01/25 11:30;144,57
21/01/25 11:45;144,57
21/01/25 12:00;140,34
21/01/25 12:15;140,34
21/01/25 12:30;140,34
21/01/25 12:45;140,34
21/01/25 13:00;135,25
21/01/25 13:15;135,25
21/01/25 13:30;135,25
21/01/25 13:45;135,25
21/01/25 14:00;135,53
21/01/25 14:15;135,53
21/01/25 14:30;135,53
21/01/25 14:45;135,53
21/01/25 15:00;145,1
21/01/25 15:15;145,1
21/01/25 15:30;145,1
21/01/25 15:45;145,1
21/01/25 16:00;147,29
21/01/25 16:15;147,29
21/01/25 16:30;147,29
21/01/25 16:45;147,29
21/01/25 17:00;150,19
21/01/25 17:15;150,19
21/01/25 17:30;150,19
21/01/25 17:45;150,19
21/01/25 18:00;154,01
21/01/25 18:15;154,01
21/01/25 18:30;154,01
21/01/25 18:45;154,01
21/01/25 19:00;156,15
21/01/25 19:15;156,15
21/01/25 19:30;156,15
21/01/25 19:45;156,15
21/01/25 20:00;147,08
21/01/25 20:15;147,08
21/01/25 20:30;147,08
21/01/25 20:45;147,08
21/01/25 21:00;137
21/01/25 21:15;137
21/01/25 21:30;137
21/01/25 21:45;137
21/01/25 22:00;125,75
21/01/25 22:15;125,75
21/01/25 22:30;125,75
21/01/25 22:45;125,75
21/01/25 23:00;123,53
21/01/25 23:15;123,53
21/01/25 23:30;123,53
21/01/25 23:45;123,53
22/01/25 00:00;116,3
22/01/25 00:15;116,3
22/01/25 00:30;116,3
22/01/25 00:45;116,3
22/01/25 01:00;106,78
22/01/25 01:15;106,78
22/01/25 01:30;106,78
22/01/25 01:45;106,78
22/01/25 02:00;104,45
22/01/25 02:15;104,45
22/01/25 02:30;104,45
22/01/25 02:45;104,45
22/01/25 03:00;103,6
22/01/25 03:15;103,6
22/01/25 03:30;103,6
22/01/25 03:45;103,6
22/01/25 04:00;107
22/01/25 04:15;107
22/01/25 04:30;107
22/01/25 04:45;107
22/01/25 05:00;120,57
22/01/25 05:15;120,57
22/01/25 05:30;120,57
22/01/25 05:45;120,57
22/01/25 06:00;140,33
22/01/25 06:15;140,33
22/01/25 06:30;140,33
22/01/25 06:45;140,33
22/01/25 07:00;153
22/01/25 07:15;153
22/01/25 07:30;153
22/01/25 07:45;153
22/01/25 08:00;152,19
22/01/25 08:15;152,19
22/01/25 08:30;152,19
22/01/25 08:45;152,19
22/01/25 09:00;144,38
22/01/25 09:15;144,38
22/01/25 09:30;144,38
22/01/25 09:45;144,38
22/01/25 10:00;137
22/01/25 10:15;137
22/01/25 10:30;137
22/01/25 10:45;137
22/01/25 11:00;132,61
22/01/25 11:15;132,61
22/01/25 11:30;132,61
22/01/25 11:45;132,61
22/01/25 12:00;127,14
22/01/25 12:15;127,14
22/01/25 12:30;127,14
22/01/25 12:45;127,14
22/01/25 13:00;126,99
22/01/25 13:15;126,99
22/01/25 13:30;126,99
22/01/25 13:45;126,99
22/01/25 14:00;131,35
22/01/25 14:15;131,35
22/01/25 14:30;131,35
22/01/25 14:45;131,35
22/01/25 15:00;139,57
22/01/25 15:15;139,57
22/01/25 15:30;139,57
22/01/25 15:45;139,57
22/01/25 16:00;149,03
22/01/25 16:15;149,03
22/01/25 16:30;149,03
22/01/25 16:45;149,03
22/01/25 17:00;159,6
22/01/25 17:15;159,6
22/01/25 17:30;159,6
22/01/25 17:45;159,6
22/01/25 18:00;167,72
22/01/25 18:15;167,72
22/01/25 18:30;167,72
22/01/25 18:45;167,72
22/01/25 19:00;155,82
22/01/25 19:15;155,82
22/01/25 19:30;155,82
22/01/25 19:45;155,82
22/01/25 20:00;155,1
22/01/25 20:15;155,1
22/01/25 20:30;155,1
22/01/25 20:45;155,1
22/01/25 21:00;145
22/01/25 21:15;145
22/01/25 21:30;145
22/01/25 21:45;145
22/01/25 22:00;139,87
22/01/25 22:15;139,87
22/01/25 22:30;139,87
22/01/25 22:45;139,87
22/01/25 23:00;125,01
22/01/25 23:15;125,01
22/01/25 23:30;125,01
22/01/25 23:45;125,01
23/01/25 00:00;120,53
23/01/25 00:15;120,53
23/01/25 00:30;120,53
23/01/25 00:45;120,53
23/01/25 01:00;118,7
23/01/25 01:15;118,7
23/01/25 01:30;118,7
23/01/25 01:45;118,7
23/01/25 02:00;113,1
23/01/25 02:15;113,1
23/01/25 02:30;113,1
23/01/25 02:45;113,1
23/01/25 03:00;112,97
23/01/25 03:15;112,97
23/01/25 03:30;112,97
23/01/25 03:45;112,97
23/01/25 04:00;118,08
23/01/25 04:15;118,08
23/01/25 04:30;118,08
23/01/25 04:45;118,08
23/01/25 05:00;130,01
23/01/25 05:15;130,01
23/01/25 05:30;130,01
23/01/25 05:45;130,01
23/01/25 06:00;142,28
23/01/25 06:15;142,28
23/01/25 06:30;142,28
23/01/25 06:45;142,28
23/01/25 07:00;160,34
23/01/25 07:15;160,34
23/01/25 07:30;160,34
23/01/25 07:45;160,34
23/01/25 08:00;157,26
23/01/25 08:15;157,26
23/01/25 08:30;157,26
23/01/25 08:45;157,26
23/01/25 09:00;147,32
23/01/25 09:15;147,32
23/01/25 09:30;147,32
23/01/25 09:45;147,32
23/01/25 10:00;142,28
23/01/25 10:15;142,28
23/01/25 10:30;142,28
23/01/25 10:45;142,28
23/01/25 11:00;135,72
23/01/25 11:15;135,72
23/01/25 11:30;135,72
23/01/25 11:45;135,72
23/01/25 12:00;125,1
23/01/25 12:15;125,1
23/01/25 12:30;125,1
23/01/25 12:45;125,1
23/01/25 13:00;121,2
23/01/25 13:15;121,2
23/01/25 13:30;121,2
23/01/25 13:45;121,2
23/01/25 14:00;123,54
23/01/25 14:15;123,54
23/01/25 14:30;123,54
23/01/25 14:45;123,54
23/01/25 15:00;135,72
23/01/25 15:15;135,72
23/01/25 15:30;135,72
23/01/25 15:45;135,72
23/01/25 16:00;152,4
23/01/25 16:15;152,4
23/01/25 16:30;152,4
23/01/25 16:45;152,4
23/01/25 17:00;165
23/01/25 17:15;165
23/01/25 17:30;165
23/01/25 17:45;165
23/01/25 18:00;196,51
23/01/25 18:15;196,51
23/01/25 18:30;196,51
23/01/25 18:45;196,51
23/01/25 19:00;187,92
23/01/25 19:15;187,92
23/01/25 19:30;187,92
23/01/25 19:45;187,92
23/01/25 20:00;162,27
23/01/25 20:15;162,27
23/01/25 20:30;162,27
23/01/25 20:45;162,27
23/01/25 21:00;150,1
23/01/25 21:15;150,1
23/01/25 21:30;150,1
23/01/25 21:45;150,1
23/01/25 22:00;129,9
23/01/25 22:15;129,9
23/01/25 22:30;129,9
23/01/25 22:45;129,9
23/01/25 23:00;94
23/01/25 23:15;94
23/01/25 23:30;94
23/01/25 23:45;94
24/01/25 00:00;88,74
24/01/25 00:15;88,74
24/01/25 00:30;88,74
24/01/25 00:45;88,74
24/01/25 01:00;82,03
24/01/25 01:15;82,03
24/01/25 01:30;82,03
24/01/25 01:45;82,03
24/01/25 02:00;77,65
24/01/25 02:15;77,65
24/01/25 02:30;77,65
24/01/25 02:45;77,65
24/01/25 03:00;77,39
24/01/25 03:15;77,39
24/01/25 03:30;77,39
24/01/25 03:45;77,39
24/01/25 04:00;78,2
24/01/25 04:15;78,2
24/01/25 04:30;78,2
24/01/25 04:45;78,2
24/01/25 05:00;88,74
24/01/25 05:15;88,74
24/01/25 05:30;88,74
24/01/25 05:45;88,74
24/01/25 06:00;105
24/01/25 06:15;105
24/01/25 06:30;105
24/01/25 06:45;105
24/01/25 07:00;122
24/01/25 07:15;122
24/01/25 07:30;122
24/01/25 07:45;122
24/01/25 08:00;114,78
24/01/25 08:15;114,78
24/01/25 08:30;114,78
24/01/25 08:45;114,78
24/01/25 09:00;94,17
24/01/25 09:15;94,17
24/01/25 09:30;94,17
24/01/25 09:45;94,17
24/01/25 10:00;81,93
24/01/25 10:15;81,93
24/01/25 10:30;81,93
24/01/25 10:45;81,93
24/01/25 11:00;79,68
24/01/25 11:15;79,68
24/01/25 11:30;79,68
24/01/25 11:45;79,68
24/01/25 12:00;77,26
24/01/25 12:15;77,26
24/01/25 12:30;77,26
24/01/25 12:45;77,26
24/01/25 13:00;75,07
24/01/25 13:15;75,07
24/01/25 13:30;75,07
24/01/25 13:45;75,07
24/01/25 14:00;77,26
24/01/25 14:15;77,26
24/01/25 14:30;77,26
24/01/25 14:45;77,26
24/01/25 15:00;77,13
24/01/25 15:15;77,13
24/01/25 15:30;77,13
24/01/25 15:45;77,13
24/01/25 16:00;92,7
24/01/25 16:15;92,7
24/01/25 16:30;92,7
24/01/25 16:45;92,7
24/01/25 17:00;102
24/01/25 17:15;102
24/01/25 17:30;102
24/01/25 17:45;102
24/01/25 18:00;111,9
24/01/25 18:15;111,9
24/01/25 18:30;111,9
24/01/25 18:45;111,9
24/01/25 19:00;112,45
24/01/25 19:15;112,45
24/01/25 19:30;112,45
24/01/25 19:45;112,45
24/01/25 20:00;103,35
24/01/25 20:15;103,35
24/01/25 20:30;103,35
24/01/25 20:45;103,35
24/01/25 21:00;97,78
24/01/25 21:15;97,78
24/01/25 21:30;97,78
24/01/25 21:45;97,78
24/01/25 22:00;90,7
24/01/25 22:15;90,7
24/01/25 22:30;90,7
24/01/25 22:45;90,7
24/01/25 23:00;57,03
24/01/25 23:15;57,03
24/01/25 23:30;57,03
24/01/25 23:45;57,03
25/01/25 00:00;35
25/01/25 00:15;35
25/01/25 00:30;35
25/01/25 00:45;35
25/01/25 01:00;25,2
25/01/25 01:15;25,2
25/01/25 01:30;25,2
25/01/25 01:45;25,2
25/01/25 02:00;19,71
25/01/25 02:15;19,71
25/01/25 02:30;19,71
25/01/25 02:45;19,71
25/01/25 03:00;16,8
25/01/25 03:15;16,8
25/01/25 03:30;16,8
25/01/25 03:45;16,8
25/01/25 04:00;17,72
25/01/25 04:15;17,72
25/01/25 04:30;17,72
25/01/25 04:45;17,72
25/01/25 05:00;25
25/01/25 05:15;25
25/01/25 05:30;25
25/01/25 05:45;25
25/01/25 06:00;49,29
25/01/25 06:15;49,29
25/01/25 06:30;49,29
25/01/25 06:45;49,29
25/01/25 07:00;37,7
25/01/25 07:15;37,7
25/01/25 07:30;37,7
25/01/25 07:45;37,7
25/01/25 08:00;33,01
25/01/25 08:15;33,01
25/01/25 08:30;33,01
25/01/25 08:45;33,01
25/01/25 09:00;24,08
25/01/25 09:15;24,08
25/01/25 09:30;24,08
25/01/25 09:45;24,08
25/01/25 10:00;45,08
25/01/25 10:15;45,08
25/01/25 10:30;45,08
25/01/25 10:45;45,08
25/01/25 11:00;35
25/01/25 11:15;35
25/01/25 11:30;35
25/01/25 11:45;35
25/01/25 12:00;19,71
25/01/25 12:15;19,71
25/01/25 12:30;19,71
25/01/25 12:45;19,71
25/01/25 13:00;10,94
25/01/25 13:15;10,94
25/01/25 13:30;10,94
25/01/25 13:45;10,94
25/01/25 14:00;3,6
25/01/25 14:15;3,6
25/01/25 14:30;3,6
25/01/25 14:45;3,6
25/01/25 15:00;20,2
25/01/25 15:15;20,2
25/01/25 15:30;20,2
25/01/25 15:45;20,2
25/01/25 16:00;30
25/01/25 16:15;30
25/01/25 16:30;30
25/01/25 16:45;30
25/01/25 17:00;76,8
25/01/25 17:15;76,8
25/01/25 17:30;76,8
25/01/25 17:45;76,8
25/01/25 18:00;91
25/01/25 18:15;91
25/01/25 18:30;91
25/01/25 18:45;91
25/01/25 19:00;96,37
25/01/25 19:15;96,37
25/01/25 19:30;96,37
25/01/25 19:45;96,37
25/01/25 20:00;87,38
25/01/25 20:15;87,38
25/01/25 20:30;87,38
25/01/25 20:45;87,38
25/01/25 21:00;86,5
25/01/25 21:15;86,5
25/01/25 21:30;86,5
25/01/25 21:45;86,5
25/01/25 22:00;77,35
25/01/25 22:15;77,35
25/01/25 22:30;77,35
25/01/25 22:45;77,35
25/01/25 23:00;41,18
25/01/25 23:15;41,18
25/01/25 23:30;41,18
25/01/25 23:45;41,18
26/01/25 00:00;35,2
26/01/25 00:15;35,2
26/01/25 00:30;35,2
26/01/25 00:45;35,2
26/01/25 01:00;29,7
26/01/25 01:15;29,7
26/01/25 01:30;29,7
26/01/25 01:45;29,7
26/01/25 02:00;29,03
26/01/25 02:15;29,03
26/01/25 02:30;29,03
26/01/25 02:45;29,03
26/01/25 03:00;26,21
26/01/25 03:15;26,21
26/01/25 03:30;26,21
26/01/25 03:45;26,21
26/01/25 04:00;25,95
26/01/25 04:15;25,95
26/01/25 04:30;25,95
26/01/25 04:45;25,95
26/01/25 05:00;26,21
26/01/25 05:15;26,21
26/01/25 05:30;26,21
26/01/25 05:45;26,21
26/01/25 06:00;29,03
26/01/25 06:15;29,03
26/01/25 06:30;29,03
26/01/25 06:45;29,03
26/01/25 07:00;29,54
26/01/25 07:15;29,54
26/01/25 07:30;29,54
26/01/25 07:45;29,54
26/01/25 08:00;26,21
26/01/25 08:15;26,21
26/01/25 08:30;26,21
26/01/25 08:45;26,21
26/01/25 09:00;25,95
26/01/25 09:15;25,95
26/01/25 09:30;25,95
26/01/25 09:45;25,95
26/01/25 10:00;24,99
26/01/25 10:15;24,99
26/01/25 10:30;24,99
26/01/25 10:45;24,99
26/01/25 11:00;9,89
26/01/25 11:15;9,89
26/01/25 11:30;9,89
26/01/25 11:45;9,89
26/01/25 12:00;7,19
26/01/25 12:15;7,19
26/01/25 12:30;7,19
26/01/25 12:45;7,19
26/01/25 13:00;6,99
26/01/25 13:15;6,99
26/01/25 13:30;6,99
26/01/25 13:45;6,99
26/01/25 14:00;6,93
26/01/25 14:15;6,93
26/01/25 14:30;6,93
26/01/25 14:45;6,93
26/01/25 15:00;13,45
26/01/25 15:15;13,45
26/01/25 15:30;13,45
26/01/25 15:45;13,45
26/01/25 16:00;25,2
26/01/25 16:15;25,2
26/01/25 16:30;25,2
26/01/25 16:45;25,2
26/01/25 17:00;39,4
26/01/25 17:15;39,4
26/01/25 17:30;39,4
26/01/25 17:45;39,4
26/01/25 18:00;44,38
26/01/25 18:15;44,38
26/01/25 18:30;44,38
26/01/25 18:45;44,38
26/01/25 19:00;39,06
26/01/25 19:15;39,06
26/01/25 19:30;39,06
26/01/25 19:45;39,06
26/01/25 20:00;33,78
26/01/25 20:15;33,78
26/01/25 20:30;33,78
26/01/25 20:45;33,78
26/01/25 21:00;32,35
26/01/25 21:15;32,35
26/01/25 21:30;32,35
26/01/25 21:45;32,35
26/01/25 22:00;26,32
26/01/25 22:15;26,32
26/01/25 22:30;26,32
26/01/25 22:45;26,32
26/01/25 23:00;12
26/01/25 23:15;12
26/01/25 23:30;12
26/01/25 23:45;12
27/01/25 00:00;3,52
27/01/25 00:15;3,52
27/01/25 00:30;3,52
27/01/25 00:45;3,52
27/01/25 01:00;3,52
27/01/25 01:15;3,52
27/01/25 01:30;3,52
27/01/25 01:45;3,52
27/01/25 02:00;3,52
27/01/25 02:15;3,52
27/01/25 02:30;3,52
27/01/25 02:45;3,52
27/01/25 03:00;0,65
27/01/25 03:15;0,65
27/01/25 03:30;0,65
27/01/25 03:45;0,65
27/01/25 04:00;3,52
27/01/25 04:15;3,52
27/01/25 04:30;3,52
27/01/25 04:45;3,52
27/01/25 05:00;6,99
27/01/25 05:15;6,99
27/01/25 05:30;6,99
27/01/25 05:45;6,99
27/01/25 06:00;30,98
27/01/25 06:15;30,98
27/01/25 06:30;30,98
27/01/25 06:45;30,98
27/01/25 07:00;35,55
27/01/25 07:15;35,55
27/01/25 07:30;35,55
27/01/25 07:45;35,55
27/01/25 08:00;39,83
27/01/25 08:15;39,83
27/01/25 08:30;39,83
27/01/25 08:45;39,83
27/01/25 09:00;35,72
27/01/25 09:15;35,72
27/01/25 09:30;35,72
27/01/25 09:45;35,72
27/01/25 10:00;26,23
27/01/25 10:15;26,23
27/01/25 10:30;26,23
27/01/25 10:45;26,23
27/01/25 11:00;14,53
27/01/25 11:15;14,53
27/01/25 11:30;14,53
27/01/25 11:45;14,53
27/01/25 12:00;4,31
27/01/25 12:15;4,31
27/01/25 12:30;4,31
27/01/25 12:45;4,31
27/01/25 13:00;3,6
27/01/25 13:15;3,6
27/01/25 13:30;3,6
27/01/25 13:45;3,6
27/01/25 14:00;5
27/01/25 14:15;5
27/01/25 14:30;5
27/01/25 14:45;5
27/01/25 15:00;14
27/01/25 15:15;14
27/01/25 15:30;14
27/01/25 15:45;14
27/01/25 16:00;32
27/01/25 16:15;32
27/01/25 16:30;32
27/01/25 16:45;32
27/01/25 17:00;40,78
27/01/25 17:15;40,78
27/01/25 17:30;40,78
27/01/25 17:45;40,78
27/01/25 18:00;53,37
27/01/25 18:15;53,37
27/01/25 18:30;53,37
27/01/25 18:45;53,37
27/01/25 19:00;40,9
27/01/25 19:15;40,9
27/01/25 19:30;40,9
27/01/25 19:45;40,9
27/01/25 20:00;37,68
27/01/25 20:15;37,68
27/01/25 20:30;37,68
27/01/25 20:45;37,68
27/01/25 21:00;32
27/01/25 21:15;32
27/01/25 21:30;32
27/01/25 21:45;32
27/01/25 22:00;26,23
27/01/25 22:15;26,23
27/01/25 22:30;26,23
27/01/25 22:45;26,23
27/01/25 23:00;3,52
27/01/25 23:15;3,52
27/01/25 23:30;3,52
27/01/25 23:45;3,52
28/01/25 00:00;2
28/01/25 00:15;2
28/01/25 00:30;2
28/01/25 00:45;2
28/01/25 01:00;0,65
28/01/25 01:15;0,65
28/01/25 01:30;0,65
28/01/25 01:45;0,65
28/01/25 02:00;0,66
28/01/25 02:15;0,66
28/01/25 02:30;0,66
28/01/25 02:45;0,66
28/01/25 03:00;0,65
28/01/25 03:15;0,65
28/01/25 03:30;0,65
28/01/25 03:45;0,65
28/01/25 04:00;0,65
28/01/25 04:15;0,65
28/01/25 04:30;0,65
28/01/25 04:45;0,65
28/01/25 05:00;3,52
28/01/25 05:15;3,52
28/01/25 05:30;3,52
28/01/25 05:45;3,52
28/01/25 06:00;14
28/01/25 06:15;14
28/01/25 06:30;14
28/01/25 06:45;14
28/01/25 07:00;28,68
28/01/25 07:15;28,68
28/01/25 07:30;28,68
28/01/25 07:45;28,68
28/01/25 08:00;23,54
28/01/25 08:15;23,54
28/01/25 08:30;23,54
28/01/25 08:45;23,54
28/01/25 09:00;3,52
28/01/25 09:15;3,52
28/01/25 09:30;3,52
28/01/25 09:45;3,52
28/01/25 10:00;2
28/01/25 10:15;2
28/01/25 10:30;2
28/01/25 10:45;2
28/01/25 11:00;0,65
28/01/25 11:15;0,65
28/01/25 11:30;0,65
28/01/25 11:45;0,65
28/01/25 12:00;0,65
28/01/25 12:15;0,65
28/01/25 12:30;0,65
28/01/25 12:45;0,65
28/01/25 13:00;0,65
28/01/25 13:15;0,65
28/01/25 13:30;0,65
28/01/25 13:45;0,65
28/01/25 14:00;0,65
28/01/25 14:15;0,65
28/01/25 14:30;0,65
28/01/25 14:45;0,65
28/01/25 15:00;3,52
28/01/25 15:15;3,52
28/01/25 15:30;3,52
28/01/25 15:45;3,52
28/01/25 16:00;14
28/01/25 16:15;14
28/01/25 16:30;14
28/01/25 16:45;14
28/01/25 17:00;51,32
28/01/25 17:15;51,32
28/01/25 17:30;51,32
28/01/25 17:45;51,32
28/01/25 18:00;69,5
28/01/25 18:15;69,5
28/01/25 18:30;69,5
28/01/25 18:45;69,5
28/01/25 19:00;60
28/01/25 19:15;60
28/01/25 19:30;60
28/01/25 19:45;60
28/01/25 20:00;48,03
28/01/25 20:15;48,03
28/01/25 20:30;48,03
28/01/25 20:45;48,03
28/01/25 21:00;34,22
28/01/25 21:15;34,22
28/01/25 21:30;34,22
28/01/25 21:45;34,22
28/01/25 22:00;26,28
28/01/25 22:15;26,28
28/01/25 22:30;26,28
28/01/25 22:45;26,28
28/01/25 23:00;17,47
28/01/25 23:15;17,47
28/01/25 23:30;17,47
28/01/25 23:45;17,47
29/01/25 00:00;7,4
29/01/25 00:15;7,4
29/01/25 00:30;7,4
29/01/25 00:45;7,4
29/01/25 01:00;3,52
29/01/25 01:15;3,52
29/01/25 01:30;3,52
29/01/25 01:45;3,52
29/01/25 02:00;3,52
29/01/25 02:15;3,52
29/01/25 02:30;3,52
29/01/25 02:45;3,52
29/01/25 03:00;3,52
29/01/25 03:15;3,52
29/01/25 03:30;3,52
29/01/25 03:45;3,52
29/01/25 04:00;3,52
29/01/25 04:15;3,52
29/01/25 04:30;3,52
29/01/25 04:45;3,52
29/01/25 05:00;38,16
29/01/25 05:15;38,16
29/01/25 05:30;38,16
29/01/25 05:45;38,16
29/01/25 06:00;67,11
29/01/25 06:15;67,11
29/01/25 06:30;67,11
29/01/25 06:45;67,11
29/01/25 07:00;77,51
29/01/25 07:15;77,51
29/01/25 07:30;77,51
29/01/25 07:45;77,51
29/01/25 08:00;69,2
29/01/25 08:15;69,2
29/01/25 08:30;69,2
29/01/25 08:45;69,2
29/01/25 09:00;45
29/01/25 09:15;45
29/01/25 09:30;45
29/01/25 09:45;45
29/01/25 10:00;46,02
29/01/25 10:15;46,02
29/01/25 10:30;46,02
29/01/25 10:45;46,02
29/01/25 11:00;29,9
29/01/25 11:15;29,9
29/01/25 11:30;29,9
29/01/25 11:45;29,9
29/01/25 12:00;10,21
29/01/25 12:15;10,21
29/01/25 12:30;10,21
29/01/25 12:45;10,21
29/01/25 13:00;9,23
29/01/25 13:15;9,23
29/01/25 13:30;9,23
29/01/25 13:45;9,23
29/01/25 14:00;12,18
29/01/25 14:15;12,18
29/01/25 14:30;12,18
29/01/25 14:45;12,18
29/01/25 15:00;36,66
29/01/25 15:15;36,66
29/01/25 15:30;36,66
29/01/25 15:45;36,66
29/01/25 16:00;50,1
29/01/25 16:15;50,1
29/01/25 16:30;50,1
29/01/25 16:45;50,1
29/01/25 17:00;83,06
29/01/25 17:15;83,06
29/01/25 17:30;83,06
29/01/25 17:45;83,06
29/01/25 18:00;119,41
29/01/25 18:15;119,41
29/01/25 18:30;119,41
29/01/25 18:45;119,41
29/01/25 19:00;133,85
29/01/25 19:15;133,85
29/01/25 19:30;133,85
29/01/25 19:45;133,85
29/01/25 20:00;118,57
29/01/25 20:15;118,57
29/01/25 20:30;118,57
29/01/25 20:45;118,57
29/01/25 21:00;94,67
29/01/25 21:15;94,67
29/01/25 21:30;94,67
29/01/25 21:45;94,67
29/01/25 22:00;51,08
29/01/25 22:15;51,08
29/01/25 22:30;51,08
29/01/25 22:45;51,08
29/01/25 23:00;60,08
29/01/25 23:15;60,08
29/01/25 23:30;60,08
29/01/25 23:45;60,08
30/01/25 00:00;45,7
30/01/25 00:15;45,7
30/01/25 00:30;45,7
30/01/25 00:45;45,7
30/01/25 01:00;38,34
30/01/25 01:15;38,34
30/01/25 01:30;38,34
30/01/25 01:45;38,34
30/01/25 02:00;14
30/01/25 02:15;14
30/01/25 02:30;14
30/01/25 02:45;14
30/01/25 03:00;7,44
30/01/25 03:15;7,44
30/01/25 03:30;7,44
30/01/25 03:45;7,44
30/01/25 04:00;7,4
30/01/25 04:15;7,4
30/01/25 04:30;7,4
30/01/25 04:45;7,4
30/01/25 05:00;38,34
30/01/25 05:15;38,34
30/01/25 05:30;38,34
30/01/25 05:45;38,34
30/01/25 06:00;60,3
30/01/25 06:15;60,3
30/01/25 06:30;60,3
30/01/25 06:45;60,3
30/01/25 07:00;90,35
30/01/25 07:15;90,35
30/01/25 07:30;90,35
30/01/25 07:45;90,35
30/01/25 08:00;50,24
30/01/25 08:15;50,24
30/01/25 08:30;50,24
30/01/25 08:45;50,24
30/01/25 09:00;5
30/01/25 09:15;5
30/01/25 09:30;5
30/01/25 09:45;5
30/01/25 10:00;2,4
30/01/25 10:15;2,4
30/01/25 10:30;2,4
30/01/25 10:45;2,4
30/01/25 11:00;0,1
30/01/25 11:15;0,1
30/01/25 11:30;0,1
30/01/25 11:45;0,1
30/01/25 12:00;0,01
30/01/25 12:15;0,01
30/01/25 12:30;0,01
30/01/25 12:45;0,01
30/01/25 13:00;0
30/01/25 13:15;0
30/01/25 13:30;0
30/01/25 13:45;0
30/01/25 14:00;0,13
30/01/25 14:15;0,13
30/01/25 14:30;0,13
30/01/25 14:45;0,13
30/01/25 15:00;3,52
30/01/25 15:15;3,52
30/01/25 15:30;3,52
30/01/25 15:45;3,52
30/01/25 16:00;25,17
30/01/25 16:15;25,17
30/01/25 16:30;25,17
30/01/25 16:45;25,17
30/01/25 17:00;80,3
30/01/25 17:15;80,3
30/01/25 17:30;80,3
30/01/25 17:45;80,3
30/01/25 18:00;91,66
30/01/25 18:15;91,66
30/01/25 18:30;91,66
30/01/25 18:45;91,66
30/01/25 19:00;114
30/01/25 19:15;114
30/01/25 19:30;114
30/01/25 19:45;114
30/01/25 20:00;108,04
30/01/25 20:15;108,04
30/01/25 20:30;108,04
30/01/25 20:45;108,04
30/01/25 21:00;96,02
30/01/25 21:15;96,02
30/01/25 21:30;96,02
30/01/25 21:45;96,02
30/01/25 22:00;79
30/01/25 22:15;79
30/01/25 22:30;79
30/01/25 22:45;79
30/01/25 23:00;61
30/01/25 23:15;61
30/01/25 23:30;61
30/01/25 23:45;61
31/01/25 00:00;70,47
31/01/25 00:15;70,47
31/01/25 00:30;70,47
31/01/25 00:45;70,47
31/01/25 01:00;70,21
31/01/25 01:15;70,21
31/01/25 01:30;70,21
31/01/25 01:45;70,21
31/01/25 02:00;70,34
31/01/25 02:15;70,34
31/01/25 02:30;70,34
31/01/25 02:45;70,34
31/01/25 03:00;70,47
31/01/25 03:15;70,47
31/01/25 03:30;70,47
31/01/25 03:45;70,47
31/01/25 04:00;84
31/01/25 04:15;84
31/01/25 04:30;84
31/01/25 04:45;84
31/01/25 05:00;92,85
31/01/25 05:15;92,85
31/01/25 05:30;92,85
31/01/25 05:45;92,85
31/01/25 06:00;118,86
31/01/25 06:15;118,86
31/01/25 06:30;118,86
31/01/25 06:45;118,86
31/01/25 07:00;150
31/01/25 07:15;150
31/01/25 07:30;150
31/01/25 07:45;150
31/01/25 08:00;100
31/01/25 08:15;100
31/01/25 08:30;100
31/01/25 08:45;100
31/01/25 09:00;70,21
31/01/25 09:15;70,21
31/01/25 09:30;70,21
31/01/25 09:45;70,21
31/01/25 10:00;45,3
31/01/25 10:15;45,3
31/01/25 10:30;45,3
31/01/25 10:45;45,3
31/01/25 11:00;44,12
31/01/25 11:15;44,12
31/01/25 11:30;44,12
31/01/25 11:45;44,12
31/01/25 12:00;44,97
31/01/25 12:15;44,97
31/01/25 12:30;44,97
31/01/25 12:45;44,97
31/01/25 13:00;39
31/01/25 13:15;39
31/01/25 13:30;39
31/01/25 13:45;39
31/01/25 14:00;45,19
31/01/25 14:15;45,19
31/01/25 14:30;45,19
31/01/25 14:45;45,19
31/01/25 15:00;65
31/01/25 15:15;65
31/01/25 15:30;65
31/01/25 15:45;65
31/01/25 16:00;114,89
31/01/25 16:15;114,89
31/01/25 16:30;114,89
31/01/25 16:45;114,89
31/01/25 17:00;184,48
31/01/25 17:15;184,48
31/01/25 17:30;184,48
31/01/25 17:45;184,48
31/01/25 18:00;178,99
31/01/25 18:15;178,99
31/01/25 18:30;178,99
31/01/25 18:45;178,99
31/01/25 19:00;162,66
31/01/25 19:15;162,66
31/01/25 19:30;162,66
31/01/25 19:45;162,66
31/01/25 20:00;152,7
31/01/25 20:15;152,7
31/01/25 20:30;152,7
31/01/25 20:45;152,7
31/01/25 21:00;145,02
31/01/25 21:15;145,02
31/01/25 21:30;145,02
31/01/25 21:45;145,02
31/01/25 22:00;131,29
31/01/25 22:15;131,29
31/01/25 22:30;131,29
31/01/25 22:45;131,29
31/01/25 23:00;137,18
31/01/25 23:15;137,18
31/01/25 23:30;137,18
31/01/25 23:45;137,18
01/02/25 00:00;129,61
01/02/25 00:15;129,61
01/02/25 00:30;129,61
01/02/25 00:45;129,61
01/02/25 01:00;124,38
01/02/25 01:15;124,38
01/02/25 01:30;124,38
01/02/25 01:45;124,38
01/02/25 02:00;116,96
01/02/25 02:15;116,96
01/02/25 02:30;116,96
01/02/25 02:45;116,96
01/02/25 03:00;104,73
01/02/25 03:15;104,73
01/02/25 03:30;104,73
01/02/25 03:45;104,73
01/02/25 04:00;108,17
01/02/25 04:15;108,17
01/02/25 04:30;108,17
01/02/25 04:45;108,17
01/02/25 05:00;107,49
01/02/25 05:15;107,49
01/02/25 05:30;107,49
01/02/25 05:45;107,49
01/02/25 06:00;100,85
01/02/25 06:15;100,85
01/02/25 06:30;100,85
01/02/25 06:45;100,85
01/02/25 07:00;115,28
01/02/25 07:15;115,28
01/02/25 07:30;115,28
01/02/25 07:45;115,28
01/02/25 08:00;109,93
01/02/25 08:15;109,93
01/02/25 08:30;109,93
01/02/25 08:45;109,93
01/02/25 09:00;65,27
01/02/25 09:15;65,27
01/02/25 09:30;65,27
01/02/25 09:45;65,27
01/02/25 10:00;20,1
01/02/25 10:15;20,1
01/02/25 10:30;20,1
01/02/25 10:45;20,1
01/02/25 11:00;5,3
01/02/25 11:15;5,3
01/02/25 11:30;5,3
01/02/25 11:45;5,3
01/02/25 12:00;5,2
01/02/25 12:15;5,2
01/02/25 12:30;5,2
01/02/25 12:45;5,2
01/02/25 13:00;5,06
01/02/25 13:15;5,06
01/02/25 13:30;5,06
01/02/25 13:45;5,06
01/02/25 14:00;5,2
01/02/25 14:15;5,2
01/02/25 14:30;5,2
01/02/25 14:45;5,2
01/02/25 15:00;41,88
01/02/25 15:15;41,88
01/02/25 15:30;41,88
01/02/25 15:45;41,88
01/02/25 16:00;105
01/02/25 16:15;105
01/02/25 16:30;105
01/02/25 16:45;105
01/02/25 17:00;140,34
01/02/25 17:15;140,34
01/02/25 17:30;140,34
01/02/25 17:45;140,34
01/02/25 18:00;162,98
01/02/25 18:15;162,98
01/02/25 18:30;162,98
01/02/25 18:45;162,98
01/02/25 19:00;156,6
01/02/25 19:15;156,6
01/02/25 19:30;156,6
01/02/25 19:45;156,6
01/02/25 20:00;145,24
01/02/25 20:15;145,24
01/02/25 20:30;145,24
01/02/25 20:45;145,24
01/02/25 21:00;141,73
01/02/25 21:15;141,73
01/02/25 21:30;141,73
01/02/25 21:45;141,73
01/02/25 22:00;131,74
01/02/25 22:15;131,74
01/02/25 22:30;131,74
01/02/25 22:45;131,74
01/02/25 23:00;133,26
01/02/25 23:15;133,26
01/02/25 23:30;133,26
01/02/25 23:45;133,26
02/02/25 00:00;126,91
02/02/25 00:15;126,91
02/02/25 00:30;126,91
02/02/25 00:45;126,91
02/02/25 01:00;116,91
02/02/25 01:15;116,91
02/02/25 01:30;116,91
02/02/25 01:45;116,91
02/02/25 02:00;113,64
02/02/25 02:15;113,64
02/02/25 02:30;113,64
02/02/25 02:45;113,64
02/02/25 03:00;108
02/02/25 03:15;108
02/02/25 03:30;108
02/02/25 03:45;108
02/02/25 04:00;116,91
02/02/25 04:15;116,91
02/02/25 04:30;116,91
02/02/25 04:45;116,91
02/02/25 05:00;113,5
02/02/25 05:15;113,5
02/02/25 05:30;113,5
02/02/25 05:45;113,5
02/02/25 06:00;120,42
02/02/25 06:15;120,42
02/02/25 06:30;120,42
02/02/25 06:45;120,42
02/02/25 07:00;133,56
02/02/25 07:15;133,56
02/02/25 07:30;133,56
02/02/25 07:45;133,56
02/02/25 08:00;133,38
02/02/25 08:15;133,38
02/02/25 08:30;133,38
02/02/25 08:45;133,38
02/02/25 09:00;121,75
02/02/25 09:15;121,75
02/02/25 09:30;121,75
02/02/25 09:45;121,75
02/02/25 10:00;100,08
02/02/25 10:15;100,08
02/02/25 10:30;100,08
02/02/25 10:45;100,08
02/02/25 11:00;92,88
02/02/25 11:15;92,88
02/02/25 11:30;92,88
02/02/25 11:45;92,88
02/02/25 12:00;95
02/02/25 12:15;95
02/02/25 12:30;95
02/02/25 12:45;95
02/02/25 13:00;95
02/02/25 13:15;95
02/02/25 13:30;95
02/02/25 13:45;95
02/02/25 14:00;99,45
02/02/25 14:15;99,45
02/02/25 14:30;99,45
02/02/25 14:45;99,45
02/02/25 15:00;101,26
02/02/25 15:15;101,26
02/02/25 15:30;101,26
02/02/25 15:45;101,26
02/02/25 16:00;130,78
02/02/25 16:15;130,78
02/02/25 16:30;130,78
02/02/25 16:45;130,78
02/02/25 17:00;164,14
02/02/25 17:15;164,14
02/02/25 17:30;164,14
02/02/25 17:45;164,14
02/02/25 18:00;173,95
02/02/25 18:15;173,95
02/02/25 18:30;173,95
02/02/25 18:45;173,95
02/02/25 19:00;165,5
02/02/25 19:15;165,5
02/02/25 19:30;165,5
02/02/25 19:45;165,5
02/02/25 20:00;155,77
02/02/25 20:15;155,77
02/02/25 20:30;155,77
02/02/25 20:45;155,77
02/02/25 21:00;148,44
02/02/25 21:15;148,44
02/02/25 21:30;148,44
02/02/25 21:45;148,44
02/02/25 22:00;133,24
02/02/25 22:15;133,24
02/02/25 22:30;133,24
02/02/25 22:45;133,24
02/02/25 23:00;116,41
02/02/25 23:15;116,41
02/02/25 23:30;116,41
02/02/25 23:45;116,41
03/02/25 00:00;102,53
03/02/25 00:15;102,53
03/02/25 00:30;102,53
03/02/25 00:45;102,53
03/02/25 01:00;102,19
03/02/25 01:15;102,19
03/02/25 01:30;102,19
03/02/25 01:45;102,19
03/02/25 02:00;102,53
03/02/25 02:15;102,53
03/02/25 02:30;102,53
03/02/25 02:45;102,53
03/02/25 03:00;102,45
03/02/25 03:15;102,45
03/02/25 03:30;102,45
03/02/25 03:45;102,45
03/02/25 04:00;106,87
03/02/25 04:15;106,87
03/02/25 04:30;106,87
03/02/25 04:45;106,87
03/02/25 05:00;102,19
03/02/25 05:15;102,19
03/02/25 05:30;102,19
03/02/25 05:45;102,19
03/02/25 06:00;133,58
03/02/25 06:15;133,58
03/02/25 06:30;133,58
03/02/25 06:45;133,58
03/02/25 07:00;162,4
03/02/25 07:15;162,4
03/02/25 07:30;162,4
03/02/25 07:45;162,4
03/02/25 08:00;145,1
03/02/25 08:15;145,1
03/02/25 08:30;145,1
03/02/25 08:45;145,1
03/02/25 09:00;111
03/02/25 09:15;111
03/02/25 09:30;111
03/02/25 09:45;111
03/02/25 10:00;102,6
03/02/25 10:15;102,6
03/02/25 10:30;102,6
03/02/25 10:45;102,6
03/02/25 11:00;102,49
03/02/25 11:15;102,49
03/02/25 11:30;102,49
03/02/25 11:45;102,49
03/02/25 12:00;102,45
03/02/25 12:15;102,45
03/02/25 12:30;102,45
03/02/25 12:45;102,45
03/02/25 13:00;102,45
03/02/25 13:15;102,45
03/02/25 13:30;102,45
03/02/25 13:45;102,45
03/02/25 14:00;112
03/02/25 14:15;112
03/02/25 14:30;112
03/02/25 14:45;112
03/02/25 15:00;123,52
03/02/25 15:15;123,52
03/02/25 15:30;123,52
03/02/25 15:45;123,52
03/02/25 16:00;145,05
03/02/25 16:15;145,05
03/02/25 16:30;145,05
03/02/25 16:45;145,05
03/02/25 17:00;200,73
03/02/25 17:15;200,73
03/02/25 17:30;200,73
03/02/25 17:45;200,73
03/02/25 18:00;201,1
03/02/25 18:15;201,1
03/02/25 18:30;201,1
03/02/25 18:45;201,1
03/02/25 19:00;227,51
03/02/25 19:15;227,51
03/02/25 19:30;227,51
03/02/25 19:45;227,51
03/02/25 20:00;186
03/02/25 20:15;186
03/02/25 20:30;186
03/02/25 20:45;186
03/02/25 21:00;150,92
03/02/25 21:15;150,92
03/02/25 21:30;150,92
03/02/25 21:45;150,92
03/02/25 22:00;135,81
03/02/25 22:15;135,81
03/02/25 22:30;135,81
03/02/25 22:45;135,81
03/02/25 23:00;132,4
03/02/25 23:15;132,4
03/02/25 23:30;132,4
03/02/25 23:45;132,4
04/02/25 00:00;125,54
04/02/25 00:15;125,54
04/02/25 00:30;125,54
04/02/25 00:45;125,54
04/02/25 01:00;123,18
04/02/25 01:15;123,18
04/02/25 01:30;123,18
04/02/25 01:45;123,18
04/02/25 02:00;123,99
04/02/25 02:15;123,99
04/02/25 02:30;123,99
04/02/25 02:45;123,99
04/02/25 03:00;123,25
04/02/25 03:15;123,25
04/02/25 03:30;123,25
04/02/25 03:45;123,25
04/02/25 04:00;127,63
04/02/25 04:15;127,63
04/02/25 04:30;127,63
04/02/25 04:45;127,63
04/02/25 05:00;146,18
04/02/25 05:15;146,18
04/02/25 05:30;146,18
04/02/25 05:45;146,18
04/02/25 06:00;187,5
04/02/25 06:15;187,5
04/02/25 06:30;187,5
04/02/25 06:45;187,5
04/02/25 07:00;211,99
04/02/25 07:15;211,99
04/02/25 07:30;211,99
04/02/25 07:45;211,99
04/02/25 08:00;162,11
04/02/25 08:15;162,11
04/02/25 08:30;162,11
04/02/25 08:45;162,11
04/02/25 09:00;133,32
04/02/25 09:15;133,32
04/02/25 09:30;133,32
04/02/25 09:45;133,32
04/02/25 10:00;113,99
04/02/25 10:15;113,99
04/02/25 10:30;113,99
04/02/25 10:45;113,99
04/02/25 11:00;103,77
04/02/25 11:15;103,77
04/02/25 11:30;103,77
04/02/25 11:45;103,77
04/02/25 12:00;102,5
04/02/25 12:15;102,5
04/02/25 12:30;102,5
04/02/25 12:45;102,5
04/02/25 13:00;100,39
04/02/25 13:15;100,39
04/02/25 13:30;100,39
04/02/25 13:45;100,39
04/02/25 14:00;100,52
04/02/25 14:15;100,52
04/02/25 14:30;100,52
04/02/25 14:45;100,52
04/02/25 15:00;106,5
04/02/25 15:15;106,5
04/02/25 15:30;106,5
04/02/25 15:45;106,5
04/02/25 16:00;134,32
04/02/25 16:15;134,32
04/02/25 16:30;134,32
04/02/25 16:45;134,32
04/02/25 17:00;175
04/02/25 17:15;175
04/02/25 17:30;175
04/02/25 17:45;175
04/02/25 18:00;216,38
04/02/25 18:15;216,38
04/02/25 18:30;216,38
04/02/25 18:45;216,38
04/02/25 19:00;240
04/02/25 19:15;240
04/02/25 19:30;240
04/02/25 19:45;240
04/02/25 20:00;164,07
04/02/25 20:15;164,07
04/02/25 20:30;164,07
04/02/25 20:45;164,07
04/02/25 21:00;146,18
04/02/25 21:15;146,18
04/02/25 21:30;146,18
04/02/25 21:45;146,18
04/02/25 22:00;140,56
04/02/25 22:15;140,56
04/02/25 22:30;140,56
04/02/25 22:45;140,56
04/02/25 23:00;128,44
04/02/25 23:15;128,44
04/02/25 23:30;128,44
04/02/25 23:45;128,44
05/02/25 00:00;119,39
05/02/25 00:15;119,39
05/02/25 00:30;119,39
05/02/25 00:45;119,39
05/02/25 01:00;116,59
05/02/25 01:15;116,59
05/02/25 01:30;116,59
05/02/25 01:45;116,59
05/02/25 02:00;115,64
05/02/25 02:15;115,64
05/02/25 02:30;115,64
05/02/25 02:45;115,64
05/02/25 03:00;117,33
05/02/25 03:15;117,33
05/02/25 03:30;117,33
05/02/25 03:45;117,33
05/02/25 04:00;123,05
05/02/25 04:15;123,05
05/02/25 04:30;123,05
05/02/25 04:45;123,05
05/02/25 05:00;140,34
05/02/25 05:15;140,34
05/02/25 05:30;140,34
05/02/25 05:45;140,34
05/02/25 06:00;168,48
05/02/25 06:15;168,48
05/02/25 06:30;168,48
05/02/25 06:45;168,48
05/02/25 07:00;180,81
05/02/25 07:15;180,81
05/02/25 07:30;180,81
05/02/25 07:45;180,81
05/02/25 08:00;146,13
05/02/25 08:15;146,13
05/02/25 08:30;146,13
05/02/25 08:45;146,13
05/02/25 09:00;100,21
05/02/25 09:15;100,21
05/02/25 09:30;100,21
05/02/25 09:45;100,21
05/02/25 10:00;48
05/02/25 10:15;48
05/02/25 10:30;48
05/02/25 10:45;48
05/02/25 11:00;30,3
05/02/25 11:15;30,3
05/02/25 11:30;30,3
05/02/25 11:45;30,3
05/02/25 12:00;35,2
05/02/25 12:15;35,2
05/02/25 12:30;35,2
05/02/25 12:45;35,2
05/02/25 13:00;30
05/02/25 13:15;30
05/02/25 13:30;30
05/02/25 13:45;30
05/02/25 14:00;40
05/02/25 14:15;40
05/02/25 14:30;40
05/02/25 14:45;40
05/02/25 15:00;69,99
05/02/25 15:15;69,99
05/02/25 15:30;69,99
05/02/25 15:45;69,99
05/02/25 16:00;124,71
05/02/25 16:15;124,71
05/02/25 16:30;124,71
05/02/25 16:45;124,71
05/02/25 17:00;189,9
05/02/25 17:15;189,9
05/02/25 17:30;189,9
05/02/25 17:45;189,9
05/02/25 18:00;189,63
05/02/25 18:15;189,63
05/02/25 18:30;189,63
05/02/25 18:45;189,63
05/02/25 19:00;170
05/02/25 19:15;170
05/02/25 19:30;170
05/02/25 19:45;170
05/02/25 20:00;155,42
05/02/25 20:15;155,42
05/02/25 20:30;155,42
05/02/25 20:45;155,42
05/02/25 21:00;143,7
05/02/25 21:15;143,7
05/02/25 21:30;143,7
05/02/25 21:45;143,7
05/02/25 22:00;136,95
05/02/25 22:15;136,95
05/02/25 22:30;136,95
05/02/25 22:45;136,95
05/02/25 23:00;133,67
05/02/25 23:15;133,67
05/02/25 23:30;133,67
05/02/25 23:45;133,67
06/02/25 00:00;131,51
06/02/25 00:15;131,51
06/02/25 00:30;131,51
06/02/25 00:45;131,51
06/02/25 01:00;126,48
06/02/25 01:15;126,48
06/02/25 01:30;126,48
06/02/25 01:45;126,48
06/02/25 02:00;125,01
06/02/25 02:15;125,01
06/02/25 02:30;125,01
06/02/25 02:45;125,01
06/02/25 03:00;125,01
06/02/25 03:15;125,01
06/02/25 03:30;125,01
06/02/25 03:45;125,01
06/02/25 04:00;131,33
06/02/25 04:15;131,33
06/02/25 04:30;131,33
06/02/25 04:45;131,33
06/02/25 05:00;144,92
06/02/25 05:15;144,92
06/02/25 05:30;144,92
06/02/25 05:45;144,92
06/02/25 06:00;180,09
06/02/25 06:15;180,09
06/02/25 06:30;180,09
06/02/25 06:45;180,09
06/02/25 07:00;210,56
06/02/25 07:15;210,56
06/02/25 07:30;210,56
06/02/25 07:45;210,56
06/02/25 08:00;157,59
06/02/25 08:15;157,59
06/02/25 08:30;157,59
06/02/25 08:45;157,59
06/02/25 09:00;115,97
06/02/25 09:15;115,97
06/02/25 09:30;115,97
06/02/25 09:45;115,97
06/02/25 10:00;93,49
06/02/25 10:15;93,49
06/02/25 10:30;93,49
06/02/25 10:45;93,49
06/02/25 11:00;91,5
06/02/25 11:15;91,5
06/02/25 11:30;91,5
06/02/25 11:45;91,5
06/02/25 12:00;89,99
06/02/25 12:15;89,99
06/02/25 12:30;89,99
06/02/25 12:45;89,99
06/02/25 13:00;85,3
06/02/25 13:15;85,3
06/02/25 13:30;85,3
06/02/25 13:45;85,3
06/02/25 14:00;87
06/02/25 14:15;87
06/02/25 14:30;87
06/02/25 14:45;87
06/02/25 15:00;108,56
06/02/25 15:15;108,56
06/02/25 15:30;108,56
06/02/25 15:45;108,56
06/02/25 16:00;141,02
06/02/25 16:15;141,02
06/02/25 16:30;141,02
06/02/25 16:45;141,02
06/02/25 17:00;170,78
06/02/25 17:15;170,78
06/02/25 17:30;170,78
06/02/25 17:45;170,78
06/02/25 18:00;191,81
06/02/25 18:15;191,81
06/02/25 18:30;191,81
06/02/25 18:45;191,81
06/02/25 19:00;231
06/02/25 19:15;231
06/02/25 19:30;231
06/02/25 19:45;231
06/02/25 20:00;163
06/02/25 20:15;163
06/02/25 20:30;163
06/02/25 20:45;163
06/02/25 21:00;149,86
06/02/25 21:15;149,86
06/02/25 21:30;149,86
06/02/25 21:45;149,86
06/02/25 22:00;141,02
06/02/25 22:15;141,02
06/02/25 22:30;141,02
06/02/25 22:45;141,02
06/02/25 23:00;126,05
06/02/25 23:15;126,05
06/02/25 23:30;126,05
06/02/25 23:45;126,05
07/02/25 00:00;112,7
07/02/25 00:15;112,7
07/02/25 00:30;112,7
07/02/25 00:45;112,7
07/02/25 01:00;108,82
07/02/25 01:15;108,82
07/02/25 01:30;108,82
07/02/25 01:45;108,82
07/02/25 02:00;105
07/02/25 02:15;105
07/02/25 02:30;105
07/02/25 02:45;105
07/02/25 03:00;105,85
07/02/25 03:15;105,85
07/02/25 03:30;105,85
07/02/25 03:45;105,85
07/02/25 04:00;107,23
07/02/25 04:15;107,23
07/02/25 04:30;107,23
07/02/25 04:45;107,23
07/02/25 05:00;118,01
07/02/25 05:15;118,01
07/02/25 05:30;118,01
07/02/25 05:45;118,01
07/02/25 06:00;132,77
07/02/25 06:15;132,77
07/02/25 06:30;132,77
07/02/25 06:45;132,77
07/02/25 07:00;151,34
07/02/25 07:15;151,34
07/02/25 07:30;151,34
07/02/25 07:45;151,34
07/02/25 08:00;143,28
07/02/25 08:15;143,28
07/02/25 08:30;143,28
07/02/25 08:45;143,28
07/02/25 09:00;107
07/02/25 09:15;107
07/02/25 09:30;107
07/02/25 09:45;107
07/02/25 10:00;99
07/02/25 10:15;99
07/02/25 10:30;99
07/02/25 10:45;99
07/02/25 11:00;93,49
07/02/25 11:15;93,49
07/02/25 11:30;93,49
07/02/25 11:45;93,49
07/02/25 12:00;90,34
07/02/25 12:15;90,34
07/02/25 12:30;90,34
07/02/25 12:45;90,34
07/02/25 13:00;87,89
07/02/25 13:15;87,89
07/02/25 13:30;87,89
07/02/25 13:45;87,89
07/02/25 14:00;90,34
07/02/25 14:15;90,34
07/02/25 14:30;90,34
07/02/25 14:45;90,34
07/02/25 15:00;91
07/02/25 15:15;91
07/02/25 15:30;91
07/02/25 15:45;91
07/02/25 16:00;107,94
07/02/25 16:15;107,94
07/02/25 16:30;107,94
07/02/25 16:45;107,94
07/02/25 17:00;141,26
07/02/25 17:15;141,26
07/02/25 17:30;141,26
07/02/25 17:45;141,26
07/02/25 18:00;150,93
07/02/25 18:15;150,93
07/02/25 18:30;150,93
07/02/25 18:45;150,93
07/02/25 19:00;145,36
07/02/25 19:15;145,36
07/02/25 19:30;145,36
07/02/25 19:45;145,36
07/02/25 20:00;133,8
07/02/25 20:15;133,8
07/02/25 20:30;133,8
07/02/25 20:45;133,8
07/02/25 21:00;133,06
07/02/25 21:15;133,06
07/02/25 21:30;133,06
07/02/25 21:45;133,06
07/02/25 22:00;120,55
07/02/25 22:15;120,55
07/02/25 22:30;120,55
07/02/25 22:45;120,55
07/02/25 23:00;106,74
07/02/25 23:15;106,74
07/02/25 23:30;106,74
07/02/25 23:45;106,74
08/02/25 00:00;97,67
08/02/25 00:15;97,67
08/02/25 00:30;97,67
08/02/25 00:45;97,67
08/02/25 01:00;89,5
08/02/25 01:15;89,5
08/02/25 01:30;89,5
08/02/25 01:45;89,5
08/02/25 02:00;94,34
08/02/25 02:15;94,34
08/02/25 02:30;94,34
08/02/25 02:45;94,34
08/02/25 03:00;89,69
08/02/25 03:15;89,69
08/02/25 03:30;89,69
08/02/25 03:45;89,69
08/02/25 04:00;90,99
08/02/25 04:15;90,99
08/02/25 04:30;90,99
08/02/25 04:45;90,99
08/02/25 05:00;97,15
08/02/25 05:15;97,15
08/02/25 05:30;97,15
08/02/25 05:45;97,15
08/02/25 06:00;115
08/02/25 06:15;115
08/02/25 06:30;115
08/02/25 06:45;115
08/02/25 07:00;119,08
08/02/25 07:15;119,08
08/02/25 07:30;119,08
08/02/25 07:45;119,08
08/02/25 08:00;108
08/02/25 08:15;108
08/02/25 08:30;108
08/02/25 08:45;108
08/02/25 09:00;82
08/02/25 09:15;82
08/02/25 09:30;82
08/02/25 09:45;82
08/02/25 10:00;93,49
08/02/25 10:15;93,49
08/02/25 10:30;93,49
08/02/25 10:45;93,49
08/02/25 11:00;64
08/02/25 11:15;64
08/02/25 11:30;64
08/02/25 11:45;64
08/02/25 12:00;55
08/02/25 12:15;55
08/02/25 12:30;55
08/02/25 12:45;55
08/02/25 13:00;50
08/02/25 13:15;50
08/02/25 13:30;50
08/02/25 13:45;50
08/02/25 14:00;45,04
08/02/25 14:15;45,04
08/02/25 14:30;45,04
08/02/25 14:45;45,04
08/02/25 15:00;68,71
08/02/25 15:15;68,71
08/02/25 15:30;68,71
08/02/25 15:45;68,71
08/02/25 16:00;119
08/02/25 16:15;119
08/02/25 16:30;119
08/02/25 16:45;119
08/02/25 17:00;160,49
08/02/25 17:15;160,49
08/02/25 17:30;160,49
08/02/25 17:45;160,49
08/02/25 18:00;166,9
08/02/25 18:15;166,9
08/02/25 18:30;166,9
08/02/25 18:45;166,9
08/02/25 19:00;164,04
08/02/25 19:15;164,04
08/02/25 19:30;164,04
08/02/25 19:45;164,04
08/02/25 20:00;151,09
08/02/25 20:15;151,09
08/02/25 20:30;151,09
08/02/25 20:45;151,09
08/02/25 21:00;149,1
08/02/25 21:15;149,1
08/02/25 21:30;149,1
08/02/25 21:45;149,1
08/02/25 22:00;145,31
08/02/25 22:15;145,31
08/02/25 22:30;145,31
08/02/25 22:45;145,31
08/02/25 23:00;129,97
08/02/25 23:15;129,97
08/02/25 23:30;129,97
08/02/25 23:45;129,97
09/02/25 00:00;110,82
09/02/25 00:15;110,82
09/02/25 00:30;110,82
09/02/25 00:45;110,82
09/02/25 01:00;101,86
09/02/25 01:15;101,86
09/02/25 01:30;101,86
09/02/25 01:45;101,86
09/02/25 02:00;97
09/02/25 02:15;97
09/02/25 02:30;97
09/02/25 02:45;97
09/02/25 03:00;90
09/02/25 03:15;90
09/02/25 03:30;90
09/02/25 03:45;90
09/02/25 04:00;90,2
09/02/25 04:15;90,2
09/02/25 04:30;90,2
09/02/25 04:45;90,2
09/02/25 05:00;99
09/02/25 05:15;99
09/02/25 05:30;99
09/02/25 05:45;99
09/02/25 06:00;110,21
09/02/25 06:15;110,21
09/02/25 06:30;110,21
09/02/25 06:45;110,21
09/02/25 07:00;110,47
09/02/25 07:15;110,47
09/02/25 07:30;110,47
09/02/25 07:45;110,47
09/02/25 08:00;94,47
09/02/25 08:15;94,47
09/02/25 08:30;94,47
09/02/25 08:45;94,47
09/02/25 09:00;74,85
09/02/25 09:15;74,85
09/02/25 09:30;74,85
09/02/25 09:45;74,85
09/02/25 10:00;66,7
09/02/25 10:15;66,7
09/02/25 10:30;66,7
09/02/25 10:45;66,7
09/02/25 11:00;64
09/02/25 11:15;64
09/02/25 11:30;64
09/02/25 11:45;64
09/02/25 12:00;70
09/02/25 12:15;70
09/02/25 12:30;70
09/02/25 12:45;70
09/02/25 13:00;70
09/02/25 13:15;70
09/02/25 13:30;70
09/02/25 13:45;70
09/02/25 14:00;70
09/02/25 14:15;70
09/02/25 14:30;70
09/02/25 14:45;70
09/02/25 15:00;94,31
09/02/25 15:15;94,31
09/02/25 15:30;94,31
09/02/25 15:45;94,31
09/02/25 16:00;111,14
09/02/25 16:15;111,14
09/02/25 16:30;111,14
09/02/25 16:45;111,14
09/02/25 17:00;162,96
09/02/25 17:15;162,96
09/02/25 17:30;162,96
09/02/25 17:45;162,96
09/02/25 18:00;169,86
09/02/25 18:15;169,86
09/02/25 18:30;169,86
09/02/25 18:45;169,86
09/02/25 19:00;187,99
09/02/25 19:15;187,99
09/02/25 19:30;187,99
09/02/25 19:45;187,99
09/02/25 20:00;170,14
09/02/25 20:15;170,14
09/02/25 20:30;170,14
09/02/25 20:45;170,14
09/02/25 21:00;150,3
09/02/25 21:15;150,3
09/02/25 21:30;150,3
09/02/25 21:45;150,3
09/02/25 22:00;134,04
09/02/25 22:15;134,04
09/02/25 22:30;134,04
09/02/25 22:45;134,04
09/02/25 23:00;124,35
09/02/25 23:15;124,35
09/02/25 23:30;124,35
09/02/25 23:45;124,35
10/02/25 00:00;125,05
10/02/25 00:15;125,05
10/02/25 00:30;125,05
10/02/25 00:45;125,05
10/02/25 01:00;122,01
10/02/25 01:15;122,01
10/02/25 01:30;122,01
10/02/25 01:45;122,01
10/02/25 02:00;114,75
10/02/25 02:15;114,75
10/02/25 02:30;114,75
10/02/25 02:45;114,75
10/02/25 03:00;114,48
10/02/25 03:15;114,48
10/02/25 03:30;114,48
10/02/25 03:45;114,48
10/02/25 04:00;119,98
10/02/25 04:15;119,98
10/02/25 04:30;119,98
10/02/25 04:45;119,98
10/02/25 05:00;145,78
10/02/25 05:15;145,78
10/02/25 05:30;145,78
10/02/25 05:45;145,78
10/02/25 06:00;160,89
10/02/25 06:15;160,89
10/02/25 06:30;160,89
10/02/25 06:45;160,89
10/02/25 07:00;181,36
10/02/25 07:15;181,36
10/02/25 07:30;181,36
10/02/25 07:45;181,36
10/02/25 08:00;163,18
10/02/25 08:15;163,18
10/02/25 08:30;163,18
10/02/25 08:45;163,18
10/02/25 09:00;146,02
10/02/25 09:15;146,02
10/02/25 09:30;146,02
10/02/25 09:45;146,02
10/02/25 10:00;117,44
10/02/25 10:15;117,44
10/02/25 10:30;117,44
10/02/25 10:45;117,44
10/02/25 11:00;115,61
10/02/25 11:15;115,61
10/02/25 11:30;115,61
10/02/25 11:45;115,61
10/02/25 12:00;116,52
10/02/25 12:15;116,52
10/02/25 12:30;116,52
10/02/25 12:45;116,52
10/02/25 13:00;112,5
10/02/25 13:15;112,5
10/02/25 13:30;112,5
10/02/25 13:45;112,5
10/02/25 14:00;116,8
10/02/25 14:15;116,8
10/02/25 14:30;116,8
10/02/25 14:45;116,8
10/02/25 15:00;116,79
10/02/25 15:15;116,79
10/02/25 15:30;116,79
10/02/25 15:45;116,79
10/02/25 16:00;140,83
10/02/25 16:15;140,83
10/02/25 16:30;140,83
10/02/25 16:45;140,83
10/02/25 17:00;166,34
10/02/25 17:15;166,34
10/02/25 17:30;166,34
10/02/25 17:45;166,34
10/02/25 18:00;183,73
10/02/25 18:15;183,73
10/02/25 18:30;183,73
10/02/25 18:45;183,73
10/02/25 19:00;200
10/02/25 19:15;200
10/02/25 19:30;200
10/02/25 19:45;200
10/02/25 20:00;160,89
10/02/25 20:15;160,89
10/02/25 20:30;160,89
10/02/25 20:45;160,89
10/02/25 21:00;151,69
10/02/25 21:15;151,69
10/02/25 21:30;151,69
10/02/25 21:45;151,69
10/02/25 22:00;131,51
10/02/25 22:15;131,51
10/02/25 22:30;131,51
10/02/25 22:45;131,51
10/02/25 23:00;120
10/02/25 23:15;120
10/02/25 23:30;120
10/02/25 23:45;120
11/02/25 00:00;120
11/02/25 00:15;120
11/02/25 00:30;120
11/02/25 00:45;120
11/02/25 01:00;114,65
11/02/25 01:15;114,65
11/02/25 01:30;114,65
11/02/25 01:45;114,65
11/02/25 02:00;109,91
11/02/25 02:15;109,91
11/02/25 02:30;109,91
11/02/25 02:45;109,91
11/02/25 03:00;106,01
11/02/25 03:15;106,01
11/02/25 03:30;106,01
11/02/25 03:45;106,01
11/02/25 04:00;107
11/02/25 04:15;107
11/02/25 04:30;107
11/02/25 04:45;107
11/02/25 05:00;120,13
11/02/25 05:15;120,13
11/02/25 05:30;120,13
11/02/25 05:45;120,13
11/02/25 06:00;133,51
11/02/25 06:15;133,51
11/02/25 06:30;133,51
11/02/25 06:45;133,51
11/02/25 07:00;159,06
11/02/25 07:15;159,06
11/02/25 07:30;159,06
11/02/25 07:45;159,06
11/02/25 08:00;146,54
11/02/25 08:15;146,54
11/02/25 08:30;146,54
11/02/25 08:45;146,54
11/02/25 09:00;120,62
11/02/25 09:15;120,62
11/02/25 09:30;120,62
11/02/25 09:45;120,62
11/02/25 10:00;120,62
11/02/25 10:15;120,62
11/02/25 10:30;120,62
11/02/25 10:45;120,62
11/02/25 11:00;109,99
11/02/25 11:15;109,99
11/02/25 11:30;109,99
11/02/25 11:45;109,99
11/02/25 12:00;107,5
11/02/25 12:15;107,5
11/02/25 12:30;107,5
11/02/25 12:45;107,5
11/02/25 13:00;110
11/02/25 13:15;110
11/02/25 13:30;110
11/02/25 13:45;110
11/02/25 14:00;111,7
11/02/25 14:15;111,7
11/02/25 14:30;111,7
11/02/25 14:45;111,7
11/02/25 15:00;120,62
11/02/25 15:15;120,62
11/02/25 15:30;120,62
11/02/25 15:45;120,62
11/02/25 16:00;146,54
11/02/25 16:15;146,54
11/02/25 16:30;146,54
11/02/25 16:45;146,54
11/02/25 17:00;174,57
11/02/25 17:15;174,57
11/02/25 17:30;174,57
11/02/25 17:45;174,57
11/02/25 18:00;190
11/02/25 18:15;190
11/02/25 18:30;190
11/02/25 18:45;190
11/02/25 19:00;194,5
11/02/25 19:15;194,5
11/02/25 19:30;194,5
11/02/25 19:45;194,5
11/02/25 20:00;158,02
11/02/25 20:15;158,02
11/02/25 20:30;158,02
11/02/25 20:45;158,02
11/02/25 21:00;146,38
11/02/25 21:15;146,38
11/02/25 21:30;146,38
11/02/25 21:45;146,38
11/02/25 22:00;130,58
11/02/25 22:15;130,58
11/02/25 22:30;130,58
11/02/25 22:45;130,58
11/02/25 23:00;121,06
11/02/25 23:15;121,06
11/02/25 23:30;121,06
11/02/25 23:45;121,06
12/02/25 00:00;110
12/02/25 00:15;110
12/02/25 00:30;110
12/02/25 00:45;110
12/02/25 01:00;105
12/02/25 01:15;105
12/02/25 01:30;105
12/02/25 01:45;105
12/02/25 02:00;107,35
12/02/25 02:15;107,35
12/02/25 02:30;107,35
12/02/25 02:45;107,35
12/02/25 03:00;104,5
12/02/25 03:15;104,5
12/02/25 03:30;104,5
12/02/25 03:45;104,5
12/02/25 04:00;108,56
12/02/25 04:15;108,56
12/02/25 04:30;108,56
12/02/25 04:45;108,56
12/02/25 05:00;115
12/02/25 05:15;115
12/02/25 05:30;115
12/02/25 05:45;115
12/02/25 06:00;157,55
12/02/25 06:15;157,55
12/02/25 06:30;157,55
12/02/25 06:45;157,55
12/02/25 07:00;180
12/02/25 07:15;180
12/02/25 07:30;180
12/02/25 07:45;180
12/02/25 08:00;148,82
12/02/25 08:15;148,82
12/02/25 08:30;148,82
12/02/25 08:45;148,82
12/02/25 09:00;107,35
12/02/25 09:15;107,35
12/02/25 09:30;107,35
12/02/25 09:45;107,35
12/02/25 10:00;82,5
12/02/25 10:15;82,5
12/02/25 10:30;82,5
12/02/25 10:45;82,5
12/02/25 11:00;70
12/02/25 11:15;70
12/02/25 11:30;70
12/02/25 11:45;70
12/02/25 12:00;78
12/02/25 12:15;78
12/02/25 12:30;78
12/02/25 12:45;78
12/02/25 13:00;63,74
12/02/25 13:15;63,74
12/02/25 13:30;63,74
12/02/25 13:45;63,74
12/02/25 14:00;62
12/02/25 14:15;62
12/02/25 14:30;62
12/02/25 14:45;62
12/02/25 15:00;81,5
12/02/25 15:15;81,5
12/02/25 15:30;81,5
12/02/25 15:45;81,5
12/02/25 16:00;104,37
12/02/25 16:15;104,37
12/02/25 16:30;104,37
12/02/25 16:45;104,37
12/02/25 17:00;148,34
12/02/25 17:15;148,34
12/02/25 17:30;148,34
12/02/25 17:45;148,34
12/02/25 18:00;194,44
12/02/25 18:15;194,44
12/02/25 18:30;194,44
12/02/25 18:45;194,44
12/02/25 19:00;177,52
12/02/25 19:15;177,52
12/02/25 19:30;177,52
12/02/25 19:45;177,52
12/02/25 20:00;157,55
12/02/25 20:15;157,55
12/02/25 20:30;157,55
12/02/25 20:45;157,55
12/02/25 21:00;152,08
12/02/25 21:15;152,08
12/02/25 21:30;152,08
12/02/25 21:45;152,08
12/02/25 22:00;139,41
12/02/25 22:15;139,41
12/02/25 22:30;139,41
12/02/25 22:45;139,41
12/02/25 23:00;129
12/02/25 23:15;129
12/02/25 23:30;129
12/02/25 23:45;129
13/02/25 00:00;121,06
13/02/25 00:15;121,06
13/02/25 00:30;121,06
13/02/25 00:45;121,06
13/02/25 01:00;126,09
13/02/25 01:15;126,09
13/02/25 01:30;126,09
13/02/25 01:45;126,09
13/02/25 02:00;118,59
13/02/25 02:15;118,59
13/02/25 02:30;118,59
13/02/25 02:45;118,59
13/02/25 03:00;114,3
13/02/25 03:15;114,3
13/02/25 03:30;114,3
13/02/25 03:45;114,3
13/02/25 04:00;105,67
13/02/25 04:15;105,67
13/02/25 04:30;105,67
13/02/25 04:45;105,67
13/02/25 05:00;131,34
13/02/25 05:15;131,34
13/02/25 05:30;131,34
13/02/25 05:45;131,34
13/02/25 06:00;160,05
13/02/25 06:15;160,05
13/02/25 06:30;160,05
13/02/25 06:45;160,05
13/02/25 07:00;195,2
13/02/25 07:15;195,2
13/02/25 07:30;195,2
13/02/25 07:45;195,2
13/02/25 08:00;148,5
13/02/25 08:15;148,5
13/02/25 08:30;148,5
13/02/25 08:45;148,5
13/02/25 09:00;100
13/02/25 09:15;100
13/02/25 09:30;100
13/02/25 09:45;100
13/02/25 10:00;92,24
13/02/25 10:15;92,24
13/02/25 10:30;92,24
13/02/25 10:45;92,24
13/02/25 11:00;90,86
13/02/25 11:15;90,86
13/02/25 11:30;90,86
13/02/25 11:45;90,86
13/02/25 12:00;83,5
13/02/25 12:15;83,5
13/02/25 12:30;83,5
13/02/25 12:45;83,5
13/02/25 13:00;80
13/02/25 13:15;80
13/02/25 13:30;80
13/02/25 13:45;80
13/02/25 14:00;83,5
13/02/25 14:15;83,5
13/02/25 14:30;83,5
13/02/25 14:45;83,5
13/02/25 15:00;92,5
13/02/25 15:15;92,5
13/02/25 15:30;92,5
13/02/25 15:45;92,5
13/02/25 16:00;127,5
13/02/25 16:15;127,5
13/02/25 16:30;127,5
13/02/25 16:45;127,5
13/02/25 17:00;186,96
13/02/25 17:15;186,96
13/02/25 17:30;186,96
13/02/25 17:45;186,96
13/02/25 18:00;196,52
13/02/25 18:15;196,52
13/02/25 18:30;196,52
13/02/25 18:45;196,52
13/02/25 19:00;200
13/02/25 19:15;200
13/02/25 19:30;200
13/02/25 19:45;200
13/02/25 20:00;168
13/02/25 20:15;168
13/02/25 20:30;168
13/02/25 20:45;168
13/02/25 21:00;153,12
13/02/25 21:15;153,12
13/02/25 21:30;153,12
13/02/25 21:45;153,12
13/02/25 22:00;139
13/02/25 22:15;139
13/02/25 22:30;139
13/02/25 22:45;139
13/02/25 23:00;128,76
13/02/25 23:15;128,76
13/02/25 23:30;128,76
13/02/25 23:45;128,76
14/02/25 00:00;127
14/02/25 00:15;127
14/02/25 00:30;127
14/02/25 00:45;127
14/02/25 01:00;117,56
14/02/25 01:15;117,56
14/02/25 01:30;117,56
14/02/25 01:45;117,56
14/02/25 02:00;111,58
14/02/25 02:15;111,58
14/02/25 02:30;111,58
14/02/25 02:45;111,58
14/02/25 03:00;107
14/02/25 03:15;107
14/02/25 03:30;107
14/02/25 03:45;107
14/02/25 04:00;117,47
14/02/25 04:15;117,47
14/02/25 04:30;117,47
14/02/25 04:45;117,47
14/02/25 05:00;131,21
14/02/25 05:15;131,21
14/02/25 05:30;131,21
14/02/25 05:45;131,21
14/02/25 06:00;158,73
14/02/25 06:15;158,73
14/02/25 06:30;158,73
14/02/25 06:45;158,73
14/02/25 07:00;189,79
14/02/25 07:15;189,79
14/02/25 07:30;189,79
14/02/25 07:45;189,79
14/02/25 08:00;131,21
14/02/25 08:15;131,21
14/02/25 08:30;131,21
14/02/25 08:45;131,21
14/02/25 09:00;92,9
14/02/25 09:15;92,9
14/02/25 09:30;92,9
14/02/25 09:45;92,9
14/02/25 10:00;70
14/02/25 10:15;70
14/02/25 10:30;70
14/02/25 10:45;70
14/02/25 11:00;60,3
14/02/25 11:15;60,3
14/02/25 11:30;60,3
14/02/25 11:45;60,3
14/02/25 12:00;65
14/02/25 12:15;65
14/02/25 12:30;65
14/02/25 12:45;65
14/02/25 13:00;55
14/02/25 13:15;55
14/02/25 13:30;55
14/02/25 13:45;55
14/02/25 14:00;55
14/02/25 14:15;55
14/02/25 14:30;55
14/02/25 14:45;55
14/02/25 15:00;65
14/02/25 15:15;65
14/02/25 15:30;65
14/02/25 15:45;65
14/02/25 16:00;114
14/02/25 16:15;114
14/02/25 16:30;114
14/02/25 16:45;114
14/02/25 17:00;169,84
14/02/25 17:15;169,84
14/02/25 17:30;169,84
14/02/25 17:45;169,84
14/02/25 18:00;201,66
14/02/25 18:15;201,66
14/02/25 18:30;201,66
14/02/25 18:45;201,66
14/02/25 19:00;183,55
14/02/25 19:15;183,55
14/02/25 19:30;183,55
14/02/25 19:45;183,55
14/02/25 20:00;160,06
14/02/25 20:15;160,06
14/02/25 20:30;160,06
14/02/25 20:45;160,06
14/02/25 21:00;153
14/02/25 21:15;153
14/02/25 21:30;153
14/02/25 21:45;153
14/02/25 22:00;140,03
14/02/25 22:15;140,03
14/02/25 22:30;140,03
14/02/25 22:45;140,03
14/02/25 23:00;122,58
14/02/25 23:15;122,58
14/02/25 23:30;122,58
14/02/25 23:45;122,58
15/02/25 00:00;117,99
15/02/25 00:15;117,99
15/02/25 00:30;117,99
15/02/25 00:45;117,99
15/02/25 01:00;105,67
15/02/25 01:15;105,67
15/02/25 01:30;105,67
15/02/25 01:45;105,67
15/02/25 02:00;100,11
15/02/25 02:15;100,11
15/02/25 02:30;100,11
15/02/25 02:45;100,11
15/02/25 03:00;100,11
15/02/25 03:15;100,11
15/02/25 03:30;100,11
15/02/25 03:45;100,11
15/02/25 04:00;100,11
15/02/25 04:15;100,11
15/02/25 04:30;100,11
15/02/25 04:45;100,11
15/02/25 05:00;100,11
15/02/25 05:15;100,11
15/02/25 05:30;100,11
15/02/25 05:45;100,11
15/02/25 06:00;106,64
15/02/25 06:15;106,64
15/02/25 06:30;106,64
15/02/25 06:45;106,64
15/02/25 07:00;104,99
15/02/25 07:15;104,99
15/02/25 07:30;104,99
15/02/25 07:45;104,99
15/02/25 08:00;90,61
15/02/25 08:15;90,61
15/02/25 08:30;90,61
15/02/25 08:45;90,61
15/02/25 09:00;71
15/02/25 09:15;71
15/02/25 09:30;71
15/02/25 09:45;71
15/02/25 10:00;55,44
15/02/25 10:15;55,44
15/02/25 10:30;55,44
15/02/25 10:45;55,44
15/02/25 11:00;40,08
15/02/25 11:15;40,08
15/02/25 11:30;40,08
15/02/25 11:45;40,08
15/02/25 12:00;33
15/02/25 12:15;33
15/02/25 12:30;33
15/02/25 12:45;33
15/02/25 13:00;25,46
15/02/25 13:15;25,46
15/02/25 13:30;25,46
15/02/25 13:45;25,46
15/02/25 14:00;33
15/02/25 14:15;33
15/02/25 14:30;33
15/02/25 14:45;33
15/02/25 15:00;50,24
15/02/25 15:15;50,24
15/02/25 15:30;50,24
15/02/25 15:45;50,24
15/02/25 16:00;75
15/02/25 16:15;75
15/02/25 16:30;75
15/02/25 16:45;75
15/02/25 17:00;110
15/02/25 17:15;110
15/02/25 17:30;110
15/02/25 17:45;110
15/02/25 18:00;131,51
15/02/25 18:15;131,51
15/02/25 18:30;131,51
15/02/25 18:45;131,51
15/02/25 19:00;131,51
15/02/25 19:15;131,51
15/02/25 19:30;131,51
15/02/25 19:45;131,51
15/02/25 20:00;125
15/02/25 20:15;125
15/02/25 20:30;125
15/02/25 20:45;125
15/02/25 21:00;123,06
15/02/25 21:15;123,06
15/02/25 21:30;123,06
15/02/25 21:45;123,06
15/02/25 22:00;117,14
15/02/25 22:15;117,14
15/02/25 22:30;117,14
15/02/25 22:45;117,14
15/02/25 23:00;99
15/02/25 23:15;99
15/02/25 23:30;99
15/02/25 23:45;99
16/02/25 00:00;89,76
16/02/25 00:15;89,76
16/02/25 00:30;89,76
16/02/25 00:45;89,76
16/02/25 01:00;91,78
16/02/25 01:15;91,78
16/02/25 01:30;91,78
16/02/25 01:45;91,78
16/02/25 02:00;93,29
16/02/25 02:15;93,29
16/02/25 02:30;93,29
16/02/25 02:45;93,29
16/02/25 03:00;89,5
16/02/25 03:15;89,5
16/02/25 03:30;89,5
16/02/25 03:45;89,5
16/02/25 04:00;90,3
16/02/25 04:15;90,3
16/02/25 04:30;90,3
16/02/25 04:45;90,3
16/02/25 05:00;98,05
16/02/25 05:15;98,05
16/02/25 05:30;98,05
16/02/25 05:45;98,05
16/02/25 06:00;106,64
16/02/25 06:15;106,64
16/02/25 06:30;106,64
16/02/25 06:45;106,64
16/02/25 07:00;105,59
16/02/25 07:15;105,59
16/02/25 07:30;105,59
16/02/25 07:45;105,59
16/02/25 08:00;74,5
16/02/25 08:15;74,5
16/02/25 08:30;74,5
16/02/25 08:45;74,5
16/02/25 09:00;61,4
16/02/25 09:15;61,4
16/02/25 09:30;61,4
16/02/25 09:45;61,4
16/02/25 10:00;50,24
16/02/25 10:15;50,24
16/02/25 10:30;50,24
16/02/25 10:45;50,24
16/02/25 11:00;39,75
16/02/25 11:15;39,75
16/02/25 11:30;39,75
16/02/25 11:45;39,75
16/02/25 12:00;33,9
16/02/25 12:15;33,9
16/02/25 12:30;33,9
16/02/25 12:45;33,9
16/02/25 13:00;20
16/02/25 13:15;20
16/02/25 13:30;20
16/02/25 13:45;20
16/02/25 14:00;12
16/02/25 14:15;12
16/02/25 14:30;12
16/02/25 14:45;12
16/02/25 15:00;40,3
16/02/25 15:15;40,3
16/02/25 15:30;40,3
16/02/25 15:45;40,3
16/02/25 16:00;74,37
16/02/25 16:15;74,37
16/02/25 16:30;74,37
16/02/25 16:45;74,37
16/02/25 17:00;122,99
16/02/25 17:15;122,99
16/02/25 17:30;122,99
16/02/25 17:45;122,99
16/02/25 18:00;161,56
16/02/25 18:15;161,56
16/02/25 18:30;161,56
16/02/25 18:45;161,56
16/02/25 19:00;154,95
16/02/25 19:15;154,95
16/02/25 19:30;154,95
16/02/25 19:45;154,95
16/02/25 20:00;138,77
16/02/25 20:15;138,77
16/02/25 20:30;138,77
16/02/25 20:45;138,77
16/02/25 21:00;137,12
16/02/25 21:15;137,12
16/02/25 21:30;137,12
16/02/25 21:45;137,12
16/02/25 22:00;131,51
16/02/25 22:15;131,51
16/02/25 22:30;131,51
16/02/25 22:45;131,51
16/02/25 23:00;127,87
16/02/25 23:15;127,87
16/02/25 23:30;127,87
16/02/25 23:45;127,87
17/02/25 00:00;121,06
17/02/25 00:15;121,06
17/02/25 00:30;121,06
17/02/25 00:45;121,06
17/02/25 01:00;120,34
17/02/25 01:15;120,34
17/02/25 01:30;120,34
17/02/25 01:45;120,34
17/02/25 02:00;115,97
17/02/25 02:15;115,97
17/02/25 02:30;115,97
17/02/25 02:45;115,97
17/02/25 03:00;116,23
17/02/25 03:15;116,23
17/02/25 03:30;116,23
17/02/25 03:45;116,23
17/02/25 04:00;121,21
17/02/25 04:15;121,21
17/02/25 04:30;121,21
17/02/25 04:45;121,21
17/02/25 05:00;130
17/02/25 05:15;130
17/02/25 05:30;130
17/02/25 05:45;130
17/02/25 06:00;204,74
17/02/25 06:15;204,74
17/02/25 06:30;204,74
17/02/25 06:45;204,74
17/02/25 07:00;209,79
17/02/25 07:15;209,79
17/02/25 07:30;209,79
17/02/25 07:45;209,79
17/02/25 08:00;139,36
17/02/25 08:15;139,36
17/02/25 08:30;139,36
17/02/25 08:45;139,36
17/02/25 09:00;120,58
17/02/25 09:15;120,58
17/02/25 09:30;120,58
17/02/25 09:45;120,58
17/02/25 10:00;117,26
17/02/25 10:15;117,26
17/02/25 10:30;117,26
17/02/25 10:45;117,26
17/02/25 11:00;109,9
17/02/25 11:15;109,9
17/02/25 11:30;109,9
17/02/25 11:45;109,9
17/02/25 12:00;100
17/02/25 12:15;100
17/02/25 12:30;100
17/02/25 12:45;100
17/02/25 13:00;98,97
17/02/25 13:15;98,97
17/02/25 13:30;98,97
17/02/25 13:45;98,97
17/02/25 14:00;100
17/02/25 14:15;100
17/02/25 14:30;100
17/02/25 14:45;100
17/02/25 15:00;110,97
17/02/25 15:15;110,97
17/02/25 15:30;110,97
17/02/25 15:45;110,97
17/02/25 16:00;130
17/02/25 16:15;130
17/02/25 16:30;130
17/02/25 16:45;130
17/02/25 17:00;180
17/02/25 17:15;180
17/02/25 17:30;180
17/02/25 17:45;180
17/02/25 18:00;215,52
17/02/25 18:15;215,52
17/02/25 18:30;215,52
17/02/25 18:45;215,52
17/02/25 19:00;200
17/02/25 19:15;200
17/02/25 19:30;200
17/02/25 19:45;200
17/02/25 20:00;155,62
17/02/25 20:15;155,62
17/02/25 20:30;155,62
17/02/25 20:45;155,62
17/02/25 21:00;140
17/02/25 21:15;140
17/02/25 21:30;140
17/02/25 21:45;140
17/02/25 22:00;130,6
17/02/25 22:15;130,6
17/02/25 22:30;130,6
17/02/25 22:45;130,6
17/02/25 23:00;103,84
17/02/25 23:15;103,84
17/02/25 23:30;103,84
17/02/25 23:45;103,84
18/02/25 00:00;87,5
18/02/25 00:15;87,5
18/02/25 00:30;87,5
18/02/25 00:45;87,5
18/02/25 01:00;75,2
18/02/25 01:15;75,2
18/02/25 01:30;75,2
18/02/25 01:45;75,2
18/02/25 02:00;64,98
18/02/25 02:15;64,98
18/02/25 02:30;64,98
18/02/25 02:45;64,98
18/02/25 03:00;59,4
18/02/25 03:15;59,4
18/02/25 03:30;59,4
18/02/25 03:45;59,4
18/02/25 04:00;60,01
18/02/25 04:15;60,01
18/02/25 04:30;60,01
18/02/25 04:45;60,01
18/02/25 05:00;65,24
18/02/25 05:15;65,24
18/02/25 05:30;65,24
18/02/25 05:45;65,24
18/02/25 06:00;101
18/02/25 06:15;101
18/02/25 06:30;101
18/02/25 06:45;101
18/02/25 07:00;109,11
18/02/25 07:15;109,11
18/02/25 07:30;109,11
18/02/25 07:45;109,11
18/02/25 08:00;80
18/02/25 08:15;80
18/02/25 08:30;80
18/02/25 08:45;80
18/02/25 09:00;65,37
18/02/25 09:15;65,37
18/02/25 09:30;65,37
18/02/25 09:45;65,37
18/02/25 10:00;49,6
18/02/25 10:15;49,6
18/02/25 10:30;49,6
18/02/25 10:45;49,6
18/02/25 11:00;15,36
18/02/25 11:15;15,36
18/02/25 11:30;15,36
18/02/25 11:45;15,36
18/02/25 12:00;7,03
18/02/25 12:15;7,03
18/02/25 12:30;7,03
18/02/25 12:45;7,03
18/02/25 13:00;9,99
18/02/25 13:15;9,99
18/02/25 13:30;9,99
18/02/25 13:45;9,99
18/02/25 14:00;26,1
18/02/25 14:15;26,1
18/02/25 14:30;26,1
18/02/25 14:45;26,1
18/02/25 15:00;60,01
18/02/25 15:15;60,01
18/02/25 15:30;60,01
18/02/25 15:45;60,01
18/02/25 16:00;80,82
18/02/25 16:15;80,82
18/02/25 16:30;80,82
18/02/25 16:45;80,82
18/02/25 17:00;115
18/02/25 17:15;115
18/02/25 17:30;115
18/02/25 17:45;115
18/02/25 18:00;159,88
18/02/25 18:15;159,88
18/02/25 18:30;159,88
18/02/25 18:45;159,88
18/02/25 19:00;144,4
18/02/25 19:15;144,4
18/02/25 19:30;144,4
18/02/25 19:45;144,4
18/02/25 20:00;133,54
18/02/25 20:15;133,54
18/02/25 20:30;133,54
18/02/25 20:45;133,54
18/02/25 21:00;124,02
18/02/25 21:15;124,02
18/02/25 21:30;124,02
18/02/25 21:45;124,02
18/02/25 22:00;116,23
18/02/25 22:15;116,23
18/02/25 22:30;116,23
18/02/25 22:45;116,23
18/02/25 23:00;106,48
18/02/25 23:15;106,48
18/02/25 23:30;106,48
18/02/25 23:45;106,48
19/02/25 00:00;101,18
19/02/25 00:15;101,18
19/02/25 00:30;101,18
19/02/25 00:45;101,18
19/02/25 01:00;101,3
19/02/25 01:15;101,3
19/02/25 01:30;101,3
19/02/25 01:45;101,3
19/02/25 02:00;99
19/02/25 02:15;99
19/02/25 02:30;99
19/02/25 02:45;99
19/02/25 03:00;96,06
19/02/25 03:15;96,06
19/02/25 03:30;96,06
19/02/25 03:45;96,06
19/02/25 04:00;101,83
19/02/25 04:15;101,83
19/02/25 04:30;101,83
19/02/25 04:45;101,83
19/02/25 05:00;120,18
19/02/25 05:15;120,18
19/02/25 05:30;120,18
19/02/25 05:45;120,18
19/02/25 06:00;149,5
19/02/25 06:15;149,5
19/02/25 06:30;149,5
19/02/25 06:45;149,5
19/02/25 07:00;167,39
19/02/25 07:15;167,39
19/02/25 07:30;167,39
19/02/25 07:45;167,39
19/02/25 08:00;133,73
19/02/25 08:15;133,73
19/02/25 08:30;133,73
19/02/25 08:45;133,73
19/02/25 09:00;114,37
19/02/25 09:15;114,37
19/02/25 09:30;114,37
19/02/25 09:45;114,37
19/02/25 10:00;105,57
19/02/25 10:15;105,57
19/02/25 10:30;105,57
19/02/25 10:45;105,57
19/02/25 11:00;104,24
19/02/25 11:15;104,24
19/02/25 11:30;104,24
19/02/25 11:45;104,24
19/02/25 12:00;97,23
19/02/25 12:15;97,23
19/02/25 12:30;97,23
19/02/25 12:45;97,23
19/02/25 13:00;90,01
19/02/25 13:15;90,01
19/02/25 13:30;90,01
19/02/25 13:45;90,01
19/02/25 14:00;90,01
19/02/25 14:15;90,01
19/02/25 14:30;90,01
19/02/25 14:45;90,01
19/02/25 15:00;105
19/02/25 15:15;105
19/02/25 15:30;105
19/02/25 15:45;105
19/02/25 16:00;121,14
19/02/25 16:15;121,14
19/02/25 16:30;121,14
19/02/25 16:45;121,14
19/02/25 17:00;150
19/02/25 17:15;150
19/02/25 17:30;150
19/02/25 17:45;150
19/02/25 18:00;183,5
19/02/25 18:15;183,5
19/02/25 18:30;183,5
19/02/25 18:45;183,5
19/02/25 19:00;203,2
19/02/25 19:15;203,2
19/02/25 19:30;203,2
19/02/25 19:45;203,2
19/02/25 20:00;169,37
19/02/25 20:15;169,37
19/02/25 20:30;169,37
19/02/25 20:45;169,37
19/02/25 21:00;139,21
19/02/25 21:15;139,21
19/02/25 21:30;139,21
19/02/25 21:45;139,21
19/02/25 22:00;115,82
19/02/25 22:15;115,82
19/02/25 22:30;115,82
19/02/25 22:45;115,82
19/02/25 23:00;100,05
19/02/25 23:15;100,05
19/02/25 23:30;100,05
19/02/25 23:45;100,05
20/02/25 00:00;94,5
20/02/25 00:15;94,5
20/02/25 00:30;94,5
20/02/25 00:45;94,5
20/02/25 01:00;94
20/02/25 01:15;94
20/02/25 01:30;94
20/02/25 01:45;94
20/02/25 02:00;87,03
20/02/25 02:15;87,03
20/02/25 02:30;87,03
20/02/25 02:45;87,03
20/02/25 03:00;85,89
20/02/25 03:15;85,89
20/02/25 03:30;85,89
20/02/25 03:45;85,89
20/02/25 04:00;87,98
20/02/25 04:15;87,98
20/02/25 04:30;87,98
20/02/25 04:45;87,98
20/02/25 05:00;98,19
20/02/25 05:15;98,19
20/02/25 05:30;98,19
20/02/25 05:45;98,19
20/02/25 06:00;113,87
20/02/25 06:15;113,87
20/02/25 06:30;113,87
20/02/25 06:45;113,87
20/02/25 07:00;131,1
20/02/25 07:15;131,1
20/02/25 07:30;131,1
20/02/25 07:45;131,1
20/02/25 08:00;103,53
20/02/25 08:15;103,53
20/02/25 08:30;103,53
20/02/25 08:45;103,53
20/02/25 09:00;77
20/02/25 09:15;77
20/02/25 09:30;77
20/02/25 09:45;77
20/02/25 10:00;53,5
20/02/25 10:15;53,5
20/02/25 10:30;53,5
20/02/25 10:45;53,5
20/02/25 11:00;34,97
20/02/25 11:15;34,97
20/02/25 11:30;34,97
20/02/25 11:45;34,97
20/02/25 12:00;28,3
20/02/25 12:15;28,3
20/02/25 12:30;28,3
20/02/25 12:45;28,3
20/02/25 13:00;20,33
20/02/25 13:15;20,33
20/02/25 13:30;20,33
20/02/25 13:45;20,33
20/02/25 14:00;28,3
20/02/25 14:15;28,3
20/02/25 14:30;28,3
20/02/25 14:45;28,3
20/02/25 15:00;50
20/02/25 15:15;50
20/02/25 15:30;50
20/02/25 15:45;50
20/02/25 16:00;78
20/02/25 16:15;78
20/02/25 16:30;78
20/02/25 16:45;78
20/02/25 17:00;125
20/02/25 17:15;125
20/02/25 17:30;125
20/02/25 17:45;125
20/02/25 18:00;141,5
20/02/25 18:15;141,5
20/02/25 18:30;141,5
20/02/25 18:45;141,5
20/02/25 19:00;150,56
20/02/25 19:15;150,56
20/02/25 19:30;150,56
20/02/25 19:45;150,56
20/02/25 20:00;130
20/02/25 20:15;130
20/02/25 20:30;130
20/02/25 20:45;130
20/02/25 21:00;100,05
20/02/25 21:15;100,05
20/02/25 21:30;100,05
20/02/25 21:45;100,05
20/02/25 22:00;88
20/02/25 22:15;88
20/02/25 22:30;88
20/02/25 22:45;88
20/02/25 23:00;72,88
20/02/25 23:15;72,88
20/02/25 23:30;72,88
20/02/25 23:45;72,88
21/02/25 00:00;70
21/02/25 00:15;70
21/02/25 00:30;70
21/02/25 00:45;70
21/02/25 01:00;52,5
21/02/25 01:15;52,5
21/02/25 01:30;52,5
21/02/25 01:45;52,5
21/02/25 02:00;51,98
21/02/25 02:15;51,98
21/02/25 02:30;51,98
21/02/25 02:45;51,98
21/02/25 03:00;40,7
21/02/25 03:15;40,7
21/02/25 03:30;40,7
21/02/25 03:45;40,7
21/02/25 04:00;38,71
21/02/25 04:15;38,71
21/02/25 04:30;38,71
21/02/25 04:45;38,71
21/02/25 05:00;52,5
21/02/25 05:15;52,5
21/02/25 05:30;52,5
21/02/25 05:45;52,5
21/02/25 06:00;69,96
21/02/25 06:15;69,96
21/02/25 06:30;69,96
21/02/25 06:45;69,96
21/02/25 07:00;72,88
21/02/25 07:15;72,88
21/02/25 07:30;72,88
21/02/25 07:45;72,88
21/02/25 08:00;67,52
21/02/25 08:15;67,52
21/02/25 08:30;67,52
21/02/25 08:45;67,52
21/02/25 09:00;45,2
21/02/25 09:15;45,2
21/02/25 09:30;45,2
21/02/25 09:45;45,2
21/02/25 10:00;13,48
21/02/25 10:15;13,48
21/02/25 10:30;13,48
21/02/25 10:45;13,48
21/02/25 11:00;3,52
21/02/25 11:15;3,52
21/02/25 11:30;3,52
21/02/25 11:45;3,52
21/02/25 12:00;3,52
21/02/25 12:15;3,52
21/02/25 12:30;3,52
21/02/25 12:45;3,52
21/02/25 13:00;3,52
21/02/25 13:15;3,52
21/02/25 13:30;3,52
21/02/25 13:45;3,52
21/02/25 14:00;3,52
21/02/25 14:15;3,52
21/02/25 14:30;3,52
21/02/25 14:45;3,52
21/02/25 15:00;5
21/02/25 15:15;5
21/02/25 15:30;5
21/02/25 15:45;5
21/02/25 16:00;42,2
21/02/25 16:15;42,2
21/02/25 16:30;42,2
21/02/25 16:45;42,2
21/02/25 17:00;52,37
21/02/25 17:15;52,37
21/02/25 17:30;52,37
21/02/25 17:45;52,37
21/02/25 18:00;93,83
21/02/25 18:15;93,83
21/02/25 18:30;93,83
21/02/25 18:45;93,83
21/02/25 19:00;84,97
21/02/25 19:15;84,97
21/02/25 19:30;84,97
21/02/25 19:45;84,97
21/02/25 20:00;70,94
21/02/25 20:15;70,94
21/02/25 20:30;70,94
21/02/25 20:45;70,94
21/02/25 21:00;69,96
21/02/25 21:15;69,96
21/02/25 21:30;69,96
21/02/25 21:45;69,96
21/02/25 22:00;70,17
21/02/25 22:15;70,17
21/02/25 22:30;70,17
21/02/25 22:45;70,17
21/02/25 23:00;59,05
21/02/25 23:15;59,05
21/02/25 23:30;59,05
21/02/25 23:45;59,05
22/02/25 00:00;53,92
22/02/25 00:15;53,92
22/02/25 00:30;53,92
22/02/25 00:45;53,92
22/02/25 01:00;52,12
22/02/25 01:15;52,12
22/02/25 01:30;52,12
22/02/25 01:45;52,12
22/02/25 02:00;45,5
22/02/25 02:15;45,5
22/02/25 02:30;45,5
22/02/25 02:45;45,5
22/02/25 03:00;44,72
22/02/25 03:15;44,72
22/02/25 03:30;44,72
22/02/25 03:45;44,72
22/02/25 04:00;55,54
22/02/25 04:15;55,54
22/02/25 04:30;55,54
22/02/25 04:45;55,54
22/02/25 05:00;61,03
22/02/25 05:15;61,03
22/02/25 05:30;61,03
22/02/25 05:45;61,03
22/02/25 06:00;70,83
22/02/25 06:15;70,83
22/02/25 06:30;70,83
22/02/25 06:45;70,83
22/02/25 07:00;73,33
22/02/25 07:15;73,33
22/02/25 07:30;73,33
22/02/25 07:45;73,33
22/02/25 08:00;72,86
22/02/25 08:15;72,86
22/02/25 08:30;72,86
22/02/25 08:45;72,86
22/02/25 09:00;64,48
22/02/25 09:15;64,48
22/02/25 09:30;64,48
22/02/25 09:45;64,48
22/02/25 10:00;63
22/02/25 10:15;63
22/02/25 10:30;63
22/02/25 10:45;63
22/02/25 11:00;50,24
22/02/25 11:15;50,24
22/02/25 11:30;50,24
22/02/25 11:45;50,24
22/02/25 12:00;43,2
22/02/25 12:15;43,2
22/02/25 12:30;43,2
22/02/25 12:45;43,2
22/02/25 13:00;39,94
22/02/25 13:15;39,94
22/02/25 13:30;39,94
22/02/25 13:45;39,94
22/02/25 14:00;39,68
22/02/25 14:15;39,68
22/02/25 14:30;39,68
22/02/25 14:45;39,68
22/02/25 15:00;43,2
22/02/25 15:15;43,2
22/02/25 15:30;43,2
22/02/25 15:45;43,2
22/02/25 16:00;72,38
22/02/25 16:15;72,38
22/02/25 16:30;72,38
22/02/25 16:45;72,38
22/02/25 17:00;122,94
22/02/25 17:15;122,94
22/02/25 17:30;122,94
22/02/25 17:45;122,94
22/02/25 18:00;130,72
22/02/25 18:15;130,72
22/02/25 18:30;130,72
22/02/25 18:45;130,72
22/02/25 19:00;121,47
22/02/25 19:15;121,47
22/02/25 19:30;121,47
22/02/25 19:45;121,47
22/02/25 20:00;110,79
22/02/25 20:15;110,79
22/02/25 20:30;110,79
22/02/25 20:45;110,79
22/02/25 21:00;107,11
22/02/25 21:15;107,11
22/02/25 21:30;107,11
22/02/25 21:45;107,11
22/02/25 22:00;102,2
22/02/25 22:15;102,2
22/02/25 22:30;102,2
22/02/25 22:45;102,2
22/02/25 23:00;90,2
22/02/25 23:15;90,2
22/02/25 23:30;90,2
22/02/25 23:45;90,2
23/02/25 00:00;81
23/02/25 00:15;81
23/02/25 00:30;81
23/02/25 00:45;81
23/02/25 01:00;80,82
23/02/25 01:15;80,82
23/02/25 01:30;80,82
23/02/25 01:45;80,82
23/02/25 02:00;77,83
23/02/25 02:15;77,83
23/02/25 02:30;77,83
23/02/25 02:45;77,83
23/02/25 03:00;75,54
23/02/25 03:15;75,54
23/02/25 03:30;75,54
23/02/25 03:45;75,54
23/02/25 04:00;76,45
23/02/25 04:15;76,45
23/02/25 04:30;76,45
23/02/25 04:45;76,45
23/02/25 05:00;79,98
23/02/25 05:15;79,98
23/02/25 05:30;79,98
23/02/25 05:45;79,98
23/02/25 06:00;80,1
23/02/25 06:15;80,1
23/02/25 06:30;80,1
23/02/25 06:45;80,1
23/02/25 07:00;76,74
23/02/25 07:15;76,74
23/02/25 07:30;76,74
23/02/25 07:45;76,74
23/02/25 08:00;61,58
23/02/25 08:15;61,58
23/02/25 08:30;61,58
23/02/25 08:45;61,58
23/02/25 09:00;29,5
23/02/25 09:15;29,5
23/02/25 09:30;29,5
23/02/25 09:45;29,5
23/02/25 10:00;15
23/02/25 10:15;15
23/02/25 10:30;15
23/02/25 10:45;15
23/02/25 11:00;5,93
23/02/25 11:15;5,93
23/02/25 11:30;5,93
23/02/25 11:45;5,93
23/02/25 12:00;10,95
23/02/25 12:15;10,95
23/02/25 12:30;10,95
23/02/25 12:45;10,95
23/02/25 13:00;10,95
23/02/25 13:15;10,95
23/02/25 13:30;10,95
23/02/25 13:45;10,95
23/02/25 14:00;3,52
23/02/25 14:15;3,52
23/02/25 14:30;3,52
23/02/25 14:45;3,52
23/02/25 15:00;10,96
23/02/25 15:15;10,96
23/02/25 15:30;10,96
23/02/25 15:45;10,96
23/02/25 16:00;50
23/02/25 16:15;50
23/02/25 16:30;50
23/02/25 16:45;50
23/02/25 17:00;100,9
23/02/25 17:15;100,9
23/02/25 17:30;100,9
23/02/25 17:45;100,9
23/02/25 18:00;122,94
23/02/25 18:15;122,94
23/02/25 18:30;122,94
23/02/25 18:45;122,94
23/02/25 19:00;134,7
23/02/25 19:15;134,7
23/02/25 19:30;134,7
23/02/25 19:45;134,7
23/02/25 20:00;123,25
23/02/25 20:15;123,25
23/02/25 20:30;123,25
23/02/25 20:45;123,25
23/02/25 21:00;100,9
23/02/25 21:15;100,9
23/02/25 21:30;100,9
23/02/25 21:45;100,9
23/02/25 22:00;79,7
23/02/25 22:15;79,7
23/02/25 22:30;79,7
23/02/25 22:45;79,7
23/02/25 23:00;79,21
23/02/25 23:15;79,21
23/02/25 23:30;79,21
23/02/25 23:45;79,21
24/02/25 00:00;67,94
24/02/25 00:15;67,94
24/02/25 00:30;67,94
24/02/25 00:45;67,94
24/02/25 01:00;56,2
24/02/25 01:15;56,2
24/02/25 01:30;56,2
24/02/25 01:45;56,2
24/02/25 02:00;49
24/02/25 02:15;49
24/02/25 02:30;49
24/02/25 02:45;49
24/02/25 03:00;46,25
24/02/25 03:15;46,25
24/02/25 03:30;46,25
24/02/25 03:45;46,25
24/02/25 04:00;56,03
24/02/25 04:15;56,03
24/02/25 04:30;56,03
24/02/25 04:45;56,03
24/02/25 05:00;74,78
24/02/25 05:15;74,78
24/02/25 05:30;74,78
24/02/25 05:45;74,78
24/02/25 06:00;103,33
24/02/25 06:15;103,33
24/02/25 06:30;103,33
24/02/25 06:45;103,33
24/02/25 07:00;116,86
24/02/25 07:15;116,86
24/02/25 07:30;116,86
24/02/25 07:45;116,86
24/02/25 08:00;100
24/02/25 08:15;100
24/02/25 08:30;100
24/02/25 08:45;100
24/02/25 09:00;88,64
24/02/25 09:15;88,64
24/02/25 09:30;88,64
24/02/25 09:45;88,64
24/02/25 10:00;74,78
24/02/25 10:15;74,78
24/02/25 10:30;74,78
24/02/25 10:45;74,78
24/02/25 11:00;56,2
24/02/25 11:15;56,2
24/02/25 11:30;56,2
24/02/25 11:45;56,2
24/02/25 12:00;40,56
24/02/25 12:15;40,56
24/02/25 12:30;40,56
24/02/25 12:45;40,56
24/02/25 13:00;32,64
24/02/25 13:15;32,64
24/02/25 13:30;32,64
24/02/25 13:45;32,64
24/02/25 14:00;34
24/02/25 14:15;34
24/02/25 14:30;34
24/02/25 14:45;34
24/02/25 15:00;43,76
24/02/25 15:15;43,76
24/02/25 15:30;43,76
24/02/25 15:45;43,76
24/02/25 16:00;67,94
24/02/25 16:15;67,94
24/02/25 16:30;67,94
24/02/25 16:45;67,94
24/02/25 17:00;107,59
24/02/25 17:15;107,59
24/02/25 17:30;107,59
24/02/25 17:45;107,59
24/02/25 18:00;159,17
24/02/25 18:15;159,17
24/02/25 18:30;159,17
24/02/25 18:45;159,17
24/02/25 19:00;134,91
24/02/25 19:15;134,91
24/02/25 19:30;134,91
24/02/25 19:45;134,91
24/02/25 20:00;115,28
24/02/25 20:15;115,28
24/02/25 20:30;115,28
24/02/25 20:45;115,28
24/02/25 21:00;100,54
24/02/25 21:15;100,54
24/02/25 21:30;100,54
24/02/25 21:45;100,54
24/02/25 22:00;79,98
24/02/25 22:15;79,98
24/02/25 22:30;79,98
24/02/25 22:45;79,98
24/02/25 23:00;71,98
24/02/25 23:15;71,98
24/02/25 23:30;71,98
24/02/25 23:45;71,98
25/02/25 00:00;72,11
25/02/25 00:15;72,11
25/02/25 00:30;72,11
25/02/25 00:45;72,11
25/02/25 01:00;71
25/02/25 01:15;71
25/02/25 01:30;71
25/02/25 01:45;71
25/02/25 02:00;71,98
25/02/25 02:15;71,98
25/02/25 02:30;71,98
25/02/25 02:45;71,98
25/02/25 03:00;79,98
25/02/25 03:15;79,98
25/02/25 03:30;79,98
25/02/25 03:45;79,98
25/02/25 04:00;89,26
25/02/25 04:15;89,26
25/02/25 04:30;89,26
25/02/25 04:45;89,26
25/02/25 05:00;101
25/02/25 05:15;101
25/02/25 05:30;101
25/02/25 05:45;101
25/02/25 06:00;123,75
25/02/25 06:15;123,75
25/02/25 06:30;123,75
25/02/25 06:45;123,75
25/02/25 07:00;136,97
25/02/25 07:15;136,97
25/02/25 07:30;136,97
25/02/25 07:45;136,97
25/02/25 08:00;125,48
25/02/25 08:15;125,48
25/02/25 08:30;125,48
25/02/25 08:45;125,48
25/02/25 09:00;106
25/02/25 09:15;106
25/02/25 09:30;106
25/02/25 09:45;106
25/02/25 10:00;88
25/02/25 10:15;88
25/02/25 10:30;88
25/02/25 10:45;88
25/02/25 11:00;76
25/02/25 11:15;76
25/02/25 11:30;76
25/02/25 11:45;76
25/02/25 12:00;72,24
25/02/25 12:15;72,24
25/02/25 12:30;72,24
25/02/25 12:45;72,24
25/02/25 13:00;60,17
25/02/25 13:15;60,17
25/02/25 13:30;60,17
25/02/25 13:45;60,17
25/02/25 14:00;57,56
25/02/25 14:15;57,56
25/02/25 14:30;57,56
25/02/25 14:45;57,56
25/02/25 15:00;60
25/02/25 15:15;60
25/02/25 15:30;60
25/02/25 15:45;60
25/02/25 16:00;79,98
25/02/25 16:15;79,98
25/02/25 16:30;79,98
25/02/25 16:45;79,98
25/02/25 17:00;110
25/02/25 17:15;110
25/02/25 17:30;110
25/02/25 17:45;110
25/02/25 18:00;140,99
25/02/25 18:15;140,99
25/02/25 18:30;140,99
25/02/25 18:45;140,99
25/02/25 19:00;137,99
25/02/25 19:15;137,99
25/02/25 19:30;137,99
25/02/25 19:45;137,99
25/02/25 20:00;128,97
25/02/25 20:15;128,97
25/02/25 20:30;128,97
25/02/25 20:45;128,97
25/02/25 21:00;114,28
25/02/25 21:15;114,28
25/02/25 21:30;114,28
25/02/25 21:45;114,28
25/02/25 22:00;100,41
25/02/25 22:15;100,41
25/02/25 22:30;100,41
25/02/25 22:45;100,41
25/02/25 23:00;102,48
25/02/25 23:15;102,48
25/02/25 23:30;102,48
25/02/25 23:45;102,48
26/02/25 00:00;86,87
26/02/25 00:15;86,87
26/02/25 00:30;86,87
26/02/25 00:45;86,87
26/02/25 01:00;92,98
26/02/25 01:15;92,98
26/02/25 01:30;92,98
26/02/25 01:45;92,98
26/02/25 02:00;86,38
26/02/25 02:15;86,38
26/02/25 02:30;86,38
26/02/25 02:45;86,38
26/02/25 03:00;88,59
26/02/25 03:15;88,59
26/02/25 03:30;88,59
26/02/25 03:45;88,59
26/02/25 04:00;97,82
26/02/25 04:15;97,82
26/02/25 04:30;97,82
26/02/25 04:45;97,82
26/02/25 05:00;111,76
26/02/25 05:15;111,76
26/02/25 05:30;111,76
26/02/25 05:45;111,76
26/02/25 06:00;136,2
26/02/25 06:15;136,2
26/02/25 06:30;136,2
26/02/25 06:45;136,2
26/02/25 07:00;139,08
26/02/25 07:15;139,08
26/02/25 07:30;139,08
26/02/25 07:45;139,08
26/02/25 08:00;106,46
26/02/25 08:15;106,46
26/02/25 08:30;106,46
26/02/25 08:45;106,46
26/02/25 09:00;65
26/02/25 09:15;65
26/02/25 09:30;65
26/02/25 09:45;65
26/02/25 10:00;70
26/02/25 10:15;70
26/02/25 10:30;70
26/02/25 10:45;70
26/02/25 11:00;59,3
26/02/25 11:15;59,3
26/02/25 11:30;59,3
26/02/25 11:45;59,3
26/02/25 12:00;58
26/02/25 12:15;58
26/02/25 12:30;58
26/02/25 12:45;58
26/02/25 13:00;54,59
26/02/25 13:15;54,59
26/02/25 13:30;54,59
26/02/25 13:45;54,59
26/02/25 14:00;58,28
26/02/25 14:15;58,28
26/02/25 14:30;58,28
26/02/25 14:45;58,28
26/02/25 15:00;71,98
26/02/25 15:15;71,98
26/02/25 15:30;71,98
26/02/25 15:45;71,98
26/02/25 16:00;97
26/02/25 16:15;97
26/02/25 16:30;97
26/02/25 16:45;97
26/02/25 17:00;126,37
26/02/25 17:15;126,37
26/02/25 17:30;126,37
26/02/25 17:45;126,37
26/02/25 18:00;161,95
26/02/25 18:15;161,95
26/02/25 18:30;161,95
26/02/25 18:45;161,95
26/02/25 19:00;225
26/02/25 19:15;225
26/02/25 19:30;225
26/02/25 19:45;225
26/02/25 20:00;181,02
26/02/25 20:15;181,02
26/02/25 20:30;181,02
26/02/25 20:45;181,02
26/02/25 21:00;126,16
26/02/25 21:15;126,16
26/02/25 21:30;126,16
26/02/25 21:45;126,16
26/02/25 22:00;125
26/02/25 22:15;125
26/02/25 22:30;125
26/02/25 22:45;125
26/02/25 23:00;116,52
26/02/25 23:15;116,52
26/02/25 23:30;116,52
26/02/25 23:45;116,52
27/02/25 00:00;114,51
27/02/25 00:15;114,51
27/02/25 00:30;114,51
27/02/25 00:45;114,51
27/02/25 01:00;106
27/02/25 01:15;106
27/02/25 01:30;106
27/02/25 01:45;106
27/02/25 02:00;103,44
27/02/25 02:15;103,44
27/02/25 02:30;103,44
27/02/25 02:45;103,44
27/02/25 03:00;101
27/02/25 03:15;101
27/02/25 03:30;101
27/02/25 03:45;101
27/02/25 04:00;104,35
27/02/25 04:15;104,35
27/02/25 04:30;104,35
27/02/25 04:45;104,35
27/02/25 05:00;117,14
27/02/25 05:15;117,14
27/02/25 05:30;117,14
27/02/25 05:45;117,14
27/02/25 06:00;145
27/02/25 06:15;145
27/02/25 06:30;145
27/02/25 06:45;145
27/02/25 07:00;168,77
27/02/25 07:15;168,77
27/02/25 07:30;168,77
27/02/25 07:45;168,77
27/02/25 08:00;129,18
27/02/25 08:15;129,18
27/02/25 08:30;129,18
27/02/25 08:45;129,18
27/02/25 09:00;109,49
27/02/25 09:15;109,49
27/02/25 09:30;109,49
27/02/25 09:45;109,49
27/02/25 10:00;100,19
27/02/25 10:15;100,19
27/02/25 10:30;100,19
27/02/25 10:45;100,19
27/02/25 11:00;93
27/02/25 11:15;93
27/02/25 11:30;93
27/02/25 11:45;93
27/02/25 12:00;89
27/02/25 12:15;89
27/02/25 12:30;89
27/02/25 12:45;89
27/02/25 13:00;86,8
27/02/25 13:15;86,8
27/02/25 13:30;86,8
27/02/25 13:45;86,8
27/02/25 14:00;89
27/02/25 14:15;89
27/02/25 14:30;89
27/02/25 14:45;89
27/02/25 15:00;100
27/02/25 15:15;100
27/02/25 15:30;100
27/02/25 15:45;100
27/02/25 16:00;113,95
27/02/25 16:15;113,95
27/02/25 16:30;113,95
27/02/25 16:45;113,95
27/02/25 17:00;136,13
27/02/25 17:15;136,13
27/02/25 17:30;136,13
27/02/25 17:45;136,13
27/02/25 18:00;165
27/02/25 18:15;165
27/02/25 18:30;165
27/02/25 18:45;165
27/02/25 19:00;219,08
27/02/25 19:15;219,08
27/02/25 19:30;219,08
27/02/25 19:45;219,08
27/02/25 20:00;147,01
27/02/25 20:15;147,01
27/02/25 20:30;147,01
27/02/25 20:45;147,01
27/02/25 21:00;122,31
27/02/25 21:15;122,31
27/02/25 21:30;122,31
27/02/25 21:45;122,31
27/02/25 22:00;113,5
27/02/25 22:15;113,5
27/02/25 22:30;113,5
27/02/25 22:45;113,5
27/02/25 23:00;115,59
27/02/25 23:15;115,59
27/02/25 23:30;115,59
27/02/25 23:45;115,59
28/02/25 00:00;110,54
28/02/25 00:15;110,54
28/02/25 00:30;110,54
28/02/25 00:45;110,54
28/02/25 01:00;109,38
28/02/25 01:15;109,38
28/02/25 01:30;109,38
28/02/25 01:45;109,38
28/02/25 02:00;105,2
28/02/25 02:15;105,2
28/02/25 02:30;105,2
28/02/25 02:45;105,2
28/02/25 03:00;104,49
28/02/25 03:15;104,49
28/02/25 03:30;104,49
28/02/25 03:45;104,49
28/02/25 04:00;104,49
28/02/25 04:15;104,49
28/02/25 04:30;104,49
28/02/25 04:45;104,49
28/02/25 05:00;116,28
28/02/25 05:15;116,28
28/02/25 05:30;116,28
28/02/25 05:45;116,28
28/02/25 06:00;133,87
28/02/25 06:15;133,87
28/02/25 06:30;133,87
28/02/25 06:45;133,87
28/02/25 07:00;142,9
28/02/25 07:15;142,9
28/02/25 07:30;142,9
28/02/25 07:45;142,9
28/02/25 08:00;115,8
28/02/25 08:15;115,8
28/02/25 08:30;115,8
28/02/25 08:45;115,8
28/02/25 09:00;102,48
28/02/25 09:15;102,48
28/02/25 09:30;102,48
28/02/25 09:45;102,48
28/02/25 10:00;93
28/02/25 10:15;93
28/02/25 10:30;93
28/02/25 10:45;93
28/02/25 11:00;91,08
28/02/25 11:15;91,08
28/02/25 11:30;91,08
28/02/25 11:45;91,08
28/02/25 12:00;80,13
28/02/25 12:15;80,13
28/02/25 12:30;80,13
28/02/25 12:45;80,13
28/02/25 13:00;85,2
28/02/25 13:15;85,2
28/02/25 13:30;85,2
28/02/25 13:45;85,2
28/02/25 14:00;93,29
28/02/25 14:15;93,29
28/02/25 14:30;93,29
28/02/25 14:45;93,29
28/02/25 15:00;96,74
28/02/25 15:15;96,74
28/02/25 15:30;96,74
28/02/25 15:45;96,74
28/02/25 16:00;115,51
28/02/25 16:15;115,51
28/02/25 16:30;115,51
28/02/25 16:45;115,51
28/02/25 17:00;123,52
28/02/25 17:15;123,52
28/02/25 17:30;123,52
28/02/25 17:45;123,52
28/02/25 18:00;151,96
28/02/25 18:15;151,96
28/02/25 18:30;151,96
28/02/25 18:45;151,96
28/02/25 19:00;134,27
28/02/25 19:15;134,27
28/02/25 19:30;134,27
28/02/25 19:45;134,27
28/02/25 20:00;121,73
28/02/25 20:15;121,73
28/02/25 20:30;121,73
28/02/25 20:45;121,73
28/02/25 21:00;114,72
28/02/25 21:15;114,72
28/02/25 21:30;114,72
28/02/25 21:45;114,72
28/02/25 22:00;106,75
28/02/25 22:15;106,75
28/02/25 22:30;106,75
28/02/25 22:45;106,75
28/02/25 23:00;105,36
28/02/25 23:15;105,36
28/02/25 23:30;105,36
28/02/25 23:45;105,36
01/03/25 00:00;85,2
01/03/25 00:15;85,2
01/03/25 00:30;85,2
01/03/25 00:45;85,2
01/03/25 01:00;82,49
01/03/25 01:15;82,49
01/03/25 01:30;82,49
01/03/25 01:45;82,49
01/03/25 02:00;79,17
01/03/25 02:15;79,17
01/03/25 02:30;79,17
01/03/25 02:45;79,17
01/03/25 03:00;74,21
01/03/25 03:15;74,21
01/03/25 03:30;74,21
01/03/25 03:45;74,21
01/03/25 04:00;70,75
01/03/25 04:15;70,75
01/03/25 04:30;70,75
01/03/25 04:45;70,75
01/03/25 05:00;78,52
01/03/25 05:15;78,52
01/03/25 05:30;78,52
01/03/25 05:45;78,52
01/03/25 06:00;83,5
01/03/25 06:15;83,5
01/03/25 06:30;83,5
01/03/25 06:45;83,5
01/03/25 07:00;82,92
01/03/25 07:15;82,92
01/03/25 07:30;82,92
01/03/25 07:45;82,92
01/03/25 08:00;72
01/03/25 08:15;72
01/03/25 08:30;72
01/03/25 08:45;72
01/03/25 09:00;54,63
01/03/25 09:15;54,63
01/03/25 09:30;54,63
01/03/25 09:45;54,63
01/03/25 10:00;45
01/03/25 10:15;45
01/03/25 10:30;45
01/03/25 10:45;45
01/03/25 11:00;40,1
01/03/25 11:15;40,1
01/03/25 11:30;40,1
01/03/25 11:45;40,1
01/03/25 12:00;39,68
01/03/25 12:15;39,68
01/03/25 12:30;39,68
01/03/25 12:45;39,68
01/03/25 13:00;35,3
01/03/25 13:15;35,3
01/03/25 13:30;35,3
01/03/25 13:45;35,3
01/03/25 14:00;31,73
01/03/25 14:15;31,73
01/03/25 14:30;31,73
01/03/25 14:45;31,73
01/03/25 15:00;34,75
01/03/25 15:15;34,75
01/03/25 15:30;34,75
01/03/25 15:45;34,75
01/03/25 16:00;39,68
01/03/25 16:15;39,68
01/03/25 16:30;39,68
01/03/25 16:45;39,68
01/03/25 17:00;66,52
01/03/25 17:15;66,52
01/03/25 17:30;66,52
01/03/25 17:45;66,52
01/03/25 18:00;70,8
01/03/25 18:15;70,8
01/03/25 18:30;70,8
01/03/25 18:45;70,8
01/03/25 19:00;80,36
01/03/25 19:15;80,36
01/03/25 19:30;80,36
01/03/25 19:45;80,36
01/03/25 20:00;78,54
01/03/25 20:15;78,54
01/03/25 20:30;78,54
01/03/25 20:45;78,54
01/03/25 21:00;82,49
01/03/25 21:15;82,49
01/03/25 21:30;82,49
01/03/25 21:45;82,49
01/03/25 22:00;66,28
01/03/25 22:15;66,28
01/03/25 22:30;66,28
01/03/25 22:45;66,28
01/03/25 23:00;62
01/03/25 23:15;62
01/03/25 23:30;62
01/03/25 23:45;62
02/03/25 00:00;51,58
02/03/25 00:15;51,58
02/03/25 00:30;51,58
02/03/25 00:45;51,58
02/03/25 01:00;50,03
02/03/25 01:15;50,03
02/03/25 01:30;50,03
02/03/25 01:45;50,03
02/03/25 02:00;49,2
02/03/25 02:15;49,2
02/03/25 02:30;49,2
02/03/25 02:45;49,2
02/03/25 03:00;50,68
02/03/25 03:15;50,68
02/03/25 03:30;50,68
02/03/25 03:45;50,68
02/03/25 04:00;51,58
02/03/25 04:15;51,58
02/03/25 04:30;51,58
02/03/25 04:45;51,58
02/03/25 05:00;51,97
02/03/25 05:15;51,97
02/03/25 05:30;51,97
02/03/25 05:45;51,97
02/03/25 06:00;51,9
02/03/25 06:15;51,9
02/03/25 06:30;51,9
02/03/25 06:45;51,9
02/03/25 07:00;51,9
02/03/25 07:15;51,9
02/03/25 07:30;51,9
02/03/25 07:45;51,9
02/03/25 08:00;52,5
02/03/25 08:15;52,5
02/03/25 08:30;52,5
02/03/25 08:45;52,5
02/03/25 09:00;60,5
02/03/25 09:15;60,5
02/03/25 09:30;60,5
02/03/25 09:45;60,5
02/03/25 10:00;49
02/03/25 10:15;49
02/03/25 10:30;49
02/03/25 10:45;49
02/03/25 11:00;27,5
02/03/25 11:15;27,5
02/03/25 11:30;27,5
02/03/25 11:45;27,5
02/03/25 12:00;40
02/03/25 12:15;40
02/03/25 12:30;40
02/03/25 12:45;40
02/03/25 13:00;42,19
02/03/25 13:15;42,19
02/03/25 13:30;42,19
02/03/25 13:45;42,19
02/03/25 14:00;51,9
02/03/25 14:15;51,9
02/03/25 14:30;51,9
02/03/25 14:45;51,9
02/03/25 15:00;76,04
02/03/25 15:15;76,04
02/03/25 15:30;76,04
02/03/25 15:45;76,04
02/03/25 16:00;82,49
02/03/25 16:15;82,49
02/03/25 16:30;82,49
02/03/25 16:45;82,49
02/03/25 17:00;89,5
02/03/25 17:15;89,5
02/03/25 17:30;89,5
02/03/25 17:45;89,5
02/03/25 18:00;113,95
02/03/25 18:15;113,95
02/03/25 18:30;113,95
02/03/25 18:45;113,95
02/03/25 19:00;124,87
02/03/25 19:15;124,87
02/03/25 19:30;124,87
02/03/25 19:45;124,87
02/03/25 20:00;121,69
02/03/25 20:15;121,69
02/03/25 20:30;121,69
02/03/25 20:45;121,69
02/03/25 21:00;91,5
02/03/25 21:15;91,5
02/03/25 21:30;91,5
02/03/25 21:45;91,5
02/03/25 22:00;79
02/03/25 22:15;79
02/03/25 22:30;79
02/03/25 22:45;79
02/03/25 23:00;78,8
02/03/25 23:15;78,8
02/03/25 23:30;78,8
02/03/25 23:45;78,8
03/03/25 00:00;73
03/03/25 00:15;73
03/03/25 00:30;73
03/03/25 00:45;73
03/03/25 01:00;68,5
03/03/25 01:15;68,5
03/03/25 01:30;68,5
03/03/25 01:45;68,5
03/03/25 02:00;69
03/03/25 02:15;69
03/03/25 02:30;69
03/03/25 02:45;69
03/03/25 03:00;68,57
03/03/25 03:15;68,57
03/03/25 03:30;68,57
03/03/25 03:45;68,57
03/03/25 04:00;78,61
03/03/25 04:15;78,61
03/03/25 04:30;78,61
03/03/25 04:45;78,61
03/03/25 05:00;93
03/03/25 05:15;93
03/03/25 05:30;93
03/03/25 05:45;93
03/03/25 06:00;104,58
03/03/25 06:15;104,58
03/03/25 06:30;104,58
03/03/25 06:45;104,58
03/03/25 07:00;115
03/03/25 07:15;115
03/03/25 07:30;115
03/03/25 07:45;115
03/03/25 08:00;104,58
03/03/25 08:15;104,58
03/03/25 08:30;104,58
03/03/25 08:45;104,58
03/03/25 09:00;105,63
03/03/25 09:15;105,63
03/03/25 09:30;105,63
03/03/25 09:45;105,63
03/03/25 10:00;103,96
03/03/25 10:15;103,96
03/03/25 10:30;103,96
03/03/25 10:45;103,96
03/03/25 11:00;90,48
03/03/25 11:15;90,48
03/03/25 11:30;90,48
03/03/25 11:45;90,48
03/03/25 12:00;90,24
03/03/25 12:15;90,24
03/03/25 12:30;90,24
03/03/25 12:45;90,24
03/03/25 13:00;66,91
03/03/25 13:15;66,91
03/03/25 13:30;66,91
03/03/25 13:45;66,91
03/03/25 14:00;86,44
03/03/25 14:15;86,44
03/03/25 14:30;86,44
03/03/25 14:45;86,44
03/03/25 15:00;98,5
03/03/25 15:15;98,5
03/03/25 15:30;98,5
03/03/25 15:45;98,5
03/03/25 16:00;100,13
03/03/25 16:15;100,13
03/03/25 16:30;100,13
03/03/25 16:45;100,13
03/03/25 17:00;111,5
03/03/25 17:15;111,5
03/03/25 17:30;111,5
03/03/25 17:45;111,5
03/03/25 18:00;135
03/03/25 18:15;135
03/03/25 18:30;135
03/03/25 18:45;135
03/03/25 19:00;149
03/03/25 19:15;149
03/03/25 19:30;149
03/03/25 19:45;149
03/03/25 20:00;122,91
03/03/25 20:15;122,91
03/03/25 20:30;122,91
03/03/25 20:45;122,91
03/03/25 21:00;115
03/03/25 21:15;115
03/03/25 21:30;115
03/03/25 21:45;115
03/03/25 22:00;98,41
03/03/25 22:15;98,41
03/03/25 22:30;98,41
03/03/25 22:45;98,41
03/03/25 23:00;100,13
03/03/25 23:15;100,13
03/03/25 23:30;100,13
03/03/25 23:45;100,13
04/03/25 00:00;104
04/03/25 00:15;104
04/03/25 00:30;104
04/03/25 00:45;104
04/03/25 01:00;101,05
04/03/25 01:15;101,05
04/03/25 01:30;101,05
04/03/25 01:45;101,05
04/03/25 02:00;100,13
04/03/25 02:15;100,13
04/03/25 02:30;100,13
04/03/25 02:45;100,13
04/03/25 03:00;99
04/03/25 03:15;99
04/03/25 03:30;99
04/03/25 03:45;99
04/03/25 04:00;102,61
04/03/25 04:15;102,61
04/03/25 04:30;102,61
04/03/25 04:45;102,61
04/03/25 05:00;96,78
04/03/25 05:15;96,78
04/03/25 05:30;96,78
04/03/25 05:45;96,78
04/03/25 06:00;106,6
04/03/25 06:15;106,6
04/03/25 06:30;106,6
04/03/25 06:45;106,6
04/03/25 07:00;109,24
04/03/25 07:15;109,24
04/03/25 07:30;109,24
04/03/25 07:45;109,24
04/03/25 08:00;102,7
04/03/25 08:15;102,7
04/03/25 08:30;102,7
04/03/25 08:45;102,7
04/03/25 09:00;95,5
04/03/25 09:15;95,5
04/03/25 09:30;95,5
04/03/25 09:45;95,5
04/03/25 10:00;77,85
04/03/25 10:15;77,85
04/03/25 10:30;77,85
04/03/25 10:45;77,85
04/03/25 11:00;63,84
04/03/25 11:15;63,84
04/03/25 11:30;63,84
04/03/25 11:45;63,84
04/03/25 12:00;50,24
04/03/25 12:15;50,24
04/03/25 12:30;50,24
04/03/25 12:45;50,24
04/03/25 13:00;55,1
04/03/25 13:15;55,1
04/03/25 13:30;55,1
04/03/25 13:45;55,1
04/03/25 14:00;66,75
04/03/25 14:15;66,75
04/03/25 14:30;66,75
04/03/25 14:45;66,75
04/03/25 15:00;80
04/03/25 15:15;80
04/03/25 15:30;80
04/03/25 15:45;80
04/03/25 16:00;101
04/03/25 16:15;101
04/03/25 16:30;101
04/03/25 16:45;101
04/03/25 17:00;102,58
04/03/25 17:15;102,58
04/03/25 17:30;102,58
04/03/25 17:45;102,58
04/03/25 18:00;144,28
04/03/25 18:15;144,28
04/03/25 18:30;144,28
04/03/25 18:45;144,28
04/03/25 19:00;132
04/03/25 19:15;132
04/03/25 19:30;132
04/03/25 19:45;132
04/03/25 20:00;117,62
04/03/25 20:15;117,62
04/03/25 20:30;117,62
04/03/25 20:45;117,62
04/03/25 21:00;102,97
04/03/25 21:15;102,97
04/03/25 21:30;102,97
04/03/25 21:45;102,97
04/03/25 22:00;102,7
04/03/25 22:15;102,7
04/03/25 22:30;102,7
04/03/25 22:45;102,7
04/03/25 23:00;86
04/03/25 23:15;86
04/03/25 23:30;86
04/03/25 23:45;86
05/03/25 00:00;84
05/03/25 00:15;84
05/03/25 00:30;84
05/03/25 00:45;84
05/03/25 01:00;83,66
05/03/25 01:15;83,66
05/03/25 01:30;83,66
05/03/25 01:45;83,66
05/03/25 02:00;80
05/03/25 02:15;80
05/03/25 02:30;80
05/03/25 02:45;80
05/03/25 03:00;79,19
05/03/25 03:15;79,19
05/03/25 03:30;79,19
05/03/25 03:45;79,19
05/03/25 04:00;76
05/03/25 04:15;76
05/03/25 04:30;76
05/03/25 04:45;76
05/03/25 05:00;83,66
05/03/25 05:15;83,66
05/03/25 05:30;83,66
05/03/25 05:45;83,66
05/03/25 06:00;109,14
05/03/25 06:15;109,14
05/03/25 06:30;109,14
05/03/25 06:45;109,14
05/03/25 07:00;99,69
05/03/25 07:15;99,69
05/03/25 07:30;99,69
05/03/25 07:45;99,69
05/03/25 08:00;82
05/03/25 08:15;82
05/03/25 08:30;82
05/03/25 08:45;82
05/03/25 09:00;70,2
05/03/25 09:15;70,2
05/03/25 09:30;70,2
05/03/25 09:45;70,2
05/03/25 10:00;50
05/03/25 10:15;50
05/03/25 10:30;50
05/03/25 10:45;50
05/03/25 11:00;41,89
05/03/25 11:15;41,89
05/03/25 11:30;41,89
05/03/25 11:45;41,89
05/03/25 12:00;35,19
05/03/25 12:15;35,19
05/03/25 12:30;35,19
05/03/25 12:45;35,19
05/03/25 13:00;35,3
05/03/25 13:15;35,3
05/03/25 13:30;35,3
05/03/25 13:45;35,3
05/03/25 14:00;50,53
05/03/25 14:15;50,53
05/03/25 14:30;50,53
05/03/25 14:45;50,53
05/03/25 15:00;69,37
05/03/25 15:15;69,37
05/03/25 15:30;69,37
05/03/25 15:45;69,37
05/03/25 16:00;80
05/03/25 16:15;80
05/03/25 16:30;80
05/03/25 16:45;80
05/03/25 17:00;89
05/03/25 17:15;89
05/03/25 17:30;89
05/03/25 17:45;89
05/03/25 18:00;111,31
05/03/25 18:15;111,31
05/03/25 18:30;111,31
05/03/25 18:45;111,31
05/03/25 19:00;112,82
05/03/25 19:15;112,82
05/03/25 19:30;112,82
05/03/25 19:45;112,82
05/03/25 20:00;106,71
05/03/25 20:15;106,71
05/03/25 20:30;106,71
05/03/25 20:45;106,71
05/03/25 21:00;96,96
05/03/25 21:15;96,96
05/03/25 21:30;96,96
05/03/25 21:45;96,96
05/03/25 22:00;80,46
05/03/25 22:15;80,46
05/03/25 22:30;80,46
05/03/25 22:45;80,46
05/03/25 23:00;61
05/03/25 23:15;61
05/03/25 23:30;61
05/03/25 23:45;61
06/03/25 00:00;56
06/03/25 00:15;56
06/03/25 00:30;56
06/03/25 00:45;56
06/03/25 01:00;62
06/03/25 01:15;62
06/03/25 01:30;62
06/03/25 01:45;62
06/03/25 02:00;67,75
06/03/25 02:15;67,75
06/03/25 02:30;67,75
06/03/25 02:45;67,75
06/03/25 03:00;68,9
06/03/25 03:15;68,9
06/03/25 03:30;68,9
06/03/25 03:45;68,9
06/03/25 04:00;70,84
06/03/25 04:15;70,84
06/03/25 04:30;70,84
06/03/25 04:45;70,84
06/03/25 05:00;75,95
06/03/25 05:15;75,95
06/03/25 05:30;75,95
06/03/25 05:45;75,95
06/03/25 06:00;97,49
06/03/25 06:15;97,49
06/03/25 06:30;97,49
06/03/25 06:45;97,49
06/03/25 07:00;101,58
06/03/25 07:15;101,58
06/03/25 07:30;101,58
06/03/25 07:45;101,58
06/03/25 08:00;78,85
06/03/25 08:15;78,85
06/03/25 08:30;78,85
06/03/25 08:45;78,85
06/03/25 09:00;71
06/03/25 09:15;71
06/03/25 09:30;71
06/03/25 09:45;71
06/03/25 10:00;70,2
06/03/25 10:15;70,2
06/03/25 10:30;70,2
06/03/25 10:45;70,2
06/03/25 11:00;67,7
06/03/25 11:15;67,7
06/03/25 11:30;67,7
06/03/25 11:45;67,7
06/03/25 12:00;59,99
06/03/25 12:15;59,99
06/03/25 12:30;59,99
06/03/25 12:45;59,99
06/03/25 13:00;54,19
06/03/25 13:15;54,19
06/03/25 13:30;54,19
06/03/25 13:45;54,19
06/03/25 14:00;54,97
06/03/25 14:15;54,97
06/03/25 14:30;54,97
06/03/25 14:45;54,97
06/03/25 15:00;60,01
06/03/25 15:15;60,01
06/03/25 15:30;60,01
06/03/25 15:45;60,01
06/03/25 16:00;76,99
06/03/25 16:15;76,99
06/03/25 16:30;76,99
06/03/25 16:45;76,99
06/03/25 17:00;101
06/03/25 17:15;101
06/03/25 17:30;101
06/03/25 17:45;101
06/03/25 18:00;126,02
06/03/25 18:15;126,02
06/03/25 18:30;126,02
06/03/25 18:45;126,02
06/03/25 19:00;117,01
06/03/25 19:15;117,01
06/03/25 19:30;117,01
06/03/25 19:45;117,01
06/03/25 20:00;105,51
06/03/25 20:15;105,51
06/03/25 20:30;105,51
06/03/25 20:45;105,51
06/03/25 21:00;91,96
06/03/25 21:15;91,96
06/03/25 21:30;91,96
06/03/25 21:45;91,96
06/03/25 22:00;76,6
06/03/25 22:15;76,6
06/03/25 22:30;76,6
06/03/25 22:45;76,6
06/03/25 23:00;77,33
06/03/25 23:15;77,33
06/03/25 23:30;77,33
06/03/25 23:45;77,33
07/03/25 00:00;69,99
07/03/25 00:15;69,99
07/03/25 00:30;69,99
07/03/25 00:45;69,99
07/03/25 01:00;63,93
07/03/25 01:15;63,93
07/03/25 01:30;63,93
07/03/25 01:45;63,93
07/03/25 02:00;60,01
07/03/25 02:15;60,01
07/03/25 02:30;60,01
07/03/25 02:45;60,01
07/03/25 03:00;60,2
07/03/25 03:15;60,2
07/03/25 03:30;60,2
07/03/25 03:45;60,2
07/03/25 04:00;64,01
07/03/25 04:15;64,01
07/03/25 04:30;64,01
07/03/25 04:45;64,01
07/03/25 05:00;67,98
07/03/25 05:15;67,98
07/03/25 05:30;67,98
07/03/25 05:45;67,98
07/03/25 06:00;77,1
07/03/25 06:15;77,1
07/03/25 06:30;77,1
07/03/25 06:45;77,1
07/03/25 07:00;77,14
07/03/25 07:15;77,14
07/03/25 07:30;77,14
07/03/25 07:45;77,14
07/03/25 08:00;62,27
07/03/25 08:15;62,27
07/03/25 08:30;62,27
07/03/25 08:45;62,27
07/03/25 09:00;60,32
07/03/25 09:15;60,32
07/03/25 09:30;60,32
07/03/25 09:45;60,32
07/03/25 10:00;35
07/03/25 10:15;35
07/03/25 10:30;35
07/03/25 10:45;35
07/03/25 11:00;20,47
07/03/25 11:15;20,47
07/03/25 11:30;20,47
07/03/25 11:45;20,47
07/03/25 12:00;7,82
07/03/25 12:15;7,82
07/03/25 12:30;7,82
07/03/25 12:45;7,82
07/03/25 13:00;23,9
07/03/25 13:15;23,9
07/03/25 13:30;23,9
07/03/25 13:45;23,9
07/03/25 14:00;15,01
07/03/25 14:15;15,01
07/03/25 14:30;15,01
07/03/25 14:45;15,01
07/03/25 15:00;22,34
07/03/25 15:15;22,34
07/03/25 15:30;22,34
07/03/25 15:45;22,34
07/03/25 16:00;29,75
07/03/25 16:15;29,75
07/03/25 16:30;29,75
07/03/25 16:45;29,75
07/03/25 17:00;43,33
07/03/25 17:15;43,33
07/03/25 17:30;43,33
07/03/25 17:45;43,33
07/03/25 18:00;44,1
07/03/25 18:15;44,1
07/03/25 18:30;44,1
07/03/25 18:45;44,1
07/03/25 19:00;52,2
07/03/25 19:15;52,2
07/03/25 19:30;52,2
07/03/25 19:45;52,2
07/03/25 20:00;50
07/03/25 20:15;50
07/03/25 20:30;50
07/03/25 20:45;50
07/03/25 21:00;50
07/03/25 21:15;50
07/03/25 21:30;50
07/03/25 21:45;50
07/03/25 22:00;43,84
07/03/25 22:15;43,84
07/03/25 22:30;43,84
07/03/25 22:45;43,84
07/03/25 23:00;29
07/03/25 23:15;29
07/03/25 23:30;29
07/03/25 23:45;29
08/03/25 00:00;13,2
08/03/25 00:15;13,2
08/03/25 00:30;13,2
08/03/25 00:45;13,2
08/03/25 01:00;13,2
08/03/25 01:15;13,2
08/03/25 01:30;13,2
08/03/25 01:45;13,2
08/03/25 02:00;12,2
08/03/25 02:15;12,2
08/03/25 02:30;12,2
08/03/25 02:45;12,2
08/03/25 03:00;7,19
08/03/25 03:15;7,19
08/03/25 03:30;7,19
08/03/25 03:45;7,19
08/03/25 04:00;5
08/03/25 04:15;5
08/03/25 04:30;5
08/03/25 04:45;5
08/03/25 05:00;8,9
08/03/25 05:15;8,9
08/03/25 05:30;8,9
08/03/25 05:45;8,9
08/03/25 06:00;10,96
08/03/25 06:15;10,96
08/03/25 06:30;10,96
08/03/25 06:45;10,96
08/03/25 07:00;5
08/03/25 07:15;5
08/03/25 07:30;5
08/03/25 07:45;5
08/03/25 08:00;6,99
08/03/25 08:15;6,99
08/03/25 08:30;6,99
08/03/25 08:45;6,99
08/03/25 09:00;3,52
08/03/25 09:15;3,52
08/03/25 09:30;3,52
08/03/25 09:45;3,52
08/03/25 10:00;3,52
08/03/25 10:15;3,52
08/03/25 10:30;3,52
08/03/25 10:45;3,52
08/03/25 11:00;2,99
08/03/25 11:15;2,99
08/03/25 11:30;2,99
08/03/25 11:45;2,99
08/03/25 12:00;1
08/03/25 12:15;1
08/03/25 12:30;1
08/03/25 12:45;1
08/03/25 13:00;0,07
08/03/25 13:15;0,07
08/03/25 13:30;0,07
08/03/25 13:45;0,07
08/03/25 14:00;0,02
08/03/25 14:15;0,02
08/03/25 14:30;0,02
08/03/25 14:45;0,02
08/03/25 15:00;0,65
08/03/25 15:15;0,65
08/03/25 15:30;0,65
08/03/25 15:45;0,65
08/03/25 16:00;3,52
08/03/25 16:15;3,52
08/03/25 16:30;3,52
08/03/25 16:45;3,52
08/03/25 17:00;35
08/03/25 17:15;35
08/03/25 17:30;35
08/03/25 17:45;35
08/03/25 18:00;43,38
08/03/25 18:15;43,38
08/03/25 18:30;43,38
08/03/25 18:45;43,38
08/03/25 19:00;41,23
08/03/25 19:15;41,23
08/03/25 19:30;41,23
08/03/25 19:45;41,23
08/03/25 20:00;40,65
08/03/25 20:15;40,65
08/03/25 20:30;40,65
08/03/25 20:45;40,65
08/03/25 21:00;40
08/03/25 21:15;40
08/03/25 21:30;40
08/03/25 21:45;40
08/03/25 22:00;38,1
08/03/25 22:15;38,1
08/03/25 22:30;38,1
08/03/25 22:45;38,1
08/03/25 23:00;35,4
08/03/25 23:15;35,4
08/03/25 23:30;35,4
08/03/25 23:45;35,4
09/03/25 00:00;35,01
09/03/25 00:15;35,01
09/03/25 00:30;35,01
09/03/25 00:45;35,01
09/03/25 01:00;35,01
09/03/25 01:15;35,01
09/03/25 01:30;35,01
09/03/25 01:45;35,01
09/03/25 02:00;33,29
09/03/25 02:15;33,29
09/03/25 02:30;33,29
09/03/25 02:45;33,29
09/03/25 03:00;29,97
09/03/25 03:15;29,97
09/03/25 03:30;29,97
09/03/25 03:45;29,97
09/03/25 04:00;31,4
09/03/25 04:15;31,4
09/03/25 04:30;31,4
09/03/25 04:45;31,4
09/03/25 05:00;31,81
09/03/25 05:15;31,81
09/03/25 05:30;31,81
09/03/25 05:45;31,81
09/03/25 06:00;35
09/03/25 06:15;35
09/03/25 06:30;35
09/03/25 06:45;35
09/03/25 07:00;35
09/03/25 07:15;35
09/03/25 07:30;35
09/03/25 07:45;35
09/03/25 08:00;29,27
09/03/25 08:15;29,27
09/03/25 08:30;29,27
09/03/25 08:45;29,27
09/03/25 09:00;10,1
09/03/25 09:15;10,1
09/03/25 09:30;10,1
09/03/25 09:45;10,1
09/03/25 10:00;9,13
09/03/25 10:15;9,13
09/03/25 10:30;9,13
09/03/25 10:45;9,13
09/03/25 11:00;13,2
09/03/25 11:15;13,2
09/03/25 11:30;13,2
09/03/25 11:45;13,2
09/03/25 12:00;7,1
09/03/25 12:15;7,1
09/03/25 12:30;7,1
09/03/25 12:45;7,1
09/03/25 13:00;3,52
09/03/25 13:15;3,52
09/03/25 13:30;3,52
09/03/25 13:45;3,52
09/03/25 14:00;17,39
09/03/25 14:15;17,39
09/03/25 14:30;17,39
09/03/25 14:45;17,39
09/03/25 15:00;35,01
09/03/25 15:15;35,01
09/03/25 15:30;35,01
09/03/25 15:45;35,01
09/03/25 16:00;47,68
09/03/25 16:15;47,68
09/03/25 16:30;47,68
09/03/25 16:45;47,68
09/03/25 17:00;89,02
09/03/25 17:15;89,02
09/03/25 17:30;89,02
09/03/25 17:45;89,02
09/03/25 18:00;124,5
09/03/25 18:15;124,5
09/03/25 18:30;124,5
09/03/25 18:45;124,5
09/03/25 19:00;127,6
09/03/25 19:15;127,6
09/03/25 19:30;127,6
09/03/25 19:45;127,6
09/03/25 20:00;115,66
09/03/25 20:15;115,66
09/03/25 20:30;115,66
09/03/25 20:45;115,66
09/03/25 21:00;97,04
09/03/25 21:15;97,04
09/03/25 21:30;97,04
09/03/25 21:45;97,04
09/03/25 22:00;88,06
09/03/25 22:15;88,06
09/03/25 22:30;88,06
09/03/25 22:45;88,06
09/03/25 23:00;85,51
09/03/25 23:15;85,51
09/03/25 23:30;85,51
09/03/25 23:45;85,51
10/03/25 00:00;78,03
10/03/25 00:15;78,03
10/03/25 00:30;78,03
10/03/25 00:45;78,03
10/03/25 01:00;73,01
10/03/25 01:15;73,01
10/03/25 01:30;73,01
10/03/25 01:45;73,01
10/03/25 02:00;71,31
10/03/25 02:15;71,31
10/03/25 02:30;71,31
10/03/25 02:45;71,31
10/03/25 03:00;66,7
10/03/25 03:15;66,7
10/03/25 03:30;66,7
10/03/25 03:45;66,7
10/03/25 04:00;73,43
10/03/25 04:15;73,43
10/03/25 04:30;73,43
10/03/25 04:45;73,43
10/03/25 05:00;75,51
10/03/25 05:15;75,51
10/03/25 05:30;75,51
10/03/25 05:45;75,51
10/03/25 06:00;78,03
10/03/25 06:15;78,03
10/03/25 06:30;78,03
10/03/25 06:45;78,03
10/03/25 07:00;84,38
10/03/25 07:15;84,38
10/03/25 07:30;84,38
10/03/25 07:45;84,38
10/03/25 08:00;93,03
10/03/25 08:15;93,03
10/03/25 08:30;93,03
10/03/25 08:45;93,03
10/03/25 09:00;82,99
10/03/25 09:15;82,99
10/03/25 09:30;82,99
10/03/25 09:45;82,99
10/03/25 10:00;78
10/03/25 10:15;78
10/03/25 10:30;78
10/03/25 10:45;78
10/03/25 11:00;76,02
10/03/25 11:15;76,02
10/03/25 11:30;76,02
10/03/25 11:45;76,02
10/03/25 12:00;77,32
10/03/25 12:15;77,32
10/03/25 12:30;77,32
10/03/25 12:45;77,32
10/03/25 13:00;75,51
10/03/25 13:15;75,51
10/03/25 13:30;75,51
10/03/25 13:45;75,51
10/03/25 14:00;69,11
10/03/25 14:15;69,11
10/03/25 14:30;69,11
10/03/25 14:45;69,11
10/03/25 15:00;77,86
10/03/25 15:15;77,86
10/03/25 15:30;77,86
10/03/25 15:45;77,86
10/03/25 16:00;95,92
10/03/25 16:15;95,92
10/03/25 16:30;95,92
10/03/25 16:45;95,92
10/03/25 17:00;117,84
10/03/25 17:15;117,84
10/03/25 17:30;117,84
10/03/25 17:45;117,84
10/03/25 18:00;152,05
10/03/25 18:15;152,05
10/03/25 18:30;152,05
10/03/25 18:45;152,05
10/03/25 19:00;131,6
10/03/25 19:15;131,6
10/03/25 19:30;131,6
10/03/25 19:45;131,6
10/03/25 20:00;110
10/03/25 20:15;110
10/03/25 20:30;110
10/03/25 20:45;110
10/03/25 21:00;100
10/03/25 21:15;100
10/03/25 21:30;100
10/03/25 21:45;100
10/03/25 22:00;92
10/03/25 22:15;92
10/03/25 22:30;92
10/03/25 22:45;92
10/03/25 23:00;91
10/03/25 23:15;91
10/03/25 23:30;91
10/03/25 23:45;91
11/03/25 00:00;87,45
11/03/25 00:15;87,45
11/03/25 00:30;87,45
11/03/25 00:45;87,45
11/03/25 01:00;84,47
11/03/25 01:15;84,47
11/03/25 01:30;84,47
11/03/25 01:45;84,47
11/03/25 02:00;82,36
11/03/25 02:15;82,36
11/03/25 02:30;82,36
11/03/25 02:45;82,36
11/03/25 03:00;82,36
11/03/25 03:15;82,36
11/03/25 03:30;82,36
11/03/25 03:45;82,36
11/03/25 04:00;91,92
11/03/25 04:15;91,92
11/03/25 04:30;91,92
11/03/25 04:45;91,92
11/03/25 05:00;92,8
11/03/25 05:15;92,8
11/03/25 05:30;92,8
11/03/25 05:45;92,8
11/03/25 06:00;114,57
11/03/25 06:15;114,57
11/03/25 06:30;114,57
11/03/25 06:45;114,57
11/03/25 07:00;126,96
11/03/25 07:15;126,96
11/03/25 07:30;126,96
11/03/25 07:45;126,96
11/03/25 08:00;100,93
11/03/25 08:15;100,93
11/03/25 08:30;100,93
11/03/25 08:45;100,93
11/03/25 09:00;92,22
11/03/25 09:15;92,22
11/03/25 09:30;92,22
11/03/25 09:45;92,22
11/03/25 10:00;80
11/03/25 10:15;80
11/03/25 10:30;80
11/03/25 10:45;80
11/03/25 11:00;82,92
11/03/25 11:15;82,92
11/03/25 11:30;82,92
11/03/25 11:45;82,92
11/03/25 12:00;77,87
11/03/25 12:15;77,87
11/03/25 12:30;77,87
11/03/25 12:45;77,87
11/03/25 13:00;75
11/03/25 13:15;75
11/03/25 13:30;75
11/03/25 13:45;75
11/03/25 14:00;69,1
11/03/25 14:15;69,1
11/03/25 14:30;69,1
11/03/25 14:45;69,1
11/03/25 15:00;69,1
11/03/25 15:15;69,1
11/03/25 15:30;69,1
11/03/25 15:45;69,1
11/03/25 16:00;82,5
11/03/25 16:15;82,5
11/03/25 16:30;82,5
11/03/25 16:45;82,5
11/03/25 17:00;114,5
11/03/25 17:15;114,5
11/03/25 17:30;114,5
11/03/25 17:45;114,5
11/03/25 18:00;157,5
11/03/25 18:15;157,5
11/03/25 18:30;157,5
11/03/25 18:45;157,5
11/03/25 19:00;137,84
11/03/25 19:15;137,84
11/03/25 19:30;137,84
11/03/25 19:45;137,84
11/03/25 20:00;119,33
11/03/25 20:15;119,33
11/03/25 20:30;119,33
11/03/25 20:45;119,33
11/03/25 21:00;108,78
11/03/25 21:15;108,78
11/03/25 21:30;108,78
11/03/25 21:45;108,78
11/03/25 22:00;105,16
11/03/25 22:15;105,16
11/03/25 22:30;105,16
11/03/25 22:45;105,16
11/03/25 23:00;84,99
11/03/25 23:15;84,99
11/03/25 23:30;84,99
11/03/25 23:45;84,99
12/03/25 00:00;71,97
12/03/25 00:15;71,97
12/03/25 00:30;71,97
12/03/25 00:45;71,97
12/03/25 01:00;69,1
12/03/25 01:15;69,1
12/03/25 01:30;69,1
12/03/25 01:45;69,1
12/03/25 02:00;71,58
12/03/25 02:15;71,58
12/03/25 02:30;71,58
12/03/25 02:45;71,58
12/03/25 03:00;71,14
12/03/25 03:15;71,14
12/03/25 03:30;71,14
12/03/25 03:45;71,14
12/03/25 04:00;70,01
12/03/25 04:15;70,01
12/03/25 04:30;70,01
12/03/25 04:45;70,01
12/03/25 05:00;78,5
12/03/25 05:15;78,5
12/03/25 05:30;78,5
12/03/25 05:45;78,5
12/03/25 06:00;103,08
12/03/25 06:15;103,08
12/03/25 06:30;103,08
12/03/25 06:45;103,08
12/03/25 07:00;104,44
12/03/25 07:15;104,44
12/03/25 07:30;104,44
12/03/25 07:45;104,44
12/03/25 08:00;85
12/03/25 08:15;85
12/03/25 08:30;85
12/03/25 08:45;85
12/03/25 09:00;75,85
12/03/25 09:15;75,85
12/03/25 09:30;75,85
12/03/25 09:45;75,85
12/03/25 10:00;71,97
12/03/25 10:15;71,97
12/03/25 10:30;71,97
12/03/25 10:45;71,97
12/03/25 11:00;70,39
12/03/25 11:15;70,39
12/03/25 11:30;70,39
12/03/25 11:45;70,39
12/03/25 12:00;70,01
12/03/25 12:15;70,01
12/03/25 12:30;70,01
12/03/25 12:45;70,01
12/03/25 13:00;70,01
12/03/25 13:15;70,01
12/03/25 13:30;70,01
12/03/25 13:45;70,01
12/03/25 14:00;71,83
12/03/25 14:15;71,83
12/03/25 14:30;71,83
12/03/25 14:45;71,83
12/03/25 15:00;75,01
12/03/25 15:15;75,01
12/03/25 15:30;75,01
12/03/25 15:45;75,01
12/03/25 16:00;103,08
12/03/25 16:15;103,08
12/03/25 16:30;103,08
12/03/25 16:45;103,08
12/03/25 17:00;130,41
12/03/25 17:15;130,41
12/03/25 17:30;130,41
12/03/25 17:45;130,41
12/03/25 18:00;176,69
12/03/25 18:15;176,69
12/03/25 18:30;176,69
12/03/25 18:45;176,69
12/03/25 19:00;146,37
12/03/25 19:15;146,37
12/03/25 19:30;146,37
12/03/25 19:45;146,37
12/03/25 20:00;132,2
12/03/25 20:15;132,2
12/03/25 20:30;132,2
12/03/25 20:45;132,2
12/03/25 21:00;120
12/03/25 21:15;120
12/03/25 21:30;120
12/03/25 21:45;120
12/03/25 22:00;109,91
12/03/25 22:15;109,91
12/03/25 22:30;109,91
12/03/25 22:45;109,91
12/03/25 23:00;108,58
12/03/25 23:15;108,58
12/03/25 23:30;108,58
12/03/25 23:45;108,58
13/03/25 00:00;103,46
13/03/25 00:15;103,46
13/03/25 00:30;103,46
13/03/25 00:45;103,46
13/03/25 01:00;101,25
13/03/25 01:15;101,25
13/03/25 01:30;101,25
13/03/25 01:45;101,25
13/03/25 02:00;95,12
13/03/25 02:15;95,12
13/03/25 02:30;95,12
13/03/25 02:45;95,12
13/03/25 03:00;90,8
13/03/25 03:15;90,8
13/03/25 03:30;90,8
13/03/25 03:45;90,8
13/03/25 04:00;99
13/03/25 04:15;99
13/03/25 04:30;99
13/03/25 04:45;99
13/03/25 05:00;110,01
13/03/25 05:15;110,01
13/03/25 05:30;110,01
13/03/25 05:45;110,01
13/03/25 06:00;152,28
13/03/25 06:15;152,28
13/03/25 06:30;152,28
13/03/25 06:45;152,28
13/03/25 07:00;156,41
13/03/25 07:15;156,41
13/03/25 07:30;156,41
13/03/25 07:45;156,41
13/03/25 08:00;140
13/03/25 08:15;140
13/03/25 08:30;140
13/03/25 08:45;140
13/03/25 09:00;117,56
13/03/25 09:15;117,56
13/03/25 09:30;117,56
13/03/25 09:45;117,56
13/03/25 10:00;110,54
13/03/25 10:15;110,54
13/03/25 10:30;110,54
13/03/25 10:45;110,54
13/03/25 11:00;102,75
13/03/25 11:15;102,75
13/03/25 11:30;102,75
13/03/25 11:45;102,75
13/03/25 12:00;95,12
13/03/25 12:15;95,12
13/03/25 12:30;95,12
13/03/25 12:45;95,12
13/03/25 13:00;92,38
13/03/25 13:15;92,38
13/03/25 13:30;92,38
13/03/25 13:45;92,38
13/03/25 14:00;92,47
13/03/25 14:15;92,47
13/03/25 14:30;92,47
13/03/25 14:45;92,47
13/03/25 15:00;92,38
13/03/25 15:15;92,38
13/03/25 15:30;92,38
13/03/25 15:45;92,38
13/03/25 16:00;92,47
13/03/25 16:15;92,47
13/03/25 16:30;92,47
13/03/25 16:45;92,47
13/03/25 17:00;107,1
13/03/25 17:15;107,1
13/03/25 17:30;107,1
13/03/25 17:45;107,1
13/03/25 18:00;160,86
13/03/25 18:15;160,86
13/03/25 18:30;160,86
13/03/25 18:45;160,86
13/03/25 19:00;149
13/03/25 19:15;149
13/03/25 19:30;149
13/03/25 19:45;149
13/03/25 20:00;126,51
13/03/25 20:15;126,51
13/03/25 20:30;126,51
13/03/25 20:45;126,51
13/03/25 21:00;103,5
13/03/25 21:15;103,5
13/03/25 21:30;103,5
13/03/25 21:45;103,5
13/03/25 22:00;81,9
13/03/25 22:15;81,9
13/03/25 22:30;81,9
13/03/25 22:45;81,9
13/03/25 23:00;49,75
13/03/25 23:15;49,75
13/03/25 23:30;49,75
13/03/25 23:45;49,75
14/03/25 00:00;39
14/03/25 00:15;39
14/03/25 00:30;39
14/03/25 00:45;39
14/03/25 01:00;35,1
14/03/25 01:15;35,1
14/03/25 01:30;35,1
14/03/25 01:45;35,1
14/03/25 02:00;35,01
14/03/25 02:15;35,01
14/03/25 02:30;35,01
14/03/25 02:45;35,01
14/03/25 03:00;37
14/03/25 03:15;37
14/03/25 03:30;37
14/03/25 03:45;37
14/03/25 04:00;42,28
14/03/25 04:15;42,28
14/03/25 04:30;42,28
14/03/25 04:45;42,28
14/03/25 05:00;62,84
14/03/25 05:15;62,84
14/03/25 05:30;62,84
14/03/25 05:45;62,84
14/03/25 06:00;95,8
14/03/25 06:15;95,8
14/03/25 06:30;95,8
14/03/25 06:45;95,8
14/03/25 07:00;96,3
14/03/25 07:15;96,3
14/03/25 07:30;96,3
14/03/25 07:45;96,3
14/03/25 08:00;63,1
14/03/25 08:15;63,1
14/03/25 08:30;63,1
14/03/25 08:45;63,1
14/03/25 09:00;38
14/03/25 09:15;38
14/03/25 09:30;38
14/03/25 09:45;38
14/03/25 10:00;25
14/03/25 10:15;25
14/03/25 10:30;25
14/03/25 10:45;25
14/03/25 11:00;24,7
14/03/25 11:15;24,7
14/03/25 11:30;24,7
14/03/25 11:45;24,7
14/03/25 12:00;18,82
14/03/25 12:15;18,82
14/03/25 12:30;18,82
14/03/25 12:45;18,82
14/03/25 13:00;5,76
14/03/25 13:15;5,76
14/03/25 13:30;5,76
14/03/25 13:45;5,76
14/03/25 14:00;5
14/03/25 14:15;5
14/03/25 14:30;5
14/03/25 14:45;5
14/03/25 15:00;14
14/03/25 15:15;14
14/03/25 15:30;14
14/03/25 15:45;14
14/03/25 16:00;37
14/03/25 16:15;37
14/03/25 16:30;37
14/03/25 16:45;37
14/03/25 17:00;83,35
14/03/25 17:15;83,35
14/03/25 17:30;83,35
14/03/25 17:45;83,35
14/03/25 18:00;134,5
14/03/25 18:15;134,5
14/03/25 18:30;134,5
14/03/25 18:45;134,5
14/03/25 19:00;130,01
14/03/25 19:15;130,01
14/03/25 19:30;130,01
14/03/25 19:45;130,01
14/03/25 20:00;111,39
14/03/25 20:15;111,39
14/03/25 20:30;111,39
14/03/25 20:45;111,39
14/03/25 21:00;104,14
14/03/25 21:15;104,14
14/03/25 21:30;104,14
14/03/25 21:45;104,14
14/03/25 22:00;96,54
14/03/25 22:15;96,54
14/03/25 22:30;96,54
14/03/25 22:45;96,54
14/03/25 23:00;82,26
14/03/25 23:15;82,26
14/03/25 23:30;82,26
14/03/25 23:45;82,26
15/03/25 00:00;66,79
15/03/25 00:15;66,79
15/03/25 00:30;66,79
15/03/25 00:45;66,79
15/03/25 01:00;59,43
15/03/25 01:15;59,43
15/03/25 01:30;59,43
15/03/25 01:45;59,43
15/03/25 02:00;49,71
15/03/25 02:15;49,71
15/03/25 02:30;49,71
15/03/25 02:45;49,71
15/03/25 03:00;44,72
15/03/25 03:15;44,72
15/03/25 03:30;44,72
15/03/25 03:45;44,72
15/03/25 04:00;44,72
15/03/25 04:15;44,72
15/03/25 04:30;44,72
15/03/25 04:45;44,72
15/03/25 05:00;49,58
15/03/25 05:15;49,58
15/03/25 05:30;49,58
15/03/25 05:45;49,58
15/03/25 06:00;59,68
15/03/25 06:15;59,68
15/03/25 06:30;59,68
15/03/25 06:45;59,68
15/03/25 07:00;34,22
15/03/25 07:15;34,22
15/03/25 07:30;34,22
15/03/25 07:45;34,22
15/03/25 08:00;3,52
15/03/25 08:15;3,52
15/03/25 08:30;3,52
15/03/25 08:45;3,52
15/03/25 09:00;0
15/03/25 09:15;0
15/03/25 09:30;0
15/03/25 09:45;0
15/03/25 10:00;0
15/03/25 10:15;0
15/03/25 10:30;0
15/03/25 10:45;0
15/03/25 11:00;0
15/03/25 11:15;0
15/03/25 11:30;0
15/03/25 11:45;0
15/03/25 12:00;0,01
15/03/25 12:15;0,01
15/03/25 12:30;0,01
15/03/25 12:45;0,01
15/03/25 13:00;0
15/03/25 13:15;0
15/03/25 13:30;0
15/03/25 13:45;0
15/03/25 14:00;0,02
15/03/25 14:15;0,02
15/03/25 14:30;0,02
15/03/25 14:45;0,02
15/03/25 15:00;1
15/03/25 15:15;1
15/03/25 15:30;1
15/03/25 15:45;1
15/03/25 16:00;29,52
15/03/25 16:15;29,52
15/03/25 16:30;29,52
15/03/25 16:45;29,52
15/03/25 17:00;85
15/03/25 17:15;85
15/03/25 17:30;85
15/03/25 17:45;85
15/03/25 18:00;132,96
15/03/25 18:15;132,96
15/03/25 18:30;132,96
15/03/25 18:45;132,96
15/03/25 19:00;121,46
15/03/25 19:15;121,46
15/03/25 19:30;121,46
15/03/25 19:45;121,46
15/03/25 20:00;108,5
15/03/25 20:15;108,5
15/03/25 20:30;108,5
15/03/25 20:45;108,5
15/03/25 21:00;105,02
15/03/25 21:15;105,02
15/03/25 21:30;105,02
15/03/25 21:45;105,02
15/03/25 22:00;95,25
15/03/25 22:15;95,25
15/03/25 22:30;95,25
15/03/25 22:45;95,25
15/03/25 23:00;82,93
15/03/25 23:15;82,93
15/03/25 23:30;82,93
15/03/25 23:45;82,93
16/03/25 00:00;70
16/03/25 00:15;70
16/03/25 00:30;70
16/03/25 00:45;70
16/03/25 01:00;65
16/03/25 01:15;65
16/03/25 01:30;65
16/03/25 01:45;65
16/03/25 02:00;65
16/03/25 02:15;65
16/03/25 02:30;65
16/03/25 02:45;65
16/03/25 03:00;63,02
16/03/25 03:15;63,02
16/03/25 03:30;63,02
16/03/25 03:45;63,02
16/03/25 04:00;65
16/03/25 04:15;65
16/03/25 04:30;65
16/03/25 04:45;65
16/03/25 05:00;65
16/03/25 05:15;65
16/03/25 05:30;65
16/03/25 05:45;65
16/03/25 06:00;67,8
16/03/25 06:15;67,8
16/03/25 06:30;67,8
16/03/25 06:45;67,8
16/03/25 07:00;60,35
16/03/25 07:15;60,35
16/03/25 07:30;60,35
16/03/25 07:45;60,35
16/03/25 08:00;40,5
16/03/25 08:15;40,5
16/03/25 08:30;40,5
16/03/25 08:45;40,5
16/03/25 09:00;25,3
16/03/25 09:15;25,3
16/03/25 09:30;25,3
16/03/25 09:45;25,3
16/03/25 10:00;11,06
16/03/25 10:15;11,06
16/03/25 10:30;11,06
16/03/25 10:45;11,06
16/03/25 11:00;10,52
16/03/25 11:15;10,52
16/03/25 11:30;10,52
16/03/25 11:45;10,52
16/03/25 12:00;11,37
16/03/25 12:15;11,37
16/03/25 12:30;11,37
16/03/25 12:45;11,37
16/03/25 13:00;9,94
16/03/25 13:15;9,94
16/03/25 13:30;9,94
16/03/25 13:45;9,94
16/03/25 14:00;6,99
16/03/25 14:15;6,99
16/03/25 14:30;6,99
16/03/25 14:45;6,99
16/03/25 15:00;25,3
16/03/25 15:15;25,3
16/03/25 15:30;25,3
16/03/25 15:45;25,3
16/03/25 16:00;46
16/03/25 16:15;46
16/03/25 16:30;46
16/03/25 16:45;46
16/03/25 17:00;82,93
16/03/25 17:15;82,93
16/03/25 17:30;82,93
16/03/25 17:45;82,93
16/03/25 18:00;140
16/03/25 18:15;140
16/03/25 18:30;140
16/03/25 18:45;140
16/03/25 19:00;130,43
16/03/25 19:15;130,43
16/03/25 19:30;130,43
16/03/25 19:45;130,43
16/03/25 20:00;113,31
16/03/25 20:15;113,31
16/03/25 20:30;113,31
16/03/25 20:45;113,31
16/03/25 21:00;107,05
16/03/25 21:15;107,05
16/03/25 21:30;107,05
16/03/25 21:45;107,05
16/03/25 22:00;89
16/03/25 22:15;89
16/03/25 22:30;89
16/03/25 22:45;89
16/03/25 23:00;83,55
16/03/25 23:15;83,55
16/03/25 23:30;83,55
16/03/25 23:45;83,55
17/03/25 00:00;71,26
17/03/25 00:15;71,26
17/03/25 00:30;71,26
17/03/25 00:45;71,26
17/03/25 01:00;74,66
17/03/25 01:15;74,66
17/03/25 01:30;74,66
17/03/25 01:45;74,66
17/03/25 02:00;71,26
17/03/25 02:15;71,26
17/03/25 02:30;71,26
17/03/25 02:45;71,26
17/03/25 03:00;71,26
17/03/25 03:15;71,26
17/03/25 03:30;71,26
17/03/25 03:45;71,26
17/03/25 04:00;69,6
17/03/25 04:15;69,6
17/03/25 04:30;69,6
17/03/25 04:45;69,6
17/03/25 05:00;74,66
17/03/25 05:15;74,66
17/03/25 05:30;74,66
17/03/25 05:45;74,66
17/03/25 06:00;75,85
17/03/25 06:15;75,85
17/03/25 06:30;75,85
17/03/25 06:45;75,85
17/03/25 07:00;92,16
17/03/25 07:15;92,16
17/03/25 07:30;92,16
17/03/25 07:45;92,16
17/03/25 08:00;99
17/03/25 08:15;99
17/03/25 08:30;99
17/03/25 08:45;99
17/03/25 09:00;81,1
17/03/25 09:15;81,1
17/03/25 09:30;81,1
17/03/25 09:45;81,1
17/03/25 10:00;70,07
17/03/25 10:15;70,07
17/03/25 10:30;70,07
17/03/25 10:45;70,07
17/03/25 11:00;58,9
17/03/25 11:15;58,9
17/03/25 11:30;58,9
17/03/25 11:45;58,9
17/03/25 12:00;50,24
17/03/25 12:15;50,24
17/03/25 12:30;50,24
17/03/25 12:45;50,24
17/03/25 13:00;50,24
17/03/25 13:15;50,24
17/03/25 13:30;50,24
17/03/25 13:45;50,24
17/03/25 14:00;60,34
17/03/25 14:15;60,34
17/03/25 14:30;60,34
17/03/25 14:45;60,34
17/03/25 15:00;68,1
17/03/25 15:15;68,1
17/03/25 15:30;68,1
17/03/25 15:45;68,1
17/03/25 16:00;80,67
17/03/25 16:15;80,67
17/03/25 16:30;80,67
17/03/25 16:45;80,67
17/03/25 17:00;111,93
17/03/25 17:15;111,93
17/03/25 17:30;111,93
17/03/25 17:45;111,93
17/03/25 18:00;170
17/03/25 18:15;170
17/03/25 18:30;170
17/03/25 18:45;170
17/03/25 19:00;141,5
17/03/25 19:15;141,5
17/03/25 19:30;141,5
17/03/25 19:45;141,5
17/03/25 20:00;110,96
17/03/25 20:15;110,96
17/03/25 20:30;110,96
17/03/25 20:45;110,96
17/03/25 21:00;104,18
17/03/25 21:15;104,18
17/03/25 21:30;104,18
17/03/25 21:45;104,18
17/03/25 22:00;75,85
17/03/25 22:15;75,85
17/03/25 22:30;75,85
17/03/25 22:45;75,85
17/03/25 23:00;70,79
17/03/25 23:15;70,79
17/03/25 23:30;70,79
17/03/25 23:45;70,79
18/03/25 00:00;40,3
18/03/25 00:15;40,3
18/03/25 00:30;40,3
18/03/25 00:45;40,3
18/03/25 01:00;37,84
18/03/25 01:15;37,84
18/03/25 01:30;37,84
18/03/25 01:45;37,84
18/03/25 02:00;40
18/03/25 02:15;40
18/03/25 02:30;40
18/03/25 02:45;40
18/03/25 03:00;39,8
18/03/25 03:15;39,8
18/03/25 03:30;39,8
18/03/25 03:45;39,8
18/03/25 04:00;38,31
18/03/25 04:15;38,31
18/03/25 04:30;38,31
18/03/25 04:45;38,31
18/03/25 05:00;54,23
18/03/25 05:15;54,23
18/03/25 05:30;54,23
18/03/25 05:45;54,23
18/03/25 06:00;78,87
18/03/25 06:15;78,87
18/03/25 06:30;78,87
18/03/25 06:45;78,87
18/03/25 07:00;94,14
18/03/25 07:15;94,14
18/03/25 07:30;94,14
18/03/25 07:45;94,14
18/03/25 08:00;72,65
18/03/25 08:15;72,65
18/03/25 08:30;72,65
18/03/25 08:45;72,65
18/03/25 09:00;37,84
18/03/25 09:15;37,84
18/03/25 09:30;37,84
18/03/25 09:45;37,84
18/03/25 10:00;12,84
18/03/25 10:15;12,84
18/03/25 10:30;12,84
18/03/25 10:45;12,84
18/03/25 11:00;20,2
18/03/25 11:15;20,2
18/03/25 11:30;20,2
18/03/25 11:45;20,2
18/03/25 12:00;5,19
18/03/25 12:15;5,19
18/03/25 12:30;5,19
18/03/25 12:45;5,19
18/03/25 13:00;6,03
18/03/25 13:15;6,03
18/03/25 13:30;6,03
18/03/25 13:45;6,03
18/03/25 14:00;24,59
18/03/25 14:15;24,59
18/03/25 14:30;24,59
18/03/25 14:45;24,59
18/03/25 15:00;33
18/03/25 15:15;33
18/03/25 15:30;33
18/03/25 15:45;33
18/03/25 16:00;41,89
18/03/25 16:15;41,89
18/03/25 16:30;41,89
18/03/25 16:45;41,89
18/03/25 17:00;72
18/03/25 17:15;72
18/03/25 17:30;72
18/03/25 17:45;72
18/03/25 18:00;150,79
18/03/25 18:15;150,79
18/03/25 18:30;150,79
18/03/25 18:45;150,79
18/03/25 19:00;136,97
18/03/25 19:15;136,97
18/03/25 19:30;136,97
18/03/25 19:45;136,97
18/03/25 20:00;105,69
18/03/25 20:15;105,69
18/03/25 20:30;105,69
18/03/25 20:45;105,69
18/03/25 21:00;90,95
18/03/25 21:15;90,95
18/03/25 21:30;90,95
18/03/25 21:45;90,95
18/03/25 22:00;79,43
18/03/25 22:15;79,43
18/03/25 22:30;79,43
18/03/25 22:45;79,43
18/03/25 23:00;46,68
18/03/25 23:15;46,68
18/03/25 23:30;46,68
18/03/25 23:45;46,68
19/03/25 00:00;44,02
19/03/25 00:15;44,02
19/03/25 00:30;44,02
19/03/25 00:45;44,02
19/03/25 01:00;39,92
19/03/25 01:15;39,92
19/03/25 01:30;39,92
19/03/25 01:45;39,92
19/03/25 02:00;35,01
19/03/25 02:15;35,01
19/03/25 02:30;35,01
19/03/25 02:45;35,01
19/03/25 03:00;35,01
19/03/25 03:15;35,01
19/03/25 03:30;35,01
19/03/25 03:45;35,01
19/03/25 04:00;35
19/03/25 04:15;35
19/03/25 04:30;35
19/03/25 04:45;35
19/03/25 05:00;20,68
19/03/25 05:15;20,68
19/03/25 05:30;20,68
19/03/25 05:45;20,68
19/03/25 06:00;29,42
19/03/25 06:15;29,42
19/03/25 06:30;29,42
19/03/25 06:45;29,42
19/03/25 07:00;31,29
19/03/25 07:15;31,29
19/03/25 07:30;31,29
19/03/25 07:45;31,29
19/03/25 08:00;20,19
19/03/25 08:15;20,19
19/03/25 08:30;20,19
19/03/25 08:45;20,19
19/03/25 09:00;6
19/03/25 09:15;6
19/03/25 09:30;6
19/03/25 09:45;6
19/03/25 10:00;0,22
19/03/25 10:15;0,22
19/03/25 10:30;0,22
19/03/25 10:45;0,22
19/03/25 11:00;0
19/03/25 11:15;0
19/03/25 11:30;0
19/03/25 11:45;0
19/03/25 12:00;0
19/03/25 12:15;0
19/03/25 12:30;0
19/03/25 12:45;0
19/03/25 13:00;0
19/03/25 13:15;0
19/03/25 13:30;0
19/03/25 13:45;0
19/03/25 14:00;0
19/03/25 14:15;0
19/03/25 14:30;0
19/03/25 14:45;0
19/03/25 15:00;0,1
19/03/25 15:15;0,1
19/03/25 15:30;0,1
19/03/25 15:45;0,1
19/03/25 16:00;3,6
19/03/25 16:15;3,6
19/03/25 16:30;3,6
19/03/25 16:45;3,6
19/03/25 17:00;31,1
19/03/25 17:15;31,1
19/03/25 17:30;31,1
19/03/25 17:45;31,1
19/03/25 18:00;36,68
19/03/25 18:15;36,68
19/03/25 18:30;36,68
19/03/25 18:45;36,68
19/03/25 19:00;52,96
19/03/25 19:15;52,96
19/03/25 19:30;52,96
19/03/25 19:45;52,96
19/03/25 20:00;38,26
19/03/25 20:15;38,26
19/03/25 20:30;38,26
19/03/25 20:45;38,26
19/03/25 21:00;30,34
19/03/25 21:15;30,34
19/03/25 21:30;30,34
19/03/25 21:45;30,34
19/03/25 22:00;16,09
19/03/25 22:15;16,09
19/03/25 22:30;16,09
19/03/25 22:45;16,09
19/03/25 23:00;7,89
19/03/25 23:15;7,89
19/03/25 23:30;7,89
19/03/25 23:45;7,89
20/03/25 00:00;6
20/03/25 00:15;6
20/03/25 00:30;6
20/03/25 00:45;6
20/03/25 01:00;3,52
20/03/25 01:15;3,52
20/03/25 01:30;3,52
20/03/25 01:45;3,52
20/03/25 02:00;3,52
20/03/25 02:15;3,52
20/03/25 02:30;3,52
20/03/25 02:45;3,52
20/03/25 03:00;3,52
20/03/25 03:15;3,52
20/03/25 03:30;3,52
20/03/25 03:45;3,52
20/03/25 04:00;3,52
20/03/25 04:15;3,52
20/03/25 04:30;3,52
20/03/25 04:45;3,52
20/03/25 05:00;6
20/03/25 05:15;6
20/03/25 05:30;6
20/03/25 05:45;6
20/03/25 06:00;9,7
20/03/25 06:15;9,7
20/03/25 06:30;9,7
20/03/25 06:45;9,7
20/03/25 07:00;14
20/03/25 07:15;14
20/03/25 07:30;14
20/03/25 07:45;14
20/03/25 08:00;5
20/03/25 08:15;5
20/03/25 08:30;5
20/03/25 08:45;5
20/03/25 09:00;3,52
20/03/25 09:15;3,52
20/03/25 09:30;3,52
20/03/25 09:45;3,52
20/03/25 10:00;3,42
20/03/25 10:15;3,42
20/03/25 10:30;3,42
20/03/25 10:45;3,42
20/03/25 11:00;0,43
20/03/25 11:15;0,43
20/03/25 11:30;0,43
20/03/25 11:45;0,43
20/03/25 12:00;0,65
20/03/25 12:15;0,65
20/03/25 12:30;0,65
20/03/25 12:45;0,65
20/03/25 13:00;3,52
20/03/25 13:15;3,52
20/03/25 13:30;3,52
20/03/25 13:45;3,52
20/03/25 14:00;6,09
20/03/25 14:15;6,09
20/03/25 14:30;6,09
20/03/25 14:45;6,09
20/03/25 15:00;15,47
20/03/25 15:15;15,47
20/03/25 15:30;15,47
20/03/25 15:45;15,47
20/03/25 16:00;35
20/03/25 16:15;35
20/03/25 16:30;35
20/03/25 16:45;35
20/03/25 17:00;62,96
20/03/25 17:15;62,96
20/03/25 17:30;62,96
20/03/25 17:45;62,96
20/03/25 18:00;101,6
20/03/25 18:15;101,6
20/03/25 18:30;101,6
20/03/25 18:45;101,6
20/03/25 19:00;93,74
20/03/25 19:15;93,74
20/03/25 19:30;93,74
20/03/25 19:45;93,74
20/03/25 20:00;63,99
20/03/25 20:15;63,99
20/03/25 20:30;63,99
20/03/25 20:45;63,99
20/03/25 21:00;50,21
20/03/25 21:15;50,21
20/03/25 21:30;50,21
20/03/25 21:45;50,21
20/03/25 22:00;41,34
20/03/25 22:15;41,34
20/03/25 22:30;41,34
20/03/25 22:45;41,34
20/03/25 23:00;16,74
20/03/25 23:15;16,74
20/03/25 23:30;16,74
20/03/25 23:45;16,74
21/03/25 00:00;9,2
21/03/25 00:15;9,2
21/03/25 00:30;9,2
21/03/25 00:45;9,2
21/03/25 01:00;5,7
21/03/25 01:15;5,7
21/03/25 01:30;5,7
21/03/25 01:45;5,7
21/03/25 02:00;4,2
21/03/25 02:15;4,2
21/03/25 02:30;4,2
21/03/25 02:45;4,2
21/03/25 03:00;3,52
21/03/25 03:15;3,52
21/03/25 03:30;3,52
21/03/25 03:45;3,52
21/03/25 04:00;4,2
21/03/25 04:15;4,2
21/03/25 04:30;4,2
21/03/25 04:45;4,2
21/03/25 05:00;8,85
21/03/25 05:15;8,85
21/03/25 05:30;8,85
21/03/25 05:45;8,85
21/03/25 06:00;15,46
21/03/25 06:15;15,46
21/03/25 06:30;15,46
21/03/25 06:45;15,46
21/03/25 07:00;10,6
21/03/25 07:15;10,6
21/03/25 07:30;10,6
21/03/25 07:45;10,6
21/03/25 08:00;3,52
21/03/25 08:15;3,52
21/03/25 08:30;3,52
21/03/25 08:45;3,52
21/03/25 09:00;3,52
21/03/25 09:15;3,52
21/03/25 09:30;3,52
21/03/25 09:45;3,52
21/03/25 10:00;0,74
21/03/25 10:15;0,74
21/03/25 10:30;0,74
21/03/25 10:45;0,74
21/03/25 11:00;0,65
21/03/25 11:15;0,65
21/03/25 11:30;0,65
21/03/25 11:45;0,65
21/03/25 12:00;0,18
21/03/25 12:15;0,18
21/03/25 12:30;0,18
21/03/25 12:45;0,18
21/03/25 13:00;0,18
21/03/25 13:15;0,18
21/03/25 13:30;0,18
21/03/25 13:45;0,18
21/03/25 14:00;0,65
21/03/25 14:15;0,65
21/03/25 14:30;0,65
21/03/25 14:45;0,65
21/03/25 15:00;1,1
21/03/25 15:15;1,1
21/03/25 15:30;1,1
21/03/25 15:45;1,1
21/03/25 16:00;3,52
21/03/25 16:15;3,52
21/03/25 16:30;3,52
21/03/25 16:45;3,52
21/03/25 17:00;9,5
21/03/25 17:15;9,5
21/03/25 17:30;9,5
21/03/25 17:45;9,5
21/03/25 18:00;35
21/03/25 18:15;35
21/03/25 18:30;35
21/03/25 18:45;35
21/03/25 19:00;40
21/03/25 19:15;40
21/03/25 19:30;40
21/03/25 19:45;40
21/03/25 20:00;35,01
21/03/25 20:15;35,01
21/03/25 20:30;35,01
21/03/25 20:45;35,01
21/03/25 21:00;29,42
21/03/25 21:15;29,42
21/03/25 21:30;29,42
21/03/25 21:45;29,42
21/03/25 22:00;15
21/03/25 22:15;15
21/03/25 22:30;15
21/03/25 22:45;15
21/03/25 23:00;3,52
21/03/25 23:15;3,52
21/03/25 23:30;3,52
21/03/25 23:45;3,52
22/03/25 00:00;3,52
22/03/25 00:15;3,52
22/03/25 00:30;3,52
22/03/25 00:45;3,52
22/03/25 01:00;1
22/03/25 01:15;1
22/03/25 01:30;1
22/03/25 01:45;1
22/03/25 02:00;0,5
22/03/25 02:15;0,5
22/03/25 02:30;0,5
22/03/25 02:45;0,5
22/03/25 03:00;0,5
22/03/25 03:15;0,5
22/03/25 03:30;0,5
22/03/25 03:45;0,5
22/03/25 04:00;1
22/03/25 04:15;1
22/03/25 04:30;1
22/03/25 04:45;1
22/03/25 05:00;0,65
22/03/25 05:15;0,65
22/03/25 05:30;0,65
22/03/25 05:45;0,65
22/03/25 06:00;0,5
22/03/25 06:15;0,5
22/03/25 06:30;0,5
22/03/25 06:45;0,5
22/03/25 07:00;0,1
22/03/25 07:15;0,1
22/03/25 07:30;0,1
22/03/25 07:45;0,1
22/03/25 08:00;0
22/03/25 08:15;0
22/03/25 08:30;0
22/03/25 08:45;0
22/03/25 09:00;0
22/03/25 09:15;0
22/03/25 09:30;0
22/03/25 09:45;0
22/03/25 10:00;0
22/03/25 10:15;0
22/03/25 10:30;0
22/03/25 10:45;0
22/03/25 11:00;0
22/03/25 11:15;0
22/03/25 11:30;0
22/03/25 11:45;0
22/03/25 12:00;0
22/03/25 12:15;0
22/03/25 12:30;0
22/03/25 12:45;0
22/03/25 13:00;0
22/03/25 13:15;0
22/03/25 13:30;0
22/03/25 13:45;0
22/03/25 14:00;-0,01
22/03/25 14:15;-0,01
22/03/25 14:30;-0,01
22/03/25 14:45;-0,01
22/03/25 15:00;0
22/03/25 15:15;0
22/03/25 15:30;0
22/03/25 15:45;0
22/03/25 16:00;0,65
22/03/25 16:15;0,65
22/03/25 16:30;0,65
22/03/25 16:45;0,65
22/03/25 17:00;10,5
22/03/25 17:15;10,5
22/03/25 17:30;10,5
22/03/25 17:45;10,5
22/03/25 18:00;40
22/03/25 18:15;40
22/03/25 18:30;40
22/03/25 18:45;40
22/03/25 19:00;76,01
22/03/25 19:15;76,01
22/03/25 19:30;76,01
22/03/25 19:45;76,01
22/03/25 20:00;52,05
22/03/25 20:15;52,05
22/03/25 20:30;52,05
22/03/25 20:45;52,05
22/03/25 21:00;43,9
22/03/25 21:15;43,9
22/03/25 21:30;43,9
22/03/25 21:45;43,9
22/03/25 22:00;35,01
22/03/25 22:15;35,01
22/03/25 22:30;35,01
22/03/25 22:45;35,01
22/03/25 23:00;35,01
22/03/25 23:15;35,01
22/03/25 23:30;35,01
22/03/25 23:45;35,01
23/03/25 00:00;33,55
23/03/25 00:15;33,55
23/03/25 00:30;33,55
23/03/25 00:45;33,55
23/03/25 01:00;19,97
23/03/25 01:15;19,97
23/03/25 01:30;19,97
23/03/25 01:45;19,97
23/03/25 02:00;10,1
23/03/25 02:15;10,1
23/03/25 02:30;10,1
23/03/25 02:45;10,1
23/03/25 03:00;8,5
23/03/25 03:15;8,5
23/03/25 03:30;8,5
23/03/25 03:45;8,5
23/03/25 04:00;8,74
23/03/25 04:15;8,74
23/03/25 04:30;8,74
23/03/25 04:45;8,74
23/03/25 05:00;10,1
23/03/25 05:15;10,1
23/03/25 05:30;10,1
23/03/25 05:45;10,1
23/03/25 06:00;15
23/03/25 06:15;15
23/03/25 06:30;15
23/03/25 06:45;15
23/03/25 07:00;7,4
23/03/25 07:15;7,4
23/03/25 07:30;7,4
23/03/25 07:45;7,4
23/03/25 08:00;3,52
23/03/25 08:15;3,52
23/03/25 08:30;3,52
23/03/25 08:45;3,52
23/03/25 09:00;0,65
23/03/25 09:15;0,65
23/03/25 09:30;0,65
23/03/25 09:45;0,65
23/03/25 10:00;0,54
23/03/25 10:15;0,54
23/03/25 10:30;0,54
23/03/25 10:45;0,54
23/03/25 11:00;0,1
23/03/25 11:15;0,1
23/03/25 11:30;0,1
23/03/25 11:45;0,1
23/03/25 12:00;0,5
23/03/25 12:15;0,5
23/03/25 12:30;0,5
23/03/25 12:45;0,5
23/03/25 13:00;0,06
23/03/25 13:15;0,06
23/03/25 13:30;0,06
23/03/25 13:45;0,06
23/03/25 14:00;0
23/03/25 14:15;0
23/03/25 14:30;0
23/03/25 14:45;0
23/03/25 15:00;0,02
23/03/25 15:15;0,02
23/03/25 15:30;0,02
23/03/25 15:45;0,02
23/03/25 16:00;3,52
23/03/25 16:15;3,52
23/03/25 16:30;3,52
23/03/25 16:45;3,52
23/03/25 17:00;35,01
23/03/25 17:15;35,01
23/03/25 17:30;35,01
23/03/25 17:45;35,01
23/03/25 18:00;89,73
23/03/25 18:15;89,73
23/03/25 18:30;89,73
23/03/25 18:45;89,73
23/03/25 19:00;125,92
23/03/25 19:15;125,92
23/03/25 19:30;125,92
23/03/25 19:45;125,92
23/03/25 20:00;111
23/03/25 20:15;111
23/03/25 20:30;111
23/03/25 20:45;111
23/03/25 21:00;98,84
23/03/25 21:15;98,84
23/03/25 21:30;98,84
23/03/25 21:45;98,84
23/03/25 22:00;63,11
23/03/25 22:15;63,11
23/03/25 22:30;63,11
23/03/25 22:45;63,11
23/03/25 23:00;40,03
23/03/25 23:15;40,03
23/03/25 23:30;40,03
23/03/25 23:45;40,03
24/03/25 00:00;28
24/03/25 00:15;28
24/03/25 00:30;28
24/03/25 00:45;28
24/03/25 01:00;24
24/03/25 01:15;24
24/03/25 01:30;24
24/03/25 01:45;24
24/03/25 02:00;21,96
24/03/25 02:15;21,96
24/03/25 02:30;21,96
24/03/25 02:45;21,96
24/03/25 03:00;21,87
24/03/25 03:15;21,87
24/03/25 03:30;21,87
24/03/25 03:45;21,87
24/03/25 04:00;25
24/03/25 04:15;25
24/03/25 04:30;25
24/03/25 04:45;25
24/03/25 05:00;40,38
24/03/25 05:15;40,38
24/03/25 05:30;40,38
24/03/25 05:45;40,38
24/03/25 06:00;61,51
24/03/25 06:15;61,51
24/03/25 06:30;61,51
24/03/25 06:45;61,51
24/03/25 07:00;37,93
24/03/25 07:15;37,93
24/03/25 07:30;37,93
24/03/25 07:45;37,93
24/03/25 08:00;20,19
24/03/25 08:15;20,19
24/03/25 08:30;20,19
24/03/25 08:45;20,19
24/03/25 09:00;3,52
24/03/25 09:15;3,52
24/03/25 09:30;3,52
24/03/25 09:45;3,52
24/03/25 10:00;0,65
24/03/25 10:15;0,65
24/03/25 10:30;0,65
24/03/25 10:45;0,65
24/03/25 11:00;0,65
24/03/25 11:15;0,65
24/03/25 11:30;0,65
24/03/25 11:45;0,65
24/03/25 12:00;2
24/03/25 12:15;2
24/03/25 12:30;2
24/03/25 12:45;2
24/03/25 13:00;3,52
24/03/25 13:15;3,52
24/03/25 13:30;3,52
24/03/25 13:45;3,52
24/03/25 14:00;3,52
24/03/25 14:15;3,52
24/03/25 14:30;3,52
24/03/25 14:45;3,52
24/03/25 15:00;7,4
24/03/25 15:15;7,4
24/03/25 15:30;7,4
24/03/25 15:45;7,4
24/03/25 16:00;23,79
24/03/25 16:15;23,79
24/03/25 16:30;23,79
24/03/25 16:45;23,79
24/03/25 17:00;59,99
24/03/25 17:15;59,99
24/03/25 17:30;59,99
24/03/25 17:45;59,99
24/03/25 18:00;179,1
24/03/25 18:15;179,1
24/03/25 18:30;179,1
24/03/25 18:45;179,1
24/03/25 19:00;158,3
24/03/25 19:15;158,3
24/03/25 19:30;158,3
24/03/25 19:45;158,3
24/03/25 20:00;120,96
24/03/25 20:15;120,96
24/03/25 20:30;120,96
24/03/25 20:45;120,96
24/03/25 21:00;107,92
24/03/25 21:15;107,92
24/03/25 21:30;107,92
24/03/25 21:45;107,92
24/03/25 22:00;74,73
24/03/25 22:15;74,73
24/03/25 22:30;74,73
24/03/25 22:45;74,73
24/03/25 23:00;40,51
24/03/25 23:15;40,51
24/03/25 23:30;40,51
24/03/25 23:45;40,51
25/03/25 00:00;20,26
25/03/25 00:15;20,26
25/03/25 00:30;20,26
25/03/25 00:45;20,26
25/03/25 01:00;13,13
25/03/25 01:15;13,13
25/03/25 01:30;13,13
25/03/25 01:45;13,13
25/03/25 02:00;12,2
25/03/25 02:15;12,2
25/03/25 02:30;12,2
25/03/25 02:45;12,2
25/03/25 03:00;12,73
25/03/25 03:15;12,73
25/03/25 03:30;12,73
25/03/25 03:45;12,73
25/03/25 04:00;17,87
25/03/25 04:15;17,87
25/03/25 04:30;17,87
25/03/25 04:45;17,87
25/03/25 05:00;32,38
25/03/25 05:15;32,38
25/03/25 05:30;32,38
25/03/25 05:45;32,38
25/03/25 06:00;90,99
25/03/25 06:15;90,99
25/03/25 06:30;90,99
25/03/25 06:45;90,99
25/03/25 07:00;37,93
25/03/25 07:15;37,93
25/03/25 07:30;37,93
25/03/25 07:45;37,93
25/03/25 08:00;4,96
25/03/25 08:15;4,96
25/03/25 08:30;4,96
25/03/25 08:45;4,96
25/03/25 09:00;1,43
25/03/25 09:15;1,43
25/03/25 09:30;1,43
25/03/25 09:45;1,43
25/03/25 10:00;0
25/03/25 10:15;0
25/03/25 10:30;0
25/03/25 10:45;0
25/03/25 11:00;0,01
25/03/25 11:15;0,01
25/03/25 11:30;0,01
25/03/25 11:45;0,01
25/03/25 12:00;0,1
25/03/25 12:15;0,1
25/03/25 12:30;0,1
25/03/25 12:45;0,1
25/03/25 13:00;0,42
25/03/25 13:15;0,42
25/03/25 13:30;0,42
25/03/25 13:45;0,42
25/03/25 14:00;1,03
25/03/25 14:15;1,03
25/03/25 14:30;1,03
25/03/25 14:45;1,03
25/03/25 15:00;3,6
25/03/25 15:15;3,6
25/03/25 15:30;3,6
25/03/25 15:45;3,6
25/03/25 16:00;12,2
25/03/25 16:15;12,2
25/03/25 16:30;12,2
25/03/25 16:45;12,2
25/03/25 17:00;65
25/03/25 17:15;65
25/03/25 17:30;65
25/03/25 17:45;65
25/03/25 18:00;160,86
25/03/25 18:15;160,86
25/03/25 18:30;160,86
25/03/25 18:45;160,86
25/03/25 19:00;158,84
25/03/25 19:15;158,84
25/03/25 19:30;158,84
25/03/25 19:45;158,84
25/03/25 20:00;128,4
25/03/25 20:15;128,4
25/03/25 20:30;128,4
25/03/25 20:45;128,4
25/03/25 21:00;104,25
25/03/25 21:15;104,25
25/03/25 21:30;104,25
25/03/25 21:45;104,25
25/03/25 22:00;99
25/03/25 22:15;99
25/03/25 22:30;99
25/03/25 22:45;99
25/03/25 23:00;47,39
25/03/25 23:15;47,39
25/03/25 23:30;47,39
25/03/25 23:45;47,39
26/03/25 00:00;30
26/03/25 00:15;30
26/03/25 00:30;30
26/03/25 00:45;30
26/03/25 01:00;15,85
26/03/25 01:15;15,85
26/03/25 01:30;15,85
26/03/25 01:45;15,85
26/03/25 02:00;15,8
26/03/25 02:15;15,8
26/03/25 02:30;15,8
26/03/25 02:45;15,8
26/03/25 03:00;20,08
26/03/25 03:15;20,08
26/03/25 03:30;20,08
26/03/25 03:45;20,08
26/03/25 04:00;28,6
26/03/25 04:15;28,6
26/03/25 04:30;28,6
26/03/25 04:45;28,6
26/03/25 05:00;60
26/03/25 05:15;60
26/03/25 05:30;60
26/03/25 05:45;60
26/03/25 06:00;95,79
26/03/25 06:15;95,79
26/03/25 06:30;95,79
26/03/25 06:45;95,79
26/03/25 07:00;21,7
26/03/25 07:15;21,7
26/03/25 07:30;21,7
26/03/25 07:45;21,7
26/03/25 08:00;0,2
26/03/25 08:15;0,2
26/03/25 08:30;0,2
26/03/25 08:45;0,2
26/03/25 09:00;0
26/03/25 09:15;0
26/03/25 09:30;0
26/03/25 09:45;0
26/03/25 10:00;0,02
26/03/25 10:15;0,02
26/03/25 10:30;0,02
26/03/25 10:45;0,02
26/03/25 11:00;0,01
26/03/25 11:15;0,01
26/03/25 11:30;0,01
26/03/25 11:45;0,01
26/03/25 12:00;0
26/03/25 12:15;0
26/03/25 12:30;0
26/03/25 12:45;0
26/03/25 13:00;0
26/03/25 13:15;0
26/03/25 13:30;0
26/03/25 13:45;0
26/03/25 14:00;0
26/03/25 14:15;0
26/03/25 14:30;0
26/03/25 14:45;0
26/03/25 15:00;0
26/03/25 15:15;0
26/03/25 15:30;0
26/03/25 15:45;0
26/03/25 16:00;0,02
26/03/25 16:15;0,02
26/03/25 16:30;0,02
26/03/25 16:45;0,02
26/03/25 17:00;27
26/03/25 17:15;27
26/03/25 17:30;27
26/03/25 17:45;27
26/03/25 18:00;125,22
26/03/25 18:15;125,22
26/03/25 18:30;125,22
26/03/25 18:45;125,22
26/03/25 19:00;126,66
26/03/25 19:15;126,66
26/03/25 19:30;126,66
26/03/25 19:45;126,66
26/03/25 20:00;104,94
26/03/25 20:15;104,94
26/03/25 20:30;104,94
26/03/25 20:45;104,94
26/03/25 21:00;97,33
26/03/25 21:15;97,33
26/03/25 21:30;97,33
26/03/25 21:45;97,33
26/03/25 22:00;54,68
26/03/25 22:15;54,68
26/03/25 22:30;54,68
26/03/25 22:45;54,68
26/03/25 23:00;93,52
26/03/25 23:15;93,52
26/03/25 23:30;93,52
26/03/25 23:45;93,52
27/03/25 00:00;63,09
27/03/25 00:15;63,09
27/03/25 00:30;63,09
27/03/25 00:45;63,09
27/03/25 01:00;60
27/03/25 01:15;60
27/03/25 01:30;60
27/03/25 01:45;60
27/03/25 02:00;52,98
27/03/25 02:15;52,98
27/03/25 02:30;52,98
27/03/25 02:45;52,98
27/03/25 03:00;52,98
27/03/25 03:15;52,98
27/03/25 03:30;52,98
27/03/25 03:45;52,98
27/03/25 04:00;63,09
27/03/25 04:15;63,09
27/03/25 04:30;63,09
27/03/25 04:45;63,09
27/03/25 05:00;85,92
27/03/25 05:15;85,92
27/03/25 05:30;85,92
27/03/25 05:45;85,92
27/03/25 06:00;125,03
27/03/25 06:15;125,03
27/03/25 06:30;125,03
27/03/25 06:45;125,03
27/03/25 07:00;59
27/03/25 07:15;59
27/03/25 07:30;59
27/03/25 07:45;59
27/03/25 08:00;3,52
27/03/25 08:15;3,52
27/03/25 08:30;3,52
27/03/25 08:45;3,52
27/03/25 09:00;0,1
27/03/25 09:15;0,1
27/03/25 09:30;0,1
27/03/25 09:45;0,1
27/03/25 10:00;0,1
27/03/25 10:15;0,1
27/03/25 10:30;0,1
27/03/25 10:45;0,1
27/03/25 11:00;0,1
27/03/25 11:15;0,1
27/03/25 11:30;0,1
27/03/25 11:45;0,1
27/03/25 12:00;0
27/03/25 12:15;0
27/03/25 12:30;0
27/03/25 12:45;0
27/03/25 13:00;0
27/03/25 13:15;0
27/03/25 13:30;0
27/03/25 13:45;0
27/03/25 14:00;0
27/03/25 14:15;0
27/03/25 14:30;0
27/03/25 14:45;0
27/03/25 15:00;0
27/03/25 15:15;0
27/03/25 15:30;0
27/03/25 15:45;0
27/03/25 16:00;0,65
27/03/25 16:15;0,65
27/03/25 16:30;0,65
27/03/25 16:45;0,65
27/03/25 17:00;47,81
27/03/25 17:15;47,81
27/03/25 17:30;47,81
27/03/25 17:45;47,81
27/03/25 18:00;150
27/03/25 18:15;150
27/03/25 18:30;150
27/03/25 18:45;150
27/03/25 19:00;135,57
27/03/25 19:15;135,57
27/03/25 19:30;135,57
27/03/25 19:45;135,57
27/03/25 20:00;117,75
27/03/25 20:15;117,75
27/03/25 20:30;117,75
27/03/25 20:45;117,75
27/03/25 21:00;106,1
27/03/25 21:15;106,1
27/03/25 21:30;106,1
27/03/25 21:45;106,1
27/03/25 22:00;93,2
27/03/25 22:15;93,2
27/03/25 22:30;93,2
27/03/25 22:45;93,2
27/03/25 23:00;51,4
27/03/25 23:15;51,4
27/03/25 23:30;51,4
27/03/25 23:45;51,4
28/03/25 00:00;37
28/03/25 00:15;37
28/03/25 00:30;37
28/03/25 00:45;37
28/03/25 01:00;21,61
28/03/25 01:15;21,61
28/03/25 01:30;21,61
28/03/25 01:45;21,61
28/03/25 02:00;20,8
28/03/25 02:15;20,8
28/03/25 02:30;20,8
28/03/25 02:45;20,8
28/03/25 03:00;20,8
28/03/25 03:15;20,8
28/03/25 03:30;20,8
28/03/25 03:45;20,8
28/03/25 04:00;29,5
28/03/25 04:15;29,5
28/03/25 04:30;29,5
28/03/25 04:45;29,5
28/03/25 05:00;51,4
28/03/25 05:15;51,4
28/03/25 05:30;51,4
28/03/25 05:45;51,4
28/03/25 06:00;86,9
28/03/25 06:15;86,9
28/03/25 06:30;86,9
28/03/25 06:45;86,9
28/03/25 07:00;20,08
28/03/25 07:15;20,08
28/03/25 07:30;20,08
28/03/25 07:45;20,08
28/03/25 08:00;0,02
28/03/25 08:15;0,02
28/03/25 08:30;0,02
28/03/25 08:45;0,02
28/03/25 09:00;0
28/03/25 09:15;0
28/03/25 09:30;0
28/03/25 09:45;0
28/03/25 10:00;0
28/03/25 10:15;0
28/03/25 10:30;0
28/03/25 10:45;0
28/03/25 11:00;0
28/03/25 11:15;0
28/03/25 11:30;0
28/03/25 11:45;0
28/03/25 12:00;-0,02
28/03/25 12:15;-0,02
28/03/25 12:30;-0,02
28/03/25 12:45;-0,02
28/03/25 13:00;-0,1
28/03/25 13:15;-0,1
28/03/25 13:30;-0,1
28/03/25 13:45;-0,1
28/03/25 14:00;-0,02
28/03/25 14:15;-0,02
28/03/25 14:30;-0,02
28/03/25 14:45;-0,02
28/03/25 15:00;-0,02
28/03/25 15:15;-0,02
28/03/25 15:30;-0,02
28/03/25 15:45;-0,02
28/03/25 16:00;0
28/03/25 16:15;0
28/03/25 16:30;0
28/03/25 16:45;0
28/03/25 17:00;3,52
28/03/25 17:15;3,52
28/03/25 17:30;3,52
28/03/25 17:45;3,52
28/03/25 18:00;62
28/03/25 18:15;62
28/03/25 18:30;62
28/03/25 18:45;62
28/03/25 19:00;85,36
28/03/25 19:15;85,36
28/03/25 19:30;85,36
28/03/25 19:45;85,36
28/03/25 20:00;63,53
28/03/25 20:15;63,53
28/03/25 20:30;63,53
28/03/25 20:45;63,53
28/03/25 21:00;50
28/03/25 21:15;50
28/03/25 21:30;50
28/03/25 21:45;50
28/03/25 22:00;20,8
28/03/25 22:15;20,8
28/03/25 22:30;20,8
28/03/25 22:45;20,8
28/03/25 23:00;13,29
28/03/25 23:15;13,29
28/03/25 23:30;13,29
28/03/25 23:45;13,29
29/03/25 00:00;10,63
29/03/25 00:15;10,63
29/03/25 00:30;10,63
29/03/25 00:45;10,63
29/03/25 01:00;7
29/03/25 01:15;7
29/03/25 01:30;7
29/03/25 01:45;7
29/03/25 02:00;5
29/03/25 02:15;5
29/03/25 02:30;5
29/03/25 02:45;5
29/03/25 03:00;4,96
29/03/25 03:15;4,96
29/03/25 03:30;4,96
29/03/25 03:45;4,96
29/03/25 04:00;4,96
29/03/25 04:15;4,96
29/03/25 04:30;4,96
29/03/25 04:45;4,96
29/03/25 05:00;5
29/03/25 05:15;5
29/03/25 05:30;5
29/03/25 05:45;5
29/03/25 06:00;3,52
29/03/25 06:15;3,52
29/03/25 06:30;3,52
29/03/25 06:45;3,52
29/03/25 07:00;0
29/03/25 07:15;0
29/03/25 07:30;0
29/03/25 07:45;0
29/03/25 08:00;-1,01
29/03/25 08:15;-1,01
29/03/25 08:30;-1,01
29/03/25 08:45;-1,01
29/03/25 09:00;0,87
29/03/25 09:15;0,87
29/03/25 09:30;0,87
29/03/25 09:45;0,87
29/03/25 10:00;1,1
29/03/25 10:15;1,1
29/03/25 10:30;1,1
29/03/25 10:45;1,1
29/03/25 11:00;0,87
29/03/25 11:15;0,87
29/03/25 11:30;0,87
29/03/25 11:45;0,87
29/03/25 12:00;0,5
29/03/25 12:15;0,5
29/03/25 12:30;0,5
29/03/25 12:45;0,5
29/03/25 13:00;0,1
29/03/25 13:15;0,1
29/03/25 13:30;0,1
29/03/25 13:45;0,1
29/03/25 14:00;0,1
29/03/25 14:15;0,1
29/03/25 14:30;0,1
29/03/25 14:45;0,1
29/03/25 15:00;0,1
29/03/25 15:15;0,1
29/03/25 15:30;0,1
29/03/25 15:45;0,1
29/03/25 16:00;0,02
29/03/25 16:15;0,02
29/03/25 16:30;0,02
29/03/25 16:45;0,02
29/03/25 17:00;0
29/03/25 17:15;0
29/03/25 17:30;0
29/03/25 17:45;0
29/03/25 18:00;11,13
29/03/25 18:15;11,13
29/03/25 18:30;11,13
29/03/25 18:45;11,13
29/03/25 19:00;20,16
29/03/25 19:15;20,16
29/03/25 19:30;20,16
29/03/25 19:45;20,16
29/03/25 20:00;18,58
29/03/25 20:15;18,58
29/03/25 20:30;18,58
29/03/25 20:45;18,58
29/03/25 21:00;11,13
29/03/25 21:15;11,13
29/03/25 21:30;11,13
29/03/25 21:45;11,13
29/03/25 22:00;6
29/03/25 22:15;6
29/03/25 22:30;6
29/03/25 22:45;6
29/03/25 23:00;3,6
29/03/25 23:15;3,6
29/03/25 23:30;3,6
29/03/25 23:45;3,6
30/03/25 00:00;3,2
30/03/25 00:15;3,2
30/03/25 00:30;3,2
30/03/25 00:45;3,2
30/03/25 02:00;0,65
30/03/25 02:15;0,65
30/03/25 02:30;0,65
30/03/25 02:45;0,65
30/03/25 03:00;0,1
30/03/25 03:15;0,1
30/03/25 03:30;0,1
30/03/25 03:45;0,1
30/03/25 04:00;0,09
30/03/25 04:15;0,09
30/03/25 04:30;0,09
30/03/25 04:45;0,09
30/03/25 05:00;0,17
30/03/25 05:15;0,17
30/03/25 05:30;0,17
30/03/25 05:45;0,17
30/03/25 06:00;0,13
30/03/25 06:15;0,13
30/03/25 06:30;0,13
30/03/25 06:45;0,13
30/03/25 07:00;0
30/03/25 07:15;0
30/03/25 07:30;0
30/03/25 07:45;0
30/03/25 08:00;-1,53
30/03/25 08:15;-1,53
30/03/25 08:30;-1,53
30/03/25 08:45;-1,53
30/03/25 09:00;-2,31
30/03/25 09:15;-2,31
30/03/25 09:30;-2,31
30/03/25 09:45;-2,31
30/03/25 10:00;-3,8
30/03/25 10:15;-3,8
30/03/25 10:30;-3,8
30/03/25 10:45;-3,8
30/03/25 11:00;-4
30/03/25 11:15;-4
30/03/25 11:30;-4
30/03/25 11:45;-4
30/03/25 12:00;-3,43
30/03/25 12:15;-3,43
30/03/25 12:30;-3,43
30/03/25 12:45;-3,43
30/03/25 13:00;-3,43
30/03/25 13:15;-3,43
30/03/25 13:30;-3,43
30/03/25 13:45;-3,43
30/03/25 14:00;-2,03
30/03/25 14:15;-2,03
30/03/25 14:30;-2,03
30/03/25 14:45;-2,03
30/03/25 15:00;-2
30/03/25 15:15;-2
30/03/25 15:30;-2
30/03/25 15:45;-2
30/03/25 16:00;-1,51
30/03/25 16:15;-1,51
30/03/25 16:30;-1,51
30/03/25 16:45;-1,51
30/03/25 17:00;-1,51
30/03/25 17:15;-1,51
30/03/25 17:30;-1,51
30/03/25 17:45;-1,51
30/03/25 18:00;0,02
30/03/25 18:15;0,02
30/03/25 18:30;0,02
30/03/25 18:45;0,02
30/03/25 19:00;25,46
30/03/25 19:15;25,46
30/03/25 19:30;25,46
30/03/25 19:45;25,46
30/03/25 20:00;35,01
30/03/25 20:15;35,01
30/03/25 20:30;35,01
30/03/25 20:45;35,01
30/03/25 21:00;25,63
30/03/25 21:15;25,63
30/03/25 21:30;25,63
30/03/25 21:45;25,63
30/03/25 22:00;10,63
30/03/25 22:15;10,63
30/03/25 22:30;10,63
30/03/25 22:45;10,63
30/03/25 23:00;0,65
30/03/25 23:15;0,65
30/03/25 23:30;0,65
30/03/25 23:45;0,65
31/03/25 00:00;2
31/03/25 00:15;2
31/03/25 00:30;2
31/03/25 00:45;2
31/03/25 01:00;3
31/03/25 01:15;3
31/03/25 01:30;3
31/03/25 01:45;3
31/03/25 02:00;0,65
31/03/25 02:15;0,65
31/03/25 02:30;0,65
31/03/25 02:45;0,65
31/03/25 03:00;0,65
31/03/25 03:15;0,65
31/03/25 03:30;0,65
31/03/25 03:45;0,65
31/03/25 04:00;1
31/03/25 04:15;1
31/03/25 04:30;1
31/03/25 04:45;1
31/03/25 05:00;7,44
31/03/25 05:15;7,44
31/03/25 05:30;7,44
31/03/25 05:45;7,44
31/03/25 06:00;20
31/03/25 06:15;20
31/03/25 06:30;20
31/03/25 06:45;20
31/03/25 07:00;40,16
31/03/25 07:15;40,16
31/03/25 07:30;40,16
31/03/25 07:45;40,16
31/03/25 08:00;0,15
31/03/25 08:15;0,15
31/03/25 08:30;0,15
31/03/25 08:45;0,15
31/03/25 09:00;-0,01
31/03/25 09:15;-0,01
31/03/25 09:30;-0,01
31/03/25 09:45;-0,01
31/03/25 10:00;-0,1
31/03/25 10:15;-0,1
31/03/25 10:30;-0,1
31/03/25 10:45;-0,1
31/03/25 11:00;-0,1
31/03/25 11:15;-0,1
31/03/25 11:30;-0,1
31/03/25 11:45;-0,1
31/03/25 12:00;-0,1
31/03/25 12:15;-0,1
31/03/25 12:30;-0,1
31/03/25 12:45;-0,1
31/03/25 13:00;-0,02
31/03/25 13:15;-0,02
31/03/25 13:30;-0,02
31/03/25 13:45;-0,02
31/03/25 14:00;0
31/03/25 14:15;0
31/03/25 14:30;0
31/03/25 14:45;0
31/03/25 15:00;0,02
31/03/25 15:15;0,02
31/03/25 15:30;0,02
31/03/25 15:45;0,02
31/03/25 16:00;0,12
31/03/25 16:15;0,12
31/03/25 16:30;0,12
31/03/25 16:45;0,12
31/03/25 17:00;0,2
31/03/25 17:15;0,2
31/03/25 17:30;0,2
31/03/25 17:45;0,2
31/03/25 18:00;55
31/03/25 18:15;55
31/03/25 18:30;55
31/03/25 18:45;55
31/03/25 19:00;146,79
31/03/25 19:15;146,79
31/03/25 19:30;146,79
31/03/25 19:45;146,79
31/03/25 20:00;197,25
31/03/25 20:15;197,25
31/03/25 20:30;197,25
31/03/25 20:45;197,25
31/03/25 21:00;119,85
31/03/25 21:15;119,85
31/03/25 21:30;119,85
31/03/25 21:45;119,85
31/03/25 22:00;95,01
31/03/25 22:15;95,01
31/03/25 22:30;95,01
31/03/25 22:45;95,01
31/03/25 23:00;90
31/03/25 23:15;90
31/03/25 23:30;90
31/03/25 23:45;90
01/04/25 00:00;75,78
01/04/25 00:15;75,78
01/04/25 00:30;75,78
01/04/25 00:45;75,78
01/04/25 01:00;70,03
01/04/25 01:15;70,03
01/04/25 01:30;70,03
01/04/25 01:45;70,03
01/04/25 02:00;60,48
01/04/25 02:15;60,48
01/04/25 02:30;60,48
01/04/25 02:45;60,48
01/04/25 03:00;61,59
01/04/25 03:15;61,59
01/04/25 03:30;61,59
01/04/25 03:45;61,59
01/04/25 04:00;68,2
01/04/25 04:15;68,2
01/04/25 04:30;68,2
01/04/25 04:45;68,2
01/04/25 05:00;84,2
01/04/25 05:15;84,2
01/04/25 05:30;84,2
01/04/25 05:45;84,2
01/04/25 06:00;155,5
01/04/25 06:15;155,5
01/04/25 06:30;155,5
01/04/25 06:45;155,5
01/04/25 07:00;159,37
01/04/25 07:15;159,37
01/04/25 07:30;159,37
01/04/25 07:45;159,37
01/04/25 08:00;87,97
01/04/25 08:15;87,97
01/04/25 08:30;87,97
01/04/25 08:45;87,97
01/04/25 09:00;38,1
01/04/25 09:15;38,1
01/04/25 09:30;38,1
01/04/25 09:45;38,1
01/04/25 10:00;12
01/04/25 10:15;12
01/04/25 10:30;12
01/04/25 10:45;12
01/04/25 11:00;8,26
01/04/25 11:15;8,26
01/04/25 11:30;8,26
01/04/25 11:45;8,26
01/04/25 12:00;6,48
01/04/25 12:15;6,48
01/04/25 12:30;6,48
01/04/25 12:45;6,48
01/04/25 13:00;5,8
01/04/25 13:15;5,8
01/04/25 13:30;5,8
01/04/25 13:45;5,8
01/04/25 14:00;6,38
01/04/25 14:15;6,38
01/04/25 14:30;6,38
01/04/25 14:45;6,38
01/04/25 15:00;6,38
01/04/25 15:15;6,38
01/04/25 15:30;6,38
01/04/25 15:45;6,38
01/04/25 16:00;6,59
01/04/25 16:15;6,59
01/04/25 16:30;6,59
01/04/25 16:45;6,59
01/04/25 17:00;18,41
01/04/25 17:15;18,41
01/04/25 17:30;18,41
01/04/25 17:45;18,41
01/04/25 18:00;53,71
01/04/25 18:15;53,71
01/04/25 18:30;53,71
01/04/25 18:45;53,71
01/04/25 19:00;114,96
01/04/25 19:15;114,96
01/04/25 19:30;114,96
01/04/25 19:45;114,96
01/04/25 20:00;120,93
01/04/25 20:15;120,93
01/04/25 20:30;120,93
01/04/25 20:45;120,93
01/04/25 21:00;84,2
01/04/25 21:15;84,2
01/04/25 21:30;84,2
01/04/25 21:45;84,2
01/04/25 22:00;58,44
01/04/25 22:15;58,44
01/04/25 22:30;58,44
01/04/25 22:45;58,44
01/04/25 23:00;38,11
01/04/25 23:15;38,11
01/04/25 23:30;38,11
01/04/25 23:45;38,11
02/04/25 00:00;26,34
02/04/25 00:15;26,34
02/04/25 00:30;26,34
02/04/25 00:45;26,34
02/04/25 01:00;26,1
02/04/25 01:15;26,1
02/04/25 01:30;26,1
02/04/25 01:45;26,1
02/04/25 02:00;20
02/04/25 02:15;20
02/04/25 02:30;20
02/04/25 02:45;20
02/04/25 03:00;20
02/04/25 03:15;20
02/04/25 03:30;20
02/04/25 03:45;20
02/04/25 04:00;26,34
02/04/25 04:15;26,34
02/04/25 04:30;26,34
02/04/25 04:45;26,34
02/04/25 05:00;39,87
02/04/25 05:15;39,87
02/04/25 05:30;39,87
02/04/25 05:45;39,87
02/04/25 06:00;90,08
02/04/25 06:15;90,08
02/04/25 06:30;90,08
02/04/25 06:45;90,08
02/04/25 07:00;104,9
02/04/25 07:15;104,9
02/04/25 07:30;104,9
02/04/25 07:45;104,9
02/04/25 08:00;54,33
02/04/25 08:15;54,33
02/04/25 08:30;54,33
02/04/25 08:45;54,33
02/04/25 09:00;21,15
02/04/25 09:15;21,15
02/04/25 09:30;21,15
02/04/25 09:45;21,15
02/04/25 10:00;1,52
02/04/25 10:15;1,52
02/04/25 10:30;1,52
02/04/25 10:45;1,52
02/04/25 11:00;0
02/04/25 11:15;0
02/04/25 11:30;0
02/04/25 11:45;0
02/04/25 12:00;0
02/04/25 12:15;0
02/04/25 12:30;0
02/04/25 12:45;0
02/04/25 13:00;-0,01
02/04/25 13:15;-0,01
02/04/25 13:30;-0,01
02/04/25 13:45;-0,01
02/04/25 14:00;-0,02
02/04/25 14:15;-0,02
02/04/25 14:30;-0,02
02/04/25 14:45;-0,02
02/04/25 15:00;-0,01
02/04/25 15:15;-0,01
02/04/25 15:30;-0,01
02/04/25 15:45;-0,01
02/04/25 16:00;0,04
02/04/25 16:15;0,04
02/04/25 16:30;0,04
02/04/25 16:45;0,04
02/04/25 17:00;7,96
02/04/25 17:15;7,96
02/04/25 17:30;7,96
02/04/25 17:45;7,96
02/04/25 18:00;32,96
02/04/25 18:15;32,96
02/04/25 18:30;32,96
02/04/25 18:45;32,96
02/04/25 19:00;53,11
02/04/25 19:15;53,11
02/04/25 19:30;53,11
02/04/25 19:45;53,11
02/04/25 20:00;49,23
02/04/25 20:15;49,23
02/04/25 20:30;49,23
02/04/25 20:45;49,23
02/04/25 21:00;32,95
02/04/25 21:15;32,95
02/04/25 21:30;32,95
02/04/25 21:45;32,95
02/04/25 22:00;27,3
02/04/25 22:15;27,3
02/04/25 22:30;27,3
02/04/25 22:45;27,3
02/04/25 23:00;20,37
02/04/25 23:15;20,37
02/04/25 23:30;20,37
02/04/25 23:45;20,37
03/04/25 00:00;19,07
03/04/25 00:15;19,07
03/04/25 00:30;19,07
03/04/25 00:45;19,07
03/04/25 01:00;16,32
03/04/25 01:15;16,32
03/04/25 01:30;16,32
03/04/25 01:45;16,32
03/04/25 02:00;12,27
03/04/25 02:15;12,27
03/04/25 02:30;12,27
03/04/25 02:45;12,27
03/04/25 03:00;9,07
03/04/25 03:15;9,07
03/04/25 03:30;9,07
03/04/25 03:45;9,07
03/04/25 04:00;11,94
03/04/25 04:15;11,94
03/04/25 04:30;11,94
03/04/25 04:45;11,94
03/04/25 05:00;19,7
03/04/25 05:15;19,7
03/04/25 05:30;19,7
03/04/25 05:45;19,7
03/04/25 06:00;38,11
03/04/25 06:15;38,11
03/04/25 06:30;38,11
03/04/25 06:45;38,11
03/04/25 07:00;56,33
03/04/25 07:15;56,33
03/04/25 07:30;56,33
03/04/25 07:45;56,33
03/04/25 08:00;38,11
03/04/25 08:15;38,11
03/04/25 08:30;38,11
03/04/25 08:45;38,11
03/04/25 09:00;28,96
03/04/25 09:15;28,96
03/04/25 09:30;28,96
03/04/25 09:45;28,96
03/04/25 10:00;3,52
03/04/25 10:15;3,52
03/04/25 10:30;3,52
03/04/25 10:45;3,52
03/04/25 11:00;0,5
03/04/25 11:15;0,5
03/04/25 11:30;0,5
03/04/25 11:45;0,5
03/04/25 12:00;0
03/04/25 12:15;0
03/04/25 12:30;0
03/04/25 12:45;0
03/04/25 13:00;0
03/04/25 13:15;0
03/04/25 13:30;0
03/04/25 13:45;0
03/04/25 14:00;0
03/04/25 14:15;0
03/04/25 14:30;0
03/04/25 14:45;0
03/04/25 15:00;1,87
03/04/25 15:15;1,87
03/04/25 15:30;1,87
03/04/25 15:45;1,87
03/04/25 16:00;5
03/04/25 16:15;5
03/04/25 16:30;5
03/04/25 16:45;5
03/04/25 17:00;10,06
03/04/25 17:15;10,06
03/04/25 17:30;10,06
03/04/25 17:45;10,06
03/04/25 18:00;35
03/04/25 18:15;35
03/04/25 18:30;35
03/04/25 18:45;35
03/04/25 19:00;80
03/04/25 19:15;80
03/04/25 19:30;80
03/04/25 19:45;80
03/04/25 20:00;79
03/04/25 20:15;79
03/04/25 20:30;79
03/04/25 20:45;79
03/04/25 21:00;35,01
03/04/25 21:15;35,01
03/04/25 21:30;35,01
03/04/25 21:45;35,01
03/04/25 22:00;10,1
03/04/25 22:15;10,1
03/04/25 22:30;10,1
03/04/25 22:45;10,1
03/04/25 23:00;3,6
03/04/25 23:15;3,6
03/04/25 23:30;3,6
03/04/25 23:45;3,6
04/04/25 00:00;3,52
04/04/25 00:15;3,52
04/04/25 00:30;3,52
04/04/25 00:45;3,52
04/04/25 01:00;3,52
04/04/25 01:15;3,52
04/04/25 01:30;3,52
04/04/25 01:45;3,52
04/04/25 02:00;3,51
04/04/25 02:15;3,51
04/04/25 02:30;3,51
04/04/25 02:45;3,51
04/04/25 03:00;3,52
04/04/25 03:15;3,52
04/04/25 03:30;3,52
04/04/25 03:45;3,52
04/04/25 04:00;3,52
04/04/25 04:15;3,52
04/04/25 04:30;3,52
04/04/25 04:45;3,52
04/04/25 05:00;3,52
04/04/25 05:15;3,52
04/04/25 05:30;3,52
04/04/25 05:45;3,52
04/04/25 06:00;14,16
04/04/25 06:15;14,16
04/04/25 06:30;14,16
04/04/25 06:45;14,16
04/04/25 07:00;17,72
04/04/25 07:15;17,72
04/04/25 07:30;17,72
04/04/25 07:45;17,72
04/04/25 08:00;18,83
04/04/25 08:15;18,83
04/04/25 08:30;18,83
04/04/25 08:45;18,83
04/04/25 09:00;4,73
04/04/25 09:15;4,73
04/04/25 09:30;4,73
04/04/25 09:45;4,73
04/04/25 10:00;3,52
04/04/25 10:15;3,52
04/04/25 10:30;3,52
04/04/25 10:45;3,52
04/04/25 11:00;0
04/04/25 11:15;0
04/04/25 11:30;0
04/04/25 11:45;0
04/04/25 12:00;-0,01
04/04/25 12:15;-0,01
04/04/25 12:30;-0,01
04/04/25 12:45;-0,01
04/04/25 13:00;-0,02
04/04/25 13:15;-0,02
04/04/25 13:30;-0,02
04/04/25 13:45;-0,02
04/04/25 14:00;-0,01
04/04/25 14:15;-0,01
04/04/25 14:30;-0,01
04/04/25 14:45;-0,01
04/04/25 15:00;0
04/04/25 15:15;0
04/04/25 15:30;0
04/04/25 15:45;0
04/04/25 16:00;0,01
04/04/25 16:15;0,01
04/04/25 16:30;0,01
04/04/25 16:45;0,01
04/04/25 17:00;0,65
04/04/25 17:15;0,65
04/04/25 17:30;0,65
04/04/25 17:45;0,65
04/04/25 18:00;6,3
04/04/25 18:15;6,3
04/04/25 18:30;6,3
04/04/25 18:45;6,3
04/04/25 19:00;35,01
04/04/25 19:15;35,01
04/04/25 19:30;35,01
04/04/25 19:45;35,01
04/04/25 20:00;50,02
04/04/25 20:15;50,02
04/04/25 20:30;50,02
04/04/25 20:45;50,02
04/04/25 21:00;35,01
04/04/25 21:15;35,01
04/04/25 21:30;35,01
04/04/25 21:45;35,01
04/04/25 22:00;20,91
04/04/25 22:15;20,91
04/04/25 22:30;20,91
04/04/25 22:45;20,91
04/04/25 23:00;35
04/04/25 23:15;35
04/04/25 23:30;35
04/04/25 23:45;35
05/04/25 00:00;19,97
05/04/25 00:15;19,97
05/04/25 00:30;19,97
05/04/25 00:45;19,97
05/04/25 01:00;19,1
05/04/25 01:15;19,1
05/04/25 01:30;19,1
05/04/25 01:45;19,1
05/04/25 02:00;19,34
05/04/25 02:15;19,34
05/04/25 02:30;19,34
05/04/25 02:45;19,34
05/04/25 03:00;13,2
05/04/25 03:15;13,2
05/04/25 03:30;13,2
05/04/25 03:45;13,2
05/04/25 04:00;16,4
05/04/25 04:15;16,4
05/04/25 04:30;16,4
05/04/25 04:45;16,4
05/04/25 05:00;19,75
05/04/25 05:15;19,75
05/04/25 05:30;19,75
05/04/25 05:45;19,75
05/04/25 06:00;20,3
05/04/25 06:15;20,3
05/04/25 06:30;20,3
05/04/25 06:45;20,3
05/04/25 07:00;21,46
05/04/25 07:15;21,46
05/04/25 07:30;21,46
05/04/25 07:45;21,46
05/04/25 08:00;10
05/04/25 08:15;10
05/04/25 08:30;10
05/04/25 08:45;10
05/04/25 09:00;0,66
05/04/25 09:15;0,66
05/04/25 09:30;0,66
05/04/25 09:45;0,66
05/04/25 10:00;-0,13
05/04/25 10:15;-0,13
05/04/25 10:30;-0,13
05/04/25 10:45;-0,13
05/04/25 11:00;-0,3
05/04/25 11:15;-0,3
05/04/25 11:30;-0,3
05/04/25 11:45;-0,3
05/04/25 12:00;-1
05/04/25 12:15;-1
05/04/25 12:30;-1
05/04/25 12:45;-1
05/04/25 13:00;-1,01
05/04/25 13:15;-1,01
05/04/25 13:30;-1,01
05/04/25 13:45;-1,01
05/04/25 14:00;-1,2
05/04/25 14:15;-1,2
05/04/25 14:30;-1,2
05/04/25 14:45;-1,2
05/04/25 15:00;-1
05/04/25 15:15;-1
05/04/25 15:30;-1
05/04/25 15:45;-1
05/04/25 16:00;0,1
05/04/25 16:15;0,1
05/04/25 16:30;0,1
05/04/25 16:45;0,1
05/04/25 17:00;10
05/04/25 17:15;10
05/04/25 17:30;10
05/04/25 17:45;10
05/04/25 18:00;46,49
05/04/25 18:15;46,49
05/04/25 18:30;46,49
05/04/25 18:45;46,49
05/04/25 19:00;95,61
05/04/25 19:15;95,61
05/04/25 19:30;95,61
05/04/25 19:45;95,61
05/04/25 20:00;95,61
05/04/25 20:15;95,61
05/04/25 20:30;95,61
05/04/25 20:45;95,61
05/04/25 21:00;78,99
05/04/25 21:15;78,99
05/04/25 21:30;78,99
05/04/25 21:45;78,99
05/04/25 22:00;68,75
05/04/25 22:15;68,75
05/04/25 22:30;68,75
05/04/25 22:45;68,75
05/04/25 23:00;70,45
05/04/25 23:15;70,45
05/04/25 23:30;70,45
05/04/25 23:45;70,45
06/04/25 00:00;46,21
06/04/25 00:15;46,21
06/04/25 00:30;46,21
06/04/25 00:45;46,21
06/04/25 01:00;35,01
06/04/25 01:15;35,01
06/04/25 01:30;35,01
06/04/25 01:45;35,01
06/04/25 02:00;27,01
06/04/25 02:15;27,01
06/04/25 02:30;27,01
06/04/25 02:45;27,01
06/04/25 03:00;25,5
06/04/25 03:15;25,5
06/04/25 03:30;25,5
06/04/25 03:45;25,5
06/04/25 04:00;25,57
06/04/25 04:15;25,57
06/04/25 04:30;25,57
06/04/25 04:45;25,57
06/04/25 05:00;26,51
06/04/25 05:15;26,51
06/04/25 05:30;26,51
06/04/25 05:45;26,51
06/04/25 06:00;28,87
06/04/25 06:15;28,87
06/04/25 06:30;28,87
06/04/25 06:45;28,87
06/04/25 07:00;26,25
06/04/25 07:15;26,25
06/04/25 07:30;26,25
06/04/25 07:45;26,25
06/04/25 08:00;0,1
06/04/25 08:15;0,1
06/04/25 08:30;0,1
06/04/25 08:45;0,1
06/04/25 09:00;-1,01
06/04/25 09:15;-1,01
06/04/25 09:30;-1,01
06/04/25 09:45;-1,01
06/04/25 10:00;-1,54
06/04/25 10:15;-1,54
06/04/25 10:30;-1,54
06/04/25 10:45;-1,54
06/04/25 11:00;-1,54
06/04/25 11:15;-1,54
06/04/25 11:30;-1,54
06/04/25 11:45;-1,54
06/04/25 12:00;-1
06/04/25 12:15;-1
06/04/25 12:30;-1
06/04/25 12:45;-1
06/04/25 13:00;-1
06/04/25 13:15;-1
06/04/25 13:30;-1
06/04/25 13:45;-1
06/04/25 14:00;-1,32
06/04/25 14:15;-1,32
06/04/25 14:30;-1,32
06/04/25 14:45;-1,32
06/04/25 15:00;-1,49
06/04/25 15:15;-1,49
06/04/25 15:30;-1,49
06/04/25 15:45;-1,49
06/04/25 16:00;-0,01
06/04/25 16:15;-0,01
06/04/25 16:30;-0,01
06/04/25 16:45;-0,01
06/04/25 17:00;8,26
06/04/25 17:15;8,26
06/04/25 17:30;8,26
06/04/25 17:45;8,26
06/04/25 18:00;35,2
06/04/25 18:15;35,2
06/04/25 18:30;35,2
06/04/25 18:45;35,2
06/04/25 19:00;75
06/04/25 19:15;75
06/04/25 19:30;75
06/04/25 19:45;75
06/04/25 20:00;80
06/04/25 20:15;80
06/04/25 20:30;80
06/04/25 20:45;80
06/04/25 21:00;70,01
06/04/25 21:15;70,01
06/04/25 21:30;70,01
06/04/25 21:45;70,01
06/04/25 22:00;66,38
06/04/25 22:15;66,38
06/04/25 22:30;66,38
06/04/25 22:45;66,38
06/04/25 23:00;48,37
06/04/25 23:15;48,37
06/04/25 23:30;48,37
06/04/25 23:45;48,37
07/04/25 00:00;41,9
07/04/25 00:15;41,9
07/04/25 00:30;41,9
07/04/25 00:45;41,9
07/04/25 01:00;43,32
07/04/25 01:15;43,32
07/04/25 01:30;43,32
07/04/25 01:45;43,32
07/04/25 02:00;39,54
07/04/25 02:15;39,54
07/04/25 02:30;39,54
07/04/25 02:45;39,54
07/04/25 03:00;39,74
07/04/25 03:15;39,74
07/04/25 03:30;39,74
07/04/25 03:45;39,74
07/04/25 04:00;46,22
07/04/25 04:15;46,22
07/04/25 04:30;46,22
07/04/25 04:45;46,22
07/04/25 05:00;70,1
07/04/25 05:15;70,1
07/04/25 05:30;70,1
07/04/25 05:45;70,1
07/04/25 06:00;132,57
07/04/25 06:15;132,57
07/04/25 06:30;132,57
07/04/25 06:45;132,57
07/04/25 07:00;143,04
07/04/25 07:15;143,04
07/04/25 07:30;143,04
07/04/25 07:45;143,04
07/04/25 08:00;60
07/04/25 08:15;60
07/04/25 08:30;60
07/04/25 08:45;60
07/04/25 09:00;17,43
07/04/25 09:15;17,43
07/04/25 09:30;17,43
07/04/25 09:45;17,43
07/04/25 10:00;3,01
07/04/25 10:15;3,01
07/04/25 10:30;3,01
07/04/25 10:45;3,01
07/04/25 11:00;1
07/04/25 11:15;1
07/04/25 11:30;1
07/04/25 11:45;1
07/04/25 12:00;0
07/04/25 12:15;0
07/04/25 12:30;0
07/04/25 12:45;0
07/04/25 13:00;0
07/04/25 13:15;0
07/04/25 13:30;0
07/04/25 13:45;0
07/04/25 14:00;0
07/04/25 14:15;0
07/04/25 14:30;0
07/04/25 14:45;0
07/04/25 15:00;0
07/04/25 15:15;0
07/04/25 15:30;0
07/04/25 15:45;0
07/04/25 16:00;1,51
07/04/25 16:15;1,51
07/04/25 16:30;1,51
07/04/25 16:45;1,51
07/04/25 17:00;20
07/04/25 17:15;20
07/04/25 17:30;20
07/04/25 17:45;20
07/04/25 18:00;69,1
07/04/25 18:15;69,1
07/04/25 18:30;69,1
07/04/25 18:45;69,1
07/04/25 19:00;156
07/04/25 19:15;156
07/04/25 19:30;156
07/04/25 19:45;156
07/04/25 20:00;170,01
07/04/25 20:15;170,01
07/04/25 20:30;170,01
07/04/25 20:45;170,01
07/04/25 21:00;118,34
07/04/25 21:15;118,34
07/04/25 21:30;118,34
07/04/25 21:45;118,34
07/04/25 22:00;99,84
07/04/25 22:15;99,84
07/04/25 22:30;99,84
07/04/25 22:45;99,84
07/04/25 23:00;83
07/04/25 23:15;83
07/04/25 23:30;83
07/04/25 23:45;83
08/04/25 00:00;71,8
08/04/25 00:15;71,8
08/04/25 00:30;71,8
08/04/25 00:45;71,8
08/04/25 01:00;69,07
08/04/25 01:15;69,07
08/04/25 01:30;69,07
08/04/25 01:45;69,07
08/04/25 02:00;57,65
08/04/25 02:15;57,65
08/04/25 02:30;57,65
08/04/25 02:45;57,65
08/04/25 03:00;51,22
08/04/25 03:15;51,22
08/04/25 03:30;51,22
08/04/25 03:45;51,22
08/04/25 04:00;53,16
08/04/25 04:15;53,16
08/04/25 04:30;53,16
08/04/25 04:45;53,16
08/04/25 05:00;60,5
08/04/25 05:15;60,5
08/04/25 05:30;60,5
08/04/25 05:45;60,5
08/04/25 06:00;131,17
08/04/25 06:15;131,17
08/04/25 06:30;131,17
08/04/25 06:45;131,17
08/04/25 07:00;104
08/04/25 07:15;104
08/04/25 07:30;104
08/04/25 07:45;104
08/04/25 08:00;36,88
08/04/25 08:15;36,88
08/04/25 08:30;36,88
08/04/25 08:45;36,88
08/04/25 09:00;0,65
08/04/25 09:15;0,65
08/04/25 09:30;0,65
08/04/25 09:45;0,65
08/04/25 10:00;-0,01
08/04/25 10:15;-0,01
08/04/25 10:30;-0,01
08/04/25 10:45;-0,01
08/04/25 11:00;-0,86
08/04/25 11:15;-0,86
08/04/25 11:30;-0,86
08/04/25 11:45;-0,86
08/04/25 12:00;-1,01
08/04/25 12:15;-1,01
08/04/25 12:30;-1,01
08/04/25 12:45;-1,01
08/04/25 13:00;-1,02
08/04/25 13:15;-1,02
08/04/25 13:30;-1,02
08/04/25 13:45;-1,02
08/04/25 14:00;-1,01
08/04/25 14:15;-1,01
08/04/25 14:30;-1,01
08/04/25 14:45;-1,01
08/04/25 15:00;-1
08/04/25 15:15;-1
08/04/25 15:30;-1
08/04/25 15:45;-1
08/04/25 16:00;-0,01
08/04/25 16:15;-0,01
08/04/25 16:30;-0,01
08/04/25 16:45;-0,01
08/04/25 17:00;0,01
08/04/25 17:15;0,01
08/04/25 17:30;0,01
08/04/25 17:45;0,01
08/04/25 18:00;33,68
08/04/25 18:15;33,68
08/04/25 18:30;33,68
08/04/25 18:45;33,68
08/04/25 19:00;117,6
08/04/25 19:15;117,6
08/04/25 19:30;117,6
08/04/25 19:45;117,6
08/04/25 20:00;123,49
08/04/25 20:15;123,49
08/04/25 20:30;123,49
08/04/25 20:45;123,49
08/04/25 21:00;85,95
08/04/25 21:15;85,95
08/04/25 21:30;85,95
08/04/25 21:45;85,95
08/04/25 22:00;69,22
08/04/25 22:15;69,22
08/04/25 22:30;69,22
08/04/25 22:45;69,22
08/04/25 23:00;50,13
08/04/25 23:15;50,13
08/04/25 23:30;50,13
08/04/25 23:45;50,13
09/04/25 00:00;37
09/04/25 00:15;37
09/04/25 00:30;37
09/04/25 00:45;37
09/04/25 01:00;33,68
09/04/25 01:15;33,68
09/04/25 01:30;33,68
09/04/25 01:45;33,68
09/04/25 02:00;32,06
09/04/25 02:15;32,06
09/04/25 02:30;32,06
09/04/25 02:45;32,06
09/04/25 03:00;28,46
09/04/25 03:15;28,46
09/04/25 03:30;28,46
09/04/25 03:45;28,46
09/04/25 04:00;28,9
09/04/25 04:15;28,9
09/04/25 04:30;28,9
09/04/25 04:45;28,9
09/04/25 05:00;37
09/04/25 05:15;37
09/04/25 05:30;37
09/04/25 05:45;37
09/04/25 06:00;86,96
09/04/25 06:15;86,96
09/04/25 06:30;86,96
09/04/25 06:45;86,96
09/04/25 07:00;98,21
09/04/25 07:15;98,21
09/04/25 07:30;98,21
09/04/25 07:45;98,21
09/04/25 08:00;33,68
09/04/25 08:15;33,68
09/04/25 08:30;33,68
09/04/25 08:45;33,68
09/04/25 09:00;5,8
09/04/25 09:15;5,8
09/04/25 09:30;5,8
09/04/25 09:45;5,8
09/04/25 10:00;-0,01
09/04/25 10:15;-0,01
09/04/25 10:30;-0,01
09/04/25 10:45;-0,01
09/04/25 11:00;-0,01
09/04/25 11:15;-0,01
09/04/25 11:30;-0,01
09/04/25 11:45;-0,01
09/04/25 12:00;-0,02
09/04/25 12:15;-0,02
09/04/25 12:30;-0,02
09/04/25 12:45;-0,02
09/04/25 13:00;-0,2
09/04/25 13:15;-0,2
09/04/25 13:30;-0,2
09/04/25 13:45;-0,2
09/04/25 14:00;-0,5
09/04/25 14:15;-0,5
09/04/25 14:30;-0,5
09/04/25 14:45;-0,5
09/04/25 15:00;-0,02
09/04/25 15:15;-0,02
09/04/25 15:30;-0,02
09/04/25 15:45;-0,02
09/04/25 16:00;0
09/04/25 16:15;0
09/04/25 16:30;0
09/04/25 16:45;0
09/04/25 17:00;9,81
09/04/25 17:15;9,81
09/04/25 17:30;9,81
09/04/25 17:45;9,81
09/04/25 18:00;37
09/04/25 18:15;37
09/04/25 18:30;37
09/04/25 18:45;37
09/04/25 19:00;70
09/04/25 19:15;70
09/04/25 19:30;70
09/04/25 19:45;70
09/04/25 20:00;89
09/04/25 20:15;89
09/04/25 20:30;89
09/04/25 20:45;89
09/04/25 21:00;53,96
09/04/25 21:15;53,96
09/04/25 21:30;53,96
09/04/25 21:45;53,96
09/04/25 22:00;36,64
09/04/25 22:15;36,64
09/04/25 22:30;36,64
09/04/25 22:45;36,64
09/04/25 23:00;33,68
09/04/25 23:15;33,68
09/04/25 23:30;33,68
09/04/25 23:45;33,68
10/04/25 00:00;28,46
10/04/25 00:15;28,46
10/04/25 00:30;28,46
10/04/25 00:45;28,46
10/04/25 01:00;21,46
10/04/25 01:15;21,46
10/04/25 01:30;21,46
10/04/25 01:45;21,46
10/04/25 02:00;20,08
10/04/25 02:15;20,08
10/04/25 02:30;20,08
10/04/25 02:45;20,08
10/04/25 03:00;18,36
10/04/25 03:15;18,36
10/04/25 03:30;18,36
10/04/25 03:45;18,36
10/04/25 04:00;17,46
10/04/25 04:15;17,46
10/04/25 04:30;17,46
10/04/25 04:45;17,46
10/04/25 05:00;15
10/04/25 05:15;15
10/04/25 05:30;15
10/04/25 05:45;15
10/04/25 06:00;35,01
10/04/25 06:15;35,01
10/04/25 06:30;35,01
10/04/25 06:45;35,01
10/04/25 07:00;37,5
10/04/25 07:15;37,5
10/04/25 07:30;37,5
10/04/25 07:45;37,5
10/04/25 08:00;30,48
10/04/25 08:15;30,48
10/04/25 08:30;30,48
10/04/25 08:45;30,48
10/04/25 09:00;10,99
10/04/25 09:15;10,99
10/04/25 09:30;10,99
10/04/25 09:45;10,99
10/04/25 10:00;0,65
10/04/25 10:15;0,65
10/04/25 10:30;0,65
10/04/25 10:45;0,65
10/04/25 11:00;0
10/04/25 11:15;0
10/04/25 11:30;0
10/04/25 11:45;0
10/04/25 12:00;0
10/04/25 12:15;0
10/04/25 12:30;0
10/04/25 12:45;0
10/04/25 13:00;-0,01
10/04/25 13:15;-0,01
10/04/25 13:30;-0,01
10/04/25 13:45;-0,01
10/04/25 14:00;-0,01
10/04/25 14:15;-0,01
10/04/25 14:30;-0,01
10/04/25 14:45;-0,01
10/04/25 15:00;0
10/04/25 15:15;0
10/04/25 15:30;0
10/04/25 15:45;0
10/04/25 16:00;0
10/04/25 16:15;0
10/04/25 16:30;0
10/04/25 16:45;0
10/04/25 17:00;4,99
10/04/25 17:15;4,99
10/04/25 17:30;4,99
10/04/25 17:45;4,99
10/04/25 18:00;20,3
10/04/25 18:15;20,3
10/04/25 18:30;20,3
10/04/25 18:45;20,3
10/04/25 19:00;38,54
10/04/25 19:15;38,54
10/04/25 19:30;38,54
10/04/25 19:45;38,54
10/04/25 20:00;50,82
10/04/25 20:15;50,82
10/04/25 20:30;50,82
10/04/25 20:45;50,82
10/04/25 21:00;43,3
10/04/25 21:15;43,3
10/04/25 21:30;43,3
10/04/25 21:45;43,3
10/04/25 22:00;33,68
10/04/25 22:15;33,68
10/04/25 22:30;33,68
10/04/25 22:45;33,68
10/04/25 23:00;21,63
10/04/25 23:15;21,63
10/04/25 23:30;21,63
10/04/25 23:45;21,63
11/04/25 00:00;16,66
11/04/25 00:15;16,66
11/04/25 00:30;16,66
11/04/25 00:45;16,66
11/04/25 01:00;11,98
11/04/25 01:15;11,98
11/04/25 01:30;11,98
11/04/25 01:45;11,98
11/04/25 02:00;14
11/04/25 02:15;14
11/04/25 02:30;14
11/04/25 02:45;14
11/04/25 03:00;12,51
11/04/25 03:15;12,51
11/04/25 03:30;12,51
11/04/25 03:45;12,51
11/04/25 04:00;14
11/04/25 04:15;14
11/04/25 04:30;14
11/04/25 04:45;14
11/04/25 05:00;14
11/04/25 05:15;14
11/04/25 05:30;14
11/04/25 05:45;14
11/04/25 06:00;30,48
11/04/25 06:15;30,48
11/04/25 06:30;30,48
11/04/25 06:45;30,48
11/04/25 07:00;34,37
11/04/25 07:15;34,37
11/04/25 07:30;34,37
11/04/25 07:45;34,37
11/04/25 08:00;27,5
11/04/25 08:15;27,5
11/04/25 08:30;27,5
11/04/25 08:45;27,5
11/04/25 09:00;12,51
11/04/25 09:15;12,51
11/04/25 09:30;12,51
11/04/25 09:45;12,51
11/04/25 10:00;3,52
11/04/25 10:15;3,52
11/04/25 10:30;3,52
11/04/25 10:45;3,52
11/04/25 11:00;0,01
11/04/25 11:15;0,01
11/04/25 11:30;0,01
11/04/25 11:45;0,01
11/04/25 12:00;0
11/04/25 12:15;0
11/04/25 12:30;0
11/04/25 12:45;0
11/04/25 13:00;0
11/04/25 13:15;0
11/04/25 13:30;0
11/04/25 13:45;0
11/04/25 14:00;-0,01
11/04/25 14:15;-0,01
11/04/25 14:30;-0,01
11/04/25 14:45;-0,01
11/04/25 15:00;0,01
11/04/25 15:15;0,01
11/04/25 15:30;0,01
11/04/25 15:45;0,01
11/04/25 16:00;3,52
11/04/25 16:15;3,52
11/04/25 16:30;3,52
11/04/25 16:45;3,52
11/04/25 17:00;8,3
11/04/25 17:15;8,3
11/04/25 17:30;8,3
11/04/25 17:45;8,3
11/04/25 18:00;28,46
11/04/25 18:15;28,46
11/04/25 18:30;28,46
11/04/25 18:45;28,46
11/04/25 19:00;52,01
11/04/25 19:15;52,01
11/04/25 19:30;52,01
11/04/25 19:45;52,01
11/04/25 20:00;58,02
11/04/25 20:15;58,02
11/04/25 20:30;58,02
11/04/25 20:45;58,02
11/04/25 21:00;41,91
11/04/25 21:15;41,91
11/04/25 21:30;41,91
11/04/25 21:45;41,91
11/04/25 22:00;35
11/04/25 22:15;35
11/04/25 22:30;35
11/04/25 22:45;35
11/04/25 23:00;35,01
11/04/25 23:15;35,01
11/04/25 23:30;35,01
11/04/25 23:45;35,01
12/04/25 00:00;29,24
12/04/25 00:15;29,24
12/04/25 00:30;29,24
12/04/25 00:45;29,24
12/04/25 01:00;31,22
12/04/25 01:15;31,22
12/04/25 01:30;31,22
12/04/25 01:45;31,22
12/04/25 02:00;29,24
12/04/25 02:15;29,24
12/04/25 02:30;29,24
12/04/25 02:45;29,24
12/04/25 03:00;29,09
12/04/25 03:15;29,09
12/04/25 03:30;29,09
12/04/25 03:45;29,09
12/04/25 04:00;30,38
12/04/25 04:15;30,38
12/04/25 04:30;30,38
12/04/25 04:45;30,38
12/04/25 05:00;32,68
12/04/25 05:15;32,68
12/04/25 05:30;32,68
12/04/25 05:45;32,68
12/04/25 06:00;29,24
12/04/25 06:15;29,24
12/04/25 06:30;29,24
12/04/25 06:45;29,24
12/04/25 07:00;30,95
12/04/25 07:15;30,95
12/04/25 07:30;30,95
12/04/25 07:45;30,95
12/04/25 08:00;33
12/04/25 08:15;33
12/04/25 08:30;33
12/04/25 08:45;33
12/04/25 09:00;20,19
12/04/25 09:15;20,19
12/04/25 09:30;20,19
12/04/25 09:45;20,19
12/04/25 10:00;8,01
12/04/25 10:15;8,01
12/04/25 10:30;8,01
12/04/25 10:45;8,01
12/04/25 11:00;3,52
12/04/25 11:15;3,52
12/04/25 11:30;3,52
12/04/25 11:45;3,52
12/04/25 12:00;1,8
12/04/25 12:15;1,8
12/04/25 12:30;1,8
12/04/25 12:45;1,8
12/04/25 13:00;0,17
12/04/25 13:15;0,17
12/04/25 13:30;0,17
12/04/25 13:45;0,17
12/04/25 14:00;0,01
12/04/25 14:15;0,01
12/04/25 14:30;0,01
12/04/25 14:45;0,01
12/04/25 15:00;0,01
12/04/25 15:15;0,01
12/04/25 15:30;0,01
12/04/25 15:45;0,01
12/04/25 16:00;18,08
12/04/25 16:15;18,08
12/04/25 16:30;18,08
12/04/25 16:45;18,08
12/04/25 17:00;22,57
12/04/25 17:15;22,57
12/04/25 17:30;22,57
12/04/25 17:45;22,57
12/04/25 18:00;33,84
12/04/25 18:15;33,84
12/04/25 18:30;33,84
12/04/25 18:45;33,84
12/04/25 19:00;50,02
12/04/25 19:15;50,02
12/04/25 19:30;50,02
12/04/25 19:45;50,02
12/04/25 20:00;79
12/04/25 20:15;79
12/04/25 20:30;79
12/04/25 20:45;79
12/04/25 21:00;55,44
12/04/25 21:15;55,44
12/04/25 21:30;55,44
12/04/25 21:45;55,44
12/04/25 22:00;45,59
12/04/25 22:15;45,59
12/04/25 22:30;45,59
12/04/25 22:45;45,59
12/04/25 23:00;35
12/04/25 23:15;35
12/04/25 23:30;35
12/04/25 23:45;35
13/04/25 00:00;35
13/04/25 00:15;35
13/04/25 00:30;35
13/04/25 00:45;35
13/04/25 01:00;31,3
13/04/25 01:15;31,3
13/04/25 01:30;31,3
13/04/25 01:45;31,3
13/04/25 02:00;20,08
13/04/25 02:15;20,08
13/04/25 02:30;20,08
13/04/25 02:45;20,08
13/04/25 03:00;15,31
13/04/25 03:15;15,31
13/04/25 03:30;15,31
13/04/25 03:45;15,31
13/04/25 04:00;14,99
13/04/25 04:15;14,99
13/04/25 04:30;14,99
13/04/25 04:45;14,99
13/04/25 05:00;21,63
13/04/25 05:15;21,63
13/04/25 05:30;21,63
13/04/25 05:45;21,63
13/04/25 06:00;27,75
13/04/25 06:15;27,75
13/04/25 06:30;27,75
13/04/25 06:45;27,75
13/04/25 07:00;17,23
13/04/25 07:15;17,23
13/04/25 07:30;17,23
13/04/25 07:45;17,23
13/04/25 08:00;9
13/04/25 08:15;9
13/04/25 08:30;9
13/04/25 08:45;9
13/04/25 09:00;2,55
13/04/25 09:15;2,55
13/04/25 09:30;2,55
13/04/25 09:45;2,55
13/04/25 10:00;0,18
13/04/25 10:15;0,18
13/04/25 10:30;0,18
13/04/25 10:45;0,18
13/04/25 11:00;0
13/04/25 11:15;0
13/04/25 11:30;0
13/04/25 11:45;0
13/04/25 12:00;-0,01
13/04/25 12:15;-0,01
13/04/25 12:30;-0,01
13/04/25 12:45;-0,01
13/04/25 13:00;-0,2
13/04/25 13:15;-0,2
13/04/25 13:30;-0,2
13/04/25 13:45;-0,2
13/04/25 14:00;-1,51
13/04/25 14:15;-1,51
13/04/25 14:30;-1,51
13/04/25 14:45;-1,51
13/04/25 15:00;-0,01
13/04/25 15:15;-0,01
13/04/25 15:30;-0,01
13/04/25 15:45;-0,01
13/04/25 16:00;0
13/04/25 16:15;0
13/04/25 16:30;0
13/04/25 16:45;0
13/04/25 17:00;1,35
13/04/25 17:15;1,35
13/04/25 17:30;1,35
13/04/25 17:45;1,35
13/04/25 18:00;8,24
13/04/25 18:15;8,24
13/04/25 18:30;8,24
13/04/25 18:45;8,24
13/04/25 19:00;44,31
13/04/25 19:15;44,31
13/04/25 19:30;44,31
13/04/25 19:45;44,31
13/04/25 20:00;60,55
13/04/25 20:15;60,55
13/04/25 20:30;60,55
13/04/25 20:45;60,55
13/04/25 21:00;59,04
13/04/25 21:15;59,04
13/04/25 21:30;59,04
13/04/25 21:45;59,04
13/04/25 22:00;38,5
13/04/25 22:15;38,5
13/04/25 22:30;38,5
13/04/25 22:45;38,5
13/04/25 23:00;39,23
13/04/25 23:15;39,23
13/04/25 23:30;39,23
13/04/25 23:45;39,23
14/04/25 00:00;38,16
14/04/25 00:15;38,16
14/04/25 00:30;38,16
14/04/25 00:45;38,16
14/04/25 01:00;37,74
14/04/25 01:15;37,74
14/04/25 01:30;37,74
14/04/25 01:45;37,74
14/04/25 02:00;35
14/04/25 02:15;35
14/04/25 02:30;35
14/04/25 02:45;35
14/04/25 03:00;30,01
14/04/25 03:15;30,01
14/04/25 03:30;30,01
14/04/25 03:45;30,01
14/04/25 04:00;35,01
14/04/25 04:15;35,01
14/04/25 04:30;35,01
14/04/25 04:45;35,01
14/04/25 05:00;42,5
14/04/25 05:15;42,5
14/04/25 05:30;42,5
14/04/25 05:45;42,5
14/04/25 06:00;68,19
14/04/25 06:15;68,19
14/04/25 06:30;68,19
14/04/25 06:45;68,19
14/04/25 07:00;74,94
14/04/25 07:15;74,94
14/04/25 07:30;74,94
14/04/25 07:45;74,94
14/04/25 08:00;37,74
14/04/25 08:15;37,74
14/04/25 08:30;37,74
14/04/25 08:45;37,74
14/04/25 09:00;30,55
14/04/25 09:15;30,55
14/04/25 09:30;30,55
14/04/25 09:45;30,55
14/04/25 10:00;7,4
14/04/25 10:15;7,4
14/04/25 10:30;7,4
14/04/25 10:45;7,4
14/04/25 11:00;3,52
14/04/25 11:15;3,52
14/04/25 11:30;3,52
14/04/25 11:45;3,52
14/04/25 12:00;0,65
14/04/25 12:15;0,65
14/04/25 12:30;0,65
14/04/25 12:45;0,65
14/04/25 13:00;0
14/04/25 13:15;0
14/04/25 13:30;0
14/04/25 13:45;0
14/04/25 14:00;0
14/04/25 14:15;0
14/04/25 14:30;0
14/04/25 14:45;0
14/04/25 15:00;0
14/04/25 15:15;0
14/04/25 15:30;0
14/04/25 15:45;0
14/04/25 16:00;0
14/04/25 16:15;0
14/04/25 16:30;0
14/04/25 16:45;0
14/04/25 17:00;0,65
14/04/25 17:15;0,65
14/04/25 17:30;0,65
14/04/25 17:45;0,65
14/04/25 18:00;4,99
14/04/25 18:15;4,99
14/04/25 18:30;4,99
14/04/25 18:45;4,99
14/04/25 19:00;35
14/04/25 19:15;35
14/04/25 19:30;35
14/04/25 19:45;35
14/04/25 20:00;35
14/04/25 20:15;35
14/04/25 20:30;35
14/04/25 20:45;35
14/04/25 21:00;19,75
14/04/25 21:15;19,75
14/04/25 21:30;19,75
14/04/25 21:45;19,75
14/04/25 22:00;13
14/04/25 22:15;13
14/04/25 22:30;13
14/04/25 22:45;13
14/04/25 23:00;14
14/04/25 23:15;14
14/04/25 23:30;14
14/04/25 23:45;14
15/04/25 00:00;7,5
15/04/25 00:15;7,5
15/04/25 00:30;7,5
15/04/25 00:45;7,5
15/04/25 01:00;5,64
15/04/25 01:15;5,64
15/04/25 01:30;5,64
15/04/25 01:45;5,64
15/04/25 02:00;4,5
15/04/25 02:15;4,5
15/04/25 02:30;4,5
15/04/25 02:45;4,5
15/04/25 03:00;3,6
15/04/25 03:15;3,6
15/04/25 03:30;3,6
15/04/25 03:45;3,6
15/04/25 04:00;7,08
15/04/25 04:15;7,08
15/04/25 04:30;7,08
15/04/25 04:45;7,08
15/04/25 05:00;20,08
15/04/25 05:15;20,08
15/04/25 05:30;20,08
15/04/25 05:45;20,08
15/04/25 06:00;34,45
15/04/25 06:15;34,45
15/04/25 06:30;34,45
15/04/25 06:45;34,45
15/04/25 07:00;35
15/04/25 07:15;35
15/04/25 07:30;35
15/04/25 07:45;35
15/04/25 08:00;18,74
15/04/25 08:15;18,74
15/04/25 08:30;18,74
15/04/25 08:45;18,74
15/04/25 09:00;5,5
15/04/25 09:15;5,5
15/04/25 09:30;5,5
15/04/25 09:45;5,5
15/04/25 10:00;3,52
15/04/25 10:15;3,52
15/04/25 10:30;3,52
15/04/25 10:45;3,52
15/04/25 11:00;0,08
15/04/25 11:15;0,08
15/04/25 11:30;0,08
15/04/25 11:45;0,08
15/04/25 12:00;0
15/04/25 12:15;0
15/04/25 12:30;0
15/04/25 12:45;0
15/04/25 13:00;-0,01
15/04/25 13:15;-0,01
15/04/25 13:30;-0,01
15/04/25 13:45;-0,01
15/04/25 14:00;-0,01
15/04/25 14:15;-0,01
15/04/25 14:30;-0,01
15/04/25 14:45;-0,01
15/04/25 15:00;-0,01
15/04/25 15:15;-0,01
15/04/25 15:30;-0,01
15/04/25 15:45;-0,01
15/04/25 16:00;0
15/04/25 16:15;0
15/04/25 16:30;0
15/04/25 16:45;0
15/04/25 17:00;2,55
15/04/25 17:15;2,55
15/04/25 17:30;2,55
15/04/25 17:45;2,55
15/04/25 18:00;7,5
15/04/25 18:15;7,5
15/04/25 18:30;7,5
15/04/25 18:45;7,5
15/04/25 19:00;33,47
15/04/25 19:15;33,47
15/04/25 19:30;33,47
15/04/25 19:45;33,47
15/04/25 20:00;35
15/04/25 20:15;35
15/04/25 20:30;35
15/04/25 20:45;35
15/04/25 21:00;21,96
15/04/25 21:15;21,96
15/04/25 21:30;21,96
15/04/25 21:45;21,96
15/04/25 22:00;21,46
15/04/25 22:15;21,46
15/04/25 22:30;21,46
15/04/25 22:45;21,46
15/04/25 23:00;16,22
15/04/25 23:15;16,22
15/04/25 23:30;16,22
15/04/25 23:45;16,22
16/04/25 00:00;16,22
16/04/25 00:15;16,22
16/04/25 00:30;16,22
16/04/25 00:45;16,22
16/04/25 01:00;15
16/04/25 01:15;15
16/04/25 01:30;15
16/04/25 01:45;15
16/04/25 02:00;12,96
16/04/25 02:15;12,96
16/04/25 02:30;12,96
16/04/25 02:45;12,96
16/04/25 03:00;6
16/04/25 03:15;6
16/04/25 03:30;6
16/04/25 03:45;6
16/04/25 04:00;6,99
16/04/25 04:15;6,99
16/04/25 04:30;6,99
16/04/25 04:45;6,99
16/04/25 05:00;15,98
16/04/25 05:15;15,98
16/04/25 05:30;15,98
16/04/25 05:45;15,98
16/04/25 06:00;17,46
16/04/25 06:15;17,46
16/04/25 06:30;17,46
16/04/25 06:45;17,46
16/04/25 07:00;15
16/04/25 07:15;15
16/04/25 07:30;15
16/04/25 07:45;15
16/04/25 08:00;3,8
16/04/25 08:15;3,8
16/04/25 08:30;3,8
16/04/25 08:45;3,8
16/04/25 09:00;0,66
16/04/25 09:15;0,66
16/04/25 09:30;0,66
16/04/25 09:45;0,66
16/04/25 10:00;0
16/04/25 10:15;0
16/04/25 10:30;0
16/04/25 10:45;0
16/04/25 11:00;0
16/04/25 11:15;0
16/04/25 11:30;0
16/04/25 11:45;0
16/04/25 12:00;0
16/04/25 12:15;0
16/04/25 12:30;0
16/04/25 12:45;0
16/04/25 13:00;0
16/04/25 13:15;0
16/04/25 13:30;0
16/04/25 13:45;0
16/04/25 14:00;-0,01
16/04/25 14:15;-0,01
16/04/25 14:30;-0,01
16/04/25 14:45;-0,01
16/04/25 15:00;-0,01
16/04/25 15:15;-0,01
16/04/25 15:30;-0,01
16/04/25 15:45;-0,01
16/04/25 16:00;0
16/04/25 16:15;0
16/04/25 16:30;0
16/04/25 16:45;0
16/04/25 17:00;0,65
16/04/25 17:15;0,65
16/04/25 17:30;0,65
16/04/25 17:45;0,65
16/04/25 18:00;6,1
16/04/25 18:15;6,1
16/04/25 18:30;6,1
16/04/25 18:45;6,1
16/04/25 19:00;30,92
16/04/25 19:15;30,92
16/04/25 19:30;30,92
16/04/25 19:45;30,92
16/04/25 20:00;69,21
16/04/25 20:15;69,21
16/04/25 20:30;69,21
16/04/25 20:45;69,21
16/04/25 21:00;36
16/04/25 21:15;36
16/04/25 21:30;36
16/04/25 21:45;36
16/04/25 22:00;22,15
16/04/25 22:15;22,15
16/04/25 22:30;22,15
16/04/25 22:45;22,15
16/04/25 23:00;20,19
16/04/25 23:15;20,19
16/04/25 23:30;20,19
16/04/25 23:45;20,19
17/04/25 00:00;16,22
17/04/25 00:15;16,22
17/04/25 00:30;16,22
17/04/25 00:45;16,22
17/04/25 01:00;15,98
17/04/25 01:15;15,98
17/04/25 01:30;15,98
17/04/25 01:45;15,98
17/04/25 02:00;15,88
17/04/25 02:15;15,88
17/04/25 02:30;15,88
17/04/25 02:45;15,88
17/04/25 03:00;15,5
17/04/25 03:15;15,5
17/04/25 03:30;15,5
17/04/25 03:45;15,5
17/04/25 04:00;15,5
17/04/25 04:15;15,5
17/04/25 04:30;15,5
17/04/25 04:45;15,5
17/04/25 05:00;16,46
17/04/25 05:15;16,46
17/04/25 05:30;16,46
17/04/25 05:45;16,46
17/04/25 06:00;22,48
17/04/25 06:15;22,48
17/04/25 06:30;22,48
17/04/25 06:45;22,48
17/04/25 07:00;19,97
17/04/25 07:15;19,97
17/04/25 07:30;19,97
17/04/25 07:45;19,97
17/04/25 08:00;9,5
17/04/25 08:15;9,5
17/04/25 08:30;9,5
17/04/25 08:45;9,5
17/04/25 09:00;3,52
17/04/25 09:15;3,52
17/04/25 09:30;3,52
17/04/25 09:45;3,52
17/04/25 10:00;1,49
17/04/25 10:15;1,49
17/04/25 10:30;1,49
17/04/25 10:45;1,49
17/04/25 11:00;0
17/04/25 11:15;0
17/04/25 11:30;0
17/04/25 11:45;0
17/04/25 12:00;0
17/04/25 12:15;0
17/04/25 12:30;0
17/04/25 12:45;0
17/04/25 13:00;0
17/04/25 13:15;0
17/04/25 13:30;0
17/04/25 13:45;0
17/04/25 14:00;0
17/04/25 14:15;0
17/04/25 14:30;0
17/04/25 14:45;0
17/04/25 15:00;0
17/04/25 15:15;0
17/04/25 15:30;0
17/04/25 15:45;0
17/04/25 16:00;0
17/04/25 16:15;0
17/04/25 16:30;0
17/04/25 16:45;0
17/04/25 17:00;3,52
17/04/25 17:15;3,52
17/04/25 17:30;3,52
17/04/25 17:45;3,52
17/04/25 18:00;20,08
17/04/25 18:15;20,08
17/04/25 18:30;20,08
17/04/25 18:45;20,08
17/04/25 19:00;72,83
17/04/25 19:15;72,83
17/04/25 19:30;72,83
17/04/25 19:45;72,83
17/04/25 20:00;107,5
17/04/25 20:15;107,5
17/04/25 20:30;107,5
17/04/25 20:45;107,5
17/04/25 21:00;87,56
17/04/25 21:15;87,56
17/04/25 21:30;87,56
17/04/25 21:45;87,56
17/04/25 22:00;62,4
17/04/25 22:15;62,4
17/04/25 22:30;62,4
17/04/25 22:45;62,4
17/04/25 23:00;36
17/04/25 23:15;36
17/04/25 23:30;36
17/04/25 23:45;36
18/04/25 00:00;21,53
18/04/25 00:15;21,53
18/04/25 00:30;21,53
18/04/25 00:45;21,53
18/04/25 01:00;20,26
18/04/25 01:15;20,26
18/04/25 01:30;20,26
18/04/25 01:45;20,26
18/04/25 02:00;20,57
18/04/25 02:15;20,57
18/04/25 02:30;20,57
18/04/25 02:45;20,57
18/04/25 03:00;20,57
18/04/25 03:15;20,57
18/04/25 03:30;20,57
18/04/25 03:45;20,57
18/04/25 04:00;20,26
18/04/25 04:15;20,26
18/04/25 04:30;20,26
18/04/25 04:45;20,26
18/04/25 05:00;15,55
18/04/25 05:15;15,55
18/04/25 05:30;15,55
18/04/25 05:45;15,55
18/04/25 06:00;18,98
18/04/25 06:15;18,98
18/04/25 06:30;18,98
18/04/25 06:45;18,98
18/04/25 07:00;12,05
18/04/25 07:15;12,05
18/04/25 07:30;12,05
18/04/25 07:45;12,05
18/04/25 08:00;4,31
18/04/25 08:15;4,31
18/04/25 08:30;4,31
18/04/25 08:45;4,31
18/04/25 09:00;2
18/04/25 09:15;2
18/04/25 09:30;2
18/04/25 09:45;2
18/04/25 10:00;0
18/04/25 10:15;0
18/04/25 10:30;0
18/04/25 10:45;0
18/04/25 11:00;-0,3
18/04/25 11:15;-0,3
18/04/25 11:30;-0,3
18/04/25 11:45;-0,3
18/04/25 12:00;-0,79
18/04/25 12:15;-0,79
18/04/25 12:30;-0,79
18/04/25 12:45;-0,79
18/04/25 13:00;-1,16
18/04/25 13:15;-1,16
18/04/25 13:30;-1,16
18/04/25 13:45;-1,16
18/04/25 14:00;-1,54
18/04/25 14:15;-1,54
18/04/25 14:30;-1,54
18/04/25 14:45;-1,54
18/04/25 15:00;-1,54
18/04/25 15:15;-1,54
18/04/25 15:30;-1,54
18/04/25 15:45;-1,54
18/04/25 16:00;-1,51
18/04/25 16:15;-1,51
18/04/25 16:30;-1,51
18/04/25 16:45;-1,51
18/04/25 17:00;0
18/04/25 17:15;0
18/04/25 17:30;0
18/04/25 17:45;0
18/04/25 18:00;3,52
18/04/25 18:15;3,52
18/04/25 18:30;3,52
18/04/25 18:45;3,52
18/04/25 19:00;21,53
18/04/25 19:15;21,53
18/04/25 19:30;21,53
18/04/25 19:45;21,53
18/04/25 20:00;35
18/04/25 20:15;35
18/04/25 20:30;35
18/04/25 20:45;35
18/04/25 21:00;30
18/04/25 21:15;30
18/04/25 21:30;30
18/04/25 21:45;30
18/04/25 22:00;21,05
18/04/25 22:15;21,05
18/04/25 22:30;21,05
18/04/25 22:45;21,05
18/04/25 23:00;8
18/04/25 23:15;8
18/04/25 23:30;8
18/04/25 23:45;8
19/04/25 00:00;4,83
19/04/25 00:15;4,83
19/04/25 00:30;4,83
19/04/25 00:45;4,83
19/04/25 01:00;3,83
19/04/25 01:15;3,83
19/04/25 01:30;3,83
19/04/25 01:45;3,83
19/04/25 02:00;3,52
19/04/25 02:15;3,52
19/04/25 02:30;3,52
19/04/25 02:45;3,52
19/04/25 03:00;3,52
19/04/25 03:15;3,52
19/04/25 03:30;3,52
19/04/25 03:45;3,52
19/04/25 04:00;3,52
19/04/25 04:15;3,52
19/04/25 04:30;3,52
19/04/25 04:45;3,52
19/04/25 05:00;3,52
19/04/25 05:15;3,52
19/04/25 05:30;3,52
19/04/25 05:45;3,52
19/04/25 06:00;3,52
19/04/25 06:15;3,52
19/04/25 06:30;3,52
19/04/25 06:45;3,52
19/04/25 07:00;2,4
19/04/25 07:15;2,4
19/04/25 07:30;2,4
19/04/25 07:45;2,4
19/04/25 08:00;0
19/04/25 08:15;0
19/04/25 08:30;0
19/04/25 08:45;0
19/04/25 09:00;-0,79
19/04/25 09:15;-0,79
19/04/25 09:30;-0,79
19/04/25 09:45;-0,79
19/04/25 10:00;-1,54
19/04/25 10:15;-1,54
19/04/25 10:30;-1,54
19/04/25 10:45;-1,54
19/04/25 11:00;-1,54
19/04/25 11:15;-1,54
19/04/25 11:30;-1,54
19/04/25 11:45;-1,54
19/04/25 12:00;-2,2
19/04/25 12:15;-2,2
19/04/25 12:30;-2,2
19/04/25 12:45;-2,2
19/04/25 13:00;-3
19/04/25 13:15;-3
19/04/25 13:30;-3
19/04/25 13:45;-3
19/04/25 14:00;-4
19/04/25 14:15;-4
19/04/25 14:30;-4
19/04/25 14:45;-4
19/04/25 15:00;-4
19/04/25 15:15;-4
19/04/25 15:30;-4
19/04/25 15:45;-4
19/04/25 16:00;-3
19/04/25 16:15;-3
19/04/25 16:30;-3
19/04/25 16:45;-3
19/04/25 17:00;-1,54
19/04/25 17:15;-1,54
19/04/25 17:30;-1,54
19/04/25 17:45;-1,54
19/04/25 18:00;0
19/04/25 18:15;0
19/04/25 18:30;0
19/04/25 18:45;0
19/04/25 19:00;2,78
19/04/25 19:15;2,78
19/04/25 19:30;2,78
19/04/25 19:45;2,78
19/04/25 20:00;8
19/04/25 20:15;8
19/04/25 20:30;8
19/04/25 20:45;8
19/04/25 21:00;7,55
19/04/25 21:15;7,55
19/04/25 21:30;7,55
19/04/25 21:45;7,55
19/04/25 22:00;8
19/04/25 22:15;8
19/04/25 22:30;8
19/04/25 22:45;8
19/04/25 23:00;3,52
19/04/25 23:15;3,52
19/04/25 23:30;3,52
19/04/25 23:45;3,52
20/04/25 00:00;2,78
20/04/25 00:15;2,78
20/04/25 00:30;2,78
20/04/25 00:45;2,78
20/04/25 01:00;2,1
20/04/25 01:15;2,1
20/04/25 01:30;2,1
20/04/25 01:45;2,1
20/04/25 02:00;2,17
20/04/25 02:15;2,17
20/04/25 02:30;2,17
20/04/25 02:45;2,17
20/04/25 03:00;3
20/04/25 03:15;3
20/04/25 03:30;3
20/04/25 03:45;3
20/04/25 04:00;3,52
20/04/25 04:15;3,52
20/04/25 04:30;3,52
20/04/25 04:45;3,52
20/04/25 05:00;3,52
20/04/25 05:15;3,52
20/04/25 05:30;3,52
20/04/25 05:45;3,52
20/04/25 06:00;5,5
20/04/25 06:15;5,5
20/04/25 06:30;5,5
20/04/25 06:45;5,5
20/04/25 07:00;3,52
20/04/25 07:15;3,52
20/04/25 07:30;3,52
20/04/25 07:45;3,52
20/04/25 08:00;1,6
20/04/25 08:15;1,6
20/04/25 08:30;1,6
20/04/25 08:45;1,6
20/04/25 09:00;0
20/04/25 09:15;0
20/04/25 09:30;0
20/04/25 09:45;0
20/04/25 10:00;-0,02
20/04/25 10:15;-0,02
20/04/25 10:30;-0,02
20/04/25 10:45;-0,02
20/04/25 11:00;-0,99
20/04/25 11:15;-0,99
20/04/25 11:30;-0,99
20/04/25 11:45;-0,99
20/04/25 12:00;-4
20/04/25 12:15;-4
20/04/25 12:30;-4
20/04/25 12:45;-4
20/04/25 13:00;-4,99
20/04/25 13:15;-4,99
20/04/25 13:30;-4,99
20/04/25 13:45;-4,99
20/04/25 14:00;-4,2
20/04/25 14:15;-4,2
20/04/25 14:30;-4,2
20/04/25 14:45;-4,2
20/04/25 15:00;-1,54
20/04/25 15:15;-1,54
20/04/25 15:30;-1,54
20/04/25 15:45;-1,54
20/04/25 16:00;-1,54
20/04/25 16:15;-1,54
20/04/25 16:30;-1,54
20/04/25 16:45;-1,54
20/04/25 17:00;-0,3
20/04/25 17:15;-0,3
20/04/25 17:30;-0,3
20/04/25 17:45;-0,3
20/04/25 18:00;3,05
20/04/25 18:15;3,05
20/04/25 18:30;3,05
20/04/25 18:45;3,05
20/04/25 19:00;10,24
20/04/25 19:15;10,24
20/04/25 19:30;10,24
20/04/25 19:45;10,24
20/04/25 20:00;32,93
20/04/25 20:15;32,93
20/04/25 20:30;32,93
20/04/25 20:45;32,93
20/04/25 21:00;41,27
20/04/25 21:15;41,27
20/04/25 21:30;41,27
20/04/25 21:45;41,27
20/04/25 22:00;39
20/04/25 22:15;39
20/04/25 22:30;39
20/04/25 22:45;39
20/04/25 23:00;39
20/04/25 23:15;39
20/04/25 23:30;39
20/04/25 23:45;39
21/04/25 00:00;25,5
21/04/25 00:15;25,5
21/04/25 00:30;25,5
21/04/25 00:45;25,5
21/04/25 01:00;23,66
21/04/25 01:15;23,66
21/04/25 01:30;23,66
21/04/25 01:45;23,66
21/04/25 02:00;22,5
21/04/25 02:15;22,5
21/04/25 02:30;22,5
21/04/25 02:45;22,5
21/04/25 03:00;25
21/04/25 03:15;25
21/04/25 03:30;25
21/04/25 03:45;25
21/04/25 04:00;29,97
21/04/25 04:15;29,97
21/04/25 04:30;29,97
21/04/25 04:45;29,97
21/04/25 05:00;39
21/04/25 05:15;39
21/04/25 05:30;39
21/04/25 05:45;39
21/04/25 06:00;72,13
21/04/25 06:15;72,13
21/04/25 06:30;72,13
21/04/25 06:45;72,13
21/04/25 07:00;65,12
21/04/25 07:15;65,12
21/04/25 07:30;65,12
21/04/25 07:45;65,12
21/04/25 08:00;33,98
21/04/25 08:15;33,98
21/04/25 08:30;33,98
21/04/25 08:45;33,98
21/04/25 09:00;25,74
21/04/25 09:15;25,74
21/04/25 09:30;25,74
21/04/25 09:45;25,74
21/04/25 10:00;15
21/04/25 10:15;15
21/04/25 10:30;15
21/04/25 10:45;15
21/04/25 11:00;11,83
21/04/25 11:15;11,83
21/04/25 11:30;11,83
21/04/25 11:45;11,83
21/04/25 12:00;8,12
21/04/25 12:15;8,12
21/04/25 12:30;8,12
21/04/25 12:45;8,12
21/04/25 13:00;6,56
21/04/25 13:15;6,56
21/04/25 13:30;6,56
21/04/25 13:45;6,56
21/04/25 14:00;9,27
21/04/25 14:15;9,27
21/04/25 14:30;9,27
21/04/25 14:45;9,27
21/04/25 15:00;11,94
21/04/25 15:15;11,94
21/04/25 15:30;11,94
21/04/25 15:45;11,94
21/04/25 16:00;20,33
21/04/25 16:15;20,33
21/04/25 16:30;20,33
21/04/25 16:45;20,33
21/04/25 17:00;44,86
21/04/25 17:15;44,86
21/04/25 17:30;44,86
21/04/25 17:45;44,86
21/04/25 18:00;76,72
21/04/25 18:15;76,72
21/04/25 18:30;76,72
21/04/25 18:45;76,72
21/04/25 19:00;134,09
21/04/25 19:15;134,09
21/04/25 19:30;134,09
21/04/25 19:45;134,09
21/04/25 20:00;160
21/04/25 20:15;160
21/04/25 20:30;160
21/04/25 20:45;160
21/04/25 21:00;122,77
21/04/25 21:15;122,77
21/04/25 21:30;122,77
21/04/25 21:45;122,77
21/04/25 22:00;98,2
21/04/25 22:15;98,2
21/04/25 22:30;98,2
21/04/25 22:45;98,2
21/04/25 23:00;85,1
21/04/25 23:15;85,1
21/04/25 23:30;85,1
21/04/25 23:45;85,1
22/04/25 00:00;76,05
22/04/25 00:15;76,05
22/04/25 00:30;76,05
22/04/25 00:45;76,05
22/04/25 01:00;71,73
22/04/25 01:15;71,73
22/04/25 01:30;71,73
22/04/25 01:45;71,73
22/04/25 02:00;70,41
22/04/25 02:15;70,41
22/04/25 02:30;70,41
22/04/25 02:45;70,41
22/04/25 03:00;73,06
22/04/25 03:15;73,06
22/04/25 03:30;73,06
22/04/25 03:45;73,06
22/04/25 04:00;66
22/04/25 04:15;66
22/04/25 04:30;66
22/04/25 04:45;66
22/04/25 05:00;84,48
22/04/25 05:15;84,48
22/04/25 05:30;84,48
22/04/25 05:45;84,48
22/04/25 06:00;115,9
22/04/25 06:15;115,9
22/04/25 06:30;115,9
22/04/25 06:45;115,9
22/04/25 07:00;126,6
22/04/25 07:15;126,6
22/04/25 07:30;126,6
22/04/25 07:45;126,6
22/04/25 08:00;83,51
22/04/25 08:15;83,51
22/04/25 08:30;83,51
22/04/25 08:45;83,51
22/04/25 09:00;69,7
22/04/25 09:15;69,7
22/04/25 09:30;69,7
22/04/25 09:45;69,7
22/04/25 10:00;45
22/04/25 10:15;45
22/04/25 10:30;45
22/04/25 10:45;45
22/04/25 11:00;30
22/04/25 11:15;30
22/04/25 11:30;30
22/04/25 11:45;30
22/04/25 12:00;20,37
22/04/25 12:15;20,37
22/04/25 12:30;20,37
22/04/25 12:45;20,37
22/04/25 13:00;15
22/04/25 13:15;15
22/04/25 13:30;15
22/04/25 13:45;15
22/04/25 14:00;5,11
22/04/25 14:15;5,11
22/04/25 14:30;5,11
22/04/25 14:45;5,11
22/04/25 15:00;4,31
22/04/25 15:15;4,31
22/04/25 15:30;4,31
22/04/25 15:45;4,31
22/04/25 16:00;5,79
22/04/25 16:15;5,79
22/04/25 16:30;5,79
22/04/25 16:45;5,79
22/04/25 17:00;21,7
22/04/25 17:15;21,7
22/04/25 17:30;21,7
22/04/25 17:45;21,7
22/04/25 18:00;60
22/04/25 18:15;60
22/04/25 18:30;60
22/04/25 18:45;60
22/04/25 19:00;99,99
22/04/25 19:15;99,99
22/04/25 19:30;99,99
22/04/25 19:45;99,99
22/04/25 20:00;130,04
22/04/25 20:15;130,04
22/04/25 20:30;130,04
22/04/25 20:45;130,04
22/04/25 21:00;105,03
22/04/25 21:15;105,03
22/04/25 21:30;105,03
22/04/25 21:45;105,03
22/04/25 22:00;75,81
22/04/25 22:15;75,81
22/04/25 22:30;75,81
22/04/25 22:45;75,81
22/04/25 23:00;72,84
22/04/25 23:15;72,84
22/04/25 23:30;72,84
22/04/25 23:45;72,84
23/04/25 00:00;62,4
23/04/25 00:15;62,4
23/04/25 00:30;62,4
23/04/25 00:45;62,4
23/04/25 01:00;60,98
23/04/25 01:15;60,98
23/04/25 01:30;60,98
23/04/25 01:45;60,98
23/04/25 02:00;53,17
23/04/25 02:15;53,17
23/04/25 02:30;53,17
23/04/25 02:45;53,17
23/04/25 03:00;50,92
23/04/25 03:15;50,92
23/04/25 03:30;50,92
23/04/25 03:45;50,92
23/04/25 04:00;53,17
23/04/25 04:15;53,17
23/04/25 04:30;53,17
23/04/25 04:45;53,17
23/04/25 05:00;73
23/04/25 05:15;73
23/04/25 05:30;73
23/04/25 05:45;73
23/04/25 06:00;80,24
23/04/25 06:15;80,24
23/04/25 06:30;80,24
23/04/25 06:45;80,24
23/04/25 07:00;67,11
23/04/25 07:15;67,11
23/04/25 07:30;67,11
23/04/25 07:45;67,11
23/04/25 08:00;45
23/04/25 08:15;45
23/04/25 08:30;45
23/04/25 08:45;45
23/04/25 09:00;11,5
23/04/25 09:15;11,5
23/04/25 09:30;11,5
23/04/25 09:45;11,5
23/04/25 10:00;4,31
23/04/25 10:15;4,31
23/04/25 10:30;4,31
23/04/25 10:45;4,31
23/04/25 11:00;0,65
23/04/25 11:15;0,65
23/04/25 11:30;0,65
23/04/25 11:45;0,65
23/04/25 12:00;0,28
23/04/25 12:15;0,28
23/04/25 12:30;0,28
23/04/25 12:45;0,28
23/04/25 13:00;0,01
23/04/25 13:15;0,01
23/04/25 13:30;0,01
23/04/25 13:45;0,01
23/04/25 14:00;0,04
23/04/25 14:15;0,04
23/04/25 14:30;0,04
23/04/25 14:45;0,04
23/04/25 15:00;0,04
23/04/25 15:15;0,04
23/04/25 15:30;0,04
23/04/25 15:45;0,04
23/04/25 16:00;0,01
23/04/25 16:15;0,01
23/04/25 16:30;0,01
23/04/25 16:45;0,01
23/04/25 17:00;3,52
23/04/25 17:15;3,52
23/04/25 17:30;3,52
23/04/25 17:45;3,52
23/04/25 18:00;31,24
23/04/25 18:15;31,24
23/04/25 18:30;31,24
23/04/25 18:45;31,24
23/04/25 19:00;88,73
23/04/25 19:15;88,73
23/04/25 19:30;88,73
23/04/25 19:45;88,73
23/04/25 20:00;116,7
23/04/25 20:15;116,7
23/04/25 20:30;116,7
23/04/25 20:45;116,7
23/04/25 21:00;105,58
23/04/25 21:15;105,58
23/04/25 21:30;105,58
23/04/25 21:45;105,58
23/04/25 22:00;80,24
23/04/25 22:15;80,24
23/04/25 22:30;80,24
23/04/25 22:45;80,24
23/04/25 23:00;75,24
23/04/25 23:15;75,24
23/04/25 23:30;75,24
23/04/25 23:45;75,24
24/04/25 00:00;55,89
24/04/25 00:15;55,89
24/04/25 00:30;55,89
24/04/25 00:45;55,89
24/04/25 01:00;45,5
24/04/25 01:15;45,5
24/04/25 01:30;45,5
24/04/25 01:45;45,5
24/04/25 02:00;47,46
24/04/25 02:15;47,46
24/04/25 02:30;47,46
24/04/25 02:45;47,46
24/04/25 03:00;47,46
24/04/25 03:15;47,46
24/04/25 03:30;47,46
24/04/25 03:45;47,46
24/04/25 04:00;53,17
24/04/25 04:15;53,17
24/04/25 04:30;53,17
24/04/25 04:45;53,17
24/04/25 05:00;65,74
24/04/25 05:15;65,74
24/04/25 05:30;65,74
24/04/25 05:45;65,74
24/04/25 06:00;95
24/04/25 06:15;95
24/04/25 06:30;95
24/04/25 06:45;95
24/04/25 07:00;71,33
24/04/25 07:15;71,33
24/04/25 07:30;71,33
24/04/25 07:45;71,33
24/04/25 08:00;19,97
24/04/25 08:15;19,97
24/04/25 08:30;19,97
24/04/25 08:45;19,97
24/04/25 09:00;3,95
24/04/25 09:15;3,95
24/04/25 09:30;3,95
24/04/25 09:45;3,95
24/04/25 10:00;0,1
24/04/25 10:15;0,1
24/04/25 10:30;0,1
24/04/25 10:45;0,1
24/04/25 11:00;0,04
24/04/25 11:15;0,04
24/04/25 11:30;0,04
24/04/25 11:45;0,04
24/04/25 12:00;0
24/04/25 12:15;0
24/04/25 12:30;0
24/04/25 12:45;0
24/04/25 13:00;0
24/04/25 13:15;0
24/04/25 13:30;0
24/04/25 13:45;0
24/04/25 14:00;0
24/04/25 14:15;0
24/04/25 14:30;0
24/04/25 14:45;0
24/04/25 15:00;0
24/04/25 15:15;0
24/04/25 15:30;0
24/04/25 15:45;0
24/04/25 16:00;0
24/04/25 16:15;0
24/04/25 16:30;0
24/04/25 16:45;0
24/04/25 17:00;3,52
24/04/25 17:15;3,52
24/04/25 17:30;3,52
24/04/25 17:45;3,52
24/04/25 18:00;47,46
24/04/25 18:15;47,46
24/04/25 18:30;47,46
24/04/25 18:45;47,46
24/04/25 19:00;102,35
24/04/25 19:15;102,35
24/04/25 19:30;102,35
24/04/25 19:45;102,35
24/04/25 20:00;114,48
24/04/25 20:15;114,48
24/04/25 20:30;114,48
24/04/25 20:45;114,48
24/04/25 21:00;106,53
24/04/25 21:15;106,53
24/04/25 21:30;106,53
24/04/25 21:45;106,53
24/04/25 22:00;93,1
24/04/25 22:15;93,1
24/04/25 22:30;93,1
24/04/25 22:45;93,1
24/04/25 23:00;74,24
24/04/25 23:15;74,24
24/04/25 23:30;74,24
24/04/25 23:45;74,24
25/04/25 00:00;65,01
25/04/25 00:15;65,01
25/04/25 00:30;65,01
25/04/25 00:45;65,01
25/04/25 01:00;69,39
25/04/25 01:15;69,39
25/04/25 01:30;69,39
25/04/25 01:45;69,39
25/04/25 02:00;61,31
25/04/25 02:15;61,31
25/04/25 02:30;61,31
25/04/25 02:45;61,31
25/04/25 03:00;65,2
25/04/25 03:15;65,2
25/04/25 03:30;65,2
25/04/25 03:45;65,2
25/04/25 04:00;72,99
25/04/25 04:15;72,99
25/04/25 04:30;72,99
25/04/25 04:45;72,99
25/04/25 05:00;72,99
25/04/25 05:15;72,99
25/04/25 05:30;72,99
25/04/25 05:45;72,99
25/04/25 06:00;83,51
25/04/25 06:15;83,51
25/04/25 06:30;83,51
25/04/25 06:45;83,51
25/04/25 07:00;78,87
25/04/25 07:15;78,87
25/04/25 07:30;78,87
25/04/25 07:45;78,87
25/04/25 08:00;40,5
25/04/25 08:15;40,5
25/04/25 08:30;40,5
25/04/25 08:45;40,5
25/04/25 09:00;15
25/04/25 09:15;15
25/04/25 09:30;15
25/04/25 09:45;15
25/04/25 10:00;0,65
25/04/25 10:15;0,65
25/04/25 10:30;0,65
25/04/25 10:45;0,65
25/04/25 11:00;0
25/04/25 11:15;0
25/04/25 11:30;0
25/04/25 11:45;0
25/04/25 12:00;0
25/04/25 12:15;0
25/04/25 12:30;0
25/04/25 12:45;0
25/04/25 13:00;-0,01
25/04/25 13:15;-0,01
25/04/25 13:30;-0,01
25/04/25 13:45;-0,01
25/04/25 14:00;-0,12
25/04/25 14:15;-0,12
25/04/25 14:30;-0,12
25/04/25 14:45;-0,12
25/04/25 15:00;-0,21
25/04/25 15:15;-0,21
25/04/25 15:30;-0,21
25/04/25 15:45;-0,21
25/04/25 16:00;-0,01
25/04/25 16:15;-0,01
25/04/25 16:30;-0,01
25/04/25 16:45;-0,01
25/04/25 17:00;0
25/04/25 17:15;0
25/04/25 17:30;0
25/04/25 17:45;0
25/04/25 18:00;20,08
25/04/25 18:15;20,08
25/04/25 18:30;20,08
25/04/25 18:45;20,08
25/04/25 19:00;44,03
25/04/25 19:15;44,03
25/04/25 19:30;44,03
25/04/25 19:45;44,03
25/04/25 20:00;47,46
25/04/25 20:15;47,46
25/04/25 20:30;47,46
25/04/25 20:45;47,46
25/04/25 21:00;47,46
25/04/25 21:15;47,46
25/04/25 21:30;47,46
25/04/25 21:45;47,46
25/04/25 22:00;40,7
25/04/25 22:15;40,7
25/04/25 22:30;40,7
25/04/25 22:45;40,7
25/04/25 23:00;19,86
25/04/25 23:15;19,86
25/04/25 23:30;19,86
25/04/25 23:45;19,86
26/04/25 00:00;7,83
26/04/25 00:15;7,83
26/04/25 00:30;7,83
26/04/25 00:45;7,83
26/04/25 01:00;5,3
26/04/25 01:15;5,3
26/04/25 01:30;5,3
26/04/25 01:45;5,3
26/04/25 02:00;7,11
26/04/25 02:15;7,11
26/04/25 02:30;7,11
26/04/25 02:45;7,11
26/04/25 03:00;7,11
26/04/25 03:15;7,11
26/04/25 03:30;7,11
26/04/25 03:45;7,11
26/04/25 04:00;5,3
26/04/25 04:15;5,3
26/04/25 04:30;5,3
26/04/25 04:45;5,3
26/04/25 05:00;8,5
26/04/25 05:15;8,5
26/04/25 05:30;8,5
26/04/25 05:45;8,5
26/04/25 06:00;15,5
26/04/25 06:15;15,5
26/04/25 06:30;15,5
26/04/25 06:45;15,5
26/04/25 07:00;6,98
26/04/25 07:15;6,98
26/04/25 07:30;6,98
26/04/25 07:45;6,98
26/04/25 08:00;0
26/04/25 08:15;0
26/04/25 08:30;0
26/04/25 08:45;0
26/04/25 09:00;-0,51
26/04/25 09:15;-0,51
26/04/25 09:30;-0,51
26/04/25 09:45;-0,51
26/04/25 10:00;-1,54
26/04/25 10:15;-1,54
26/04/25 10:30;-1,54
26/04/25 10:45;-1,54
26/04/25 11:00;-2
26/04/25 11:15;-2
26/04/25 11:30;-2
26/04/25 11:45;-2
26/04/25 12:00;-2
26/04/25 12:15;-2
26/04/25 12:30;-2
26/04/25 12:45;-2
26/04/25 13:00;-3
26/04/25 13:15;-3
26/04/25 13:30;-3
26/04/25 13:45;-3
26/04/25 14:00;-3
26/04/25 14:15;-3
26/04/25 14:30;-3
26/04/25 14:45;-3
26/04/25 15:00;-3,03
26/04/25 15:15;-3,03
26/04/25 15:30;-3,03
26/04/25 15:45;-3,03
26/04/25 16:00;-2,5
26/04/25 16:15;-2,5
26/04/25 16:30;-2,5
26/04/25 16:45;-2,5
26/04/25 17:00;-1,54
26/04/25 17:15;-1,54
26/04/25 17:30;-1,54
26/04/25 17:45;-1,54
26/04/25 18:00;0
26/04/25 18:15;0
26/04/25 18:30;0
26/04/25 18:45;0
26/04/25 19:00;11
26/04/25 19:15;11
26/04/25 19:30;11
26/04/25 19:45;11
26/04/25 20:00;23,04
26/04/25 20:15;23,04
26/04/25 20:30;23,04
26/04/25 20:45;23,04
26/04/25 21:00;18,45
26/04/25 21:15;18,45
26/04/25 21:30;18,45
26/04/25 21:45;18,45
26/04/25 22:00;16,08
26/04/25 22:15;16,08
26/04/25 22:30;16,08
26/04/25 22:45;16,08
26/04/25 23:00;14
26/04/25 23:15;14
26/04/25 23:30;14
26/04/25 23:45;14
27/04/25 00:00;5,11
27/04/25 00:15;5,11
27/04/25 00:30;5,11
27/04/25 00:45;5,11
27/04/25 01:00;3,6
27/04/25 01:15;3,6
27/04/25 01:30;3,6
27/04/25 01:45;3,6
27/04/25 02:00;3,52
27/04/25 02:15;3,52
27/04/25 02:30;3,52
27/04/25 02:45;3,52
27/04/25 03:00;3,52
27/04/25 03:15;3,52
27/04/25 03:30;3,52
27/04/25 03:45;3,52
27/04/25 04:00;3,52
27/04/25 04:15;3,52
27/04/25 04:30;3,52
27/04/25 04:45;3,52
27/04/25 05:00;3,6
27/04/25 05:15;3,6
27/04/25 05:30;3,6
27/04/25 05:45;3,6
27/04/25 06:00;3,52
27/04/25 06:15;3,52
27/04/25 06:30;3,52
27/04/25 06:45;3,52
27/04/25 07:00;0
27/04/25 07:15;0
27/04/25 07:30;0
27/04/25 07:45;0
27/04/25 08:00;-1,51
27/04/25 08:15;-1,51
27/04/25 08:30;-1,51
27/04/25 08:45;-1,51
27/04/25 09:00;-3
27/04/25 09:15;-3
27/04/25 09:30;-3
27/04/25 09:45;-3
27/04/25 10:00;-5
27/04/25 10:15;-5
27/04/25 10:30;-5
27/04/25 10:45;-5
27/04/25 11:00;-5
27/04/25 11:15;-5
27/04/25 11:30;-5
27/04/25 11:45;-5
27/04/25 12:00;-5
27/04/25 12:15;-5
27/04/25 12:30;-5
27/04/25 12:45;-5
27/04/25 13:00;-5
27/04/25 13:15;-5
27/04/25 13:30;-5
27/04/25 13:45;-5
27/04/25 14:00;-1,48
27/04/25 14:15;-1,48
27/04/25 14:30;-1,48
27/04/25 14:45;-1,48
27/04/25 15:00;-0,5
27/04/25 15:15;-0,5
27/04/25 15:30;-0,5
27/04/25 15:45;-0,5
27/04/25 16:00;-0,01
27/04/25 16:15;-0,01
27/04/25 16:30;-0,01
27/04/25 16:45;-0,01
27/04/25 17:00;0
27/04/25 17:15;0
27/04/25 17:30;0
27/04/25 17:45;0
27/04/25 18:00;3,52
27/04/25 18:15;3,52
27/04/25 18:30;3,52
27/04/25 18:45;3,52
27/04/25 19:00;35
27/04/25 19:15;35
27/04/25 19:30;35
27/04/25 19:45;35
27/04/25 20:00;100,7
27/04/25 20:15;100,7
27/04/25 20:30;100,7
27/04/25 20:45;100,7
27/04/25 21:00;85,14
27/04/25 21:15;85,14
27/04/25 21:30;85,14
27/04/25 21:45;85,14
27/04/25 22:00;40
27/04/25 22:15;40
27/04/25 22:30;40
27/04/25 22:45;40
27/04/25 23:00;24,63
27/04/25 23:15;24,63
27/04/25 23:30;24,63
27/04/25 23:45;24,63
28/04/25 00:00;16,3
28/04/25 00:15;16,3
28/04/25 00:30;16,3
28/04/25 00:45;16,3
28/04/25 01:00;18,1
28/04/25 01:15;18,1
28/04/25 01:30;18,1
28/04/25 01:45;18,1
28/04/25 02:00;18
28/04/25 02:15;18
28/04/25 02:30;18
28/04/25 02:45;18
28/04/25 03:00;18
28/04/25 03:15;18
28/04/25 03:30;18
28/04/25 03:45;18
28/04/25 04:00;25
28/04/25 04:15;25
28/04/25 04:30;25
28/04/25 04:45;25
28/04/25 05:00;25
28/04/25 05:15;25
28/04/25 05:30;25
28/04/25 05:45;25
28/04/25 06:00;40,7
28/04/25 06:15;40,7
28/04/25 06:30;40,7
28/04/25 06:45;40,7
28/04/25 07:00;33
28/04/25 07:15;33
28/04/25 07:30;33
28/04/25 07:45;33
28/04/25 08:00;3,52
28/04/25 08:15;3,52
28/04/25 08:30;3,52
28/04/25 08:45;3,52
28/04/25 09:00;0
28/04/25 09:15;0
28/04/25 09:30;0
28/04/25 09:45;0
28/04/25 10:00;-0,01
28/04/25 10:15;-0,01
28/04/25 10:30;-0,01
28/04/25 10:45;-0,01
28/04/25 11:00;-1,01
28/04/25 11:15;-1,01
28/04/25 11:30;-1,01
28/04/25 11:45;-1,01
28/04/25 12:00;-2,5
28/04/25 12:15;-2,5
28/04/25 12:30;-2,5
28/04/25 12:45;-2,5
28/04/25 13:00;-1,51
28/04/25 13:15;-1,51
28/04/25 13:30;-1,51
28/04/25 13:45;-1,51
28/04/25 14:00;-1,51
28/04/25 14:15;-1,51
28/04/25 14:30;-1,51
28/04/25 14:45;-1,51
28/04/25 15:00;-0,3
28/04/25 15:15;-0,3
28/04/25 15:30;-0,3
28/04/25 15:45;-0,3
28/04/25 16:00;-0,01
28/04/25 16:15;-0,01
28/04/25 16:30;-0,01
28/04/25 16:45;-0,01
28/04/25 17:00;0,01
28/04/25 17:15;0,01
28/04/25 17:30;0,01
28/04/25 17:45;0,01
28/04/25 18:00;5,2
28/04/25 18:15;5,2
28/04/25 18:30;5,2
28/04/25 18:45;5,2
28/04/25 19:00;40,7
28/04/25 19:15;40,7
28/04/25 19:30;40,7
28/04/25 19:45;40,7
28/04/25 20:00;80,8
28/04/25 20:15;80,8
28/04/25 20:30;80,8
28/04/25 20:45;80,8
28/04/25 21:00;61,15
28/04/25 21:15;61,15
28/04/25 21:30;61,15
28/04/25 21:45;61,15
28/04/25 22:00;35
28/04/25 22:15;35
28/04/25 22:30;35
28/04/25 22:45;35
28/04/25 23:00;6,77
28/04/25 23:15;6,77
28/04/25 23:30;6,77
28/04/25 23:45;6,77
29/04/25 00:00;3,52
29/04/25 00:15;3,52
29/04/25 00:30;3,52
29/04/25 00:45;3,52
29/04/25 01:00;3,52
29/04/25 01:15;3,52
29/04/25 01:30;3,52
29/04/25 01:45;3,52
29/04/25 02:00;3,52
29/04/25 02:15;3,52
29/04/25 02:30;3,52
29/04/25 02:45;3,52
29/04/25 03:00;3,3
29/04/25 03:15;3,3
29/04/25 03:30;3,3
29/04/25 03:45;3,3
29/04/25 04:00;3,52
29/04/25 04:15;3,52
29/04/25 04:30;3,52
29/04/25 04:45;3,52
29/04/25 05:00;3,52
29/04/25 05:15;3,52
29/04/25 05:30;3,52
29/04/25 05:45;3,52
29/04/25 06:00;14
29/04/25 06:15;14
29/04/25 06:30;14
29/04/25 06:45;14
29/04/25 07:00;3,52
29/04/25 07:15;3,52
29/04/25 07:30;3,52
29/04/25 07:45;3,52
29/04/25 08:00;3
29/04/25 08:15;3
29/04/25 08:30;3
29/04/25 08:45;3
29/04/25 09:00;0
29/04/25 09:15;0
29/04/25 09:30;0
29/04/25 09:45;0
29/04/25 10:00;-0,3
29/04/25 10:15;-0,3
29/04/25 10:30;-0,3
29/04/25 10:45;-0,3
29/04/25 11:00;-1,01
29/04/25 11:15;-1,01
29/04/25 11:30;-1,01
29/04/25 11:45;-1,01
29/04/25 12:00;-1,9
29/04/25 12:15;-1,9
29/04/25 12:30;-1,9
29/04/25 12:45;-1,9
29/04/25 13:00;-1,66
29/04/25 13:15;-1,66
29/04/25 13:30;-1,66
29/04/25 13:45;-1,66
29/04/25 14:00;-1,54
29/04/25 14:15;-1,54
29/04/25 14:30;-1,54
29/04/25 14:45;-1,54
29/04/25 15:00;-1,54
29/04/25 15:15;-1,54
29/04/25 15:30;-1,54
29/04/25 15:45;-1,54
29/04/25 16:00;-1
29/04/25 16:15;-1
29/04/25 16:30;-1
29/04/25 16:45;-1
29/04/25 17:00;0
29/04/25 17:15;0
29/04/25 17:30;0
29/04/25 17:45;0
29/04/25 18:00;0,65
29/04/25 18:15;0,65
29/04/25 18:30;0,65
29/04/25 18:45;0,65
29/04/25 19:00;12,53
29/04/25 19:15;12,53
29/04/25 19:30;12,53
29/04/25 19:45;12,53
29/04/25 20:00;35,01
29/04/25 20:15;35,01
29/04/25 20:30;35,01
29/04/25 20:45;35,01
29/04/25 21:00;33,68
29/04/25 21:15;33,68
29/04/25 21:30;33,68
29/04/25 21:45;33,68
29/04/25 22:00;17,93
29/04/25 22:15;17,93
29/04/25 22:30;17,93
29/04/25 22:45;17,93
29/04/25 23:00;12,91
29/04/25 23:15;12,91
29/04/25 23:30;12,91
29/04/25 23:45;12,91
30/04/25 00:00;22,23
30/04/25 00:15;22,23
30/04/25 00:30;22,23
30/04/25 00:45;22,23
30/04/25 01:00;12,53
30/04/25 01:15;12,53
30/04/25 01:30;12,53
30/04/25 01:45;12,53
30/04/25 02:00;5,5
30/04/25 02:15;5,5
30/04/25 02:30;5,5
30/04/25 02:45;5,5
30/04/25 03:00;3,3
30/04/25 03:15;3,3
30/04/25 03:30;3,3
30/04/25 03:45;3,3
30/04/25 04:00;3,18
30/04/25 04:15;3,18
30/04/25 04:30;3,18
30/04/25 04:45;3,18
30/04/25 05:00;3,3
30/04/25 05:15;3,3
30/04/25 05:30;3,3
30/04/25 05:45;3,3
30/04/25 06:00;3,2
30/04/25 06:15;3,2
30/04/25 06:30;3,2
30/04/25 06:45;3,2
30/04/25 07:00;5,5
30/04/25 07:15;5,5
30/04/25 07:30;5,5
30/04/25 07:45;5,5
30/04/25 08:00;20,36
30/04/25 08:15;20,36
30/04/25 08:30;20,36
30/04/25 08:45;20,36
30/04/25 09:00;21,94
30/04/25 09:15;21,94
30/04/25 09:30;21,94
30/04/25 09:45;21,94
30/04/25 10:00;23,17
30/04/25 10:15;23,17
30/04/25 10:30;23,17
30/04/25 10:45;23,17
30/04/25 11:00;21,94
30/04/25 11:15;21,94
30/04/25 11:30;21,94
30/04/25 11:45;21,94
30/04/25 12:00;21,94
30/04/25 12:15;21,94
30/04/25 12:30;21,94
30/04/25 12:45;21,94
30/04/25 13:00;21,56
30/04/25 13:15;21,56
30/04/25 13:30;21,56
30/04/25 13:45;21,56
30/04/25 14:00;21,94
30/04/25 14:15;21,94
30/04/25 14:30;21,94
30/04/25 14:45;21,94
30/04/25 15:00;22,23
30/04/25 15:15;22,23
30/04/25 15:30;22,23
30/04/25 15:45;22,23
30/04/25 16:00;28,77
30/04/25 16:15;28,77
30/04/25 16:30;28,77
30/04/25 16:45;28,77
30/04/25 17:00;26,86
30/04/25 17:15;26,86
30/04/25 17:30;26,86
30/04/25 17:45;26,86
30/04/25 18:00;25,6
30/04/25 18:15;25,6
30/04/25 18:30;25,6
30/04/25 18:45;25,6
30/04/25 19:00;38,58
30/04/25 19:15;38,58
30/04/25 19:30;38,58
30/04/25 19:45;38,58
30/04/25 20:00;45
30/04/25 20:15;45
30/04/25 20:30;45
30/04/25 20:45;45
30/04/25 21:00;42,88
30/04/25 21:15;42,88
30/04/25 21:30;42,88
30/04/25 21:45;42,88
30/04/25 22:00;38,58
30/04/25 22:15;38,58
30/04/25 22:30;38,58
30/04/25 22:45;38,58
30/04/25 23:00;29,2
30/04/25 23:15;29,2
30/04/25 23:30;29,2
30/04/25 23:45;29,2
01/05/25 00:00;22,66
01/05/25 00:15;22,66
01/05/25 00:30;22,66
01/05/25 00:45;22,66
01/05/25 01:00;22,59
01/05/25 01:15;22,59
01/05/25 01:30;22,59
01/05/25 01:45;22,59
01/05/25 02:00;23,22
01/05/25 02:15;23,22
01/05/25 02:30;23,22
01/05/25 02:45;23,22
01/05/25 03:00;22,59
01/05/25 03:15;22,59
01/05/25 03:30;22,59
01/05/25 03:45;22,59
01/05/25 04:00;27,2
01/05/25 04:15;27,2
01/05/25 04:30;27,2
01/05/25 04:45;27,2
01/05/25 05:00;28,16
01/05/25 05:15;28,16
01/05/25 05:30;28,16
01/05/25 05:45;28,16
01/05/25 06:00;23,02
01/05/25 06:15;23,02
01/05/25 06:30;23,02
01/05/25 06:45;23,02
01/05/25 07:00;18,39
01/05/25 07:15;18,39
01/05/25 07:30;18,39
01/05/25 07:45;18,39
01/05/25 08:00;17,95
01/05/25 08:15;17,95
01/05/25 08:30;17,95
01/05/25 08:45;17,95
01/05/25 09:00;5,79
01/05/25 09:15;5,79
01/05/25 09:30;5,79
01/05/25 09:45;5,79
01/05/25 10:00;5,1
01/05/25 10:15;5,1
01/05/25 10:30;5,1
01/05/25 10:45;5,1
01/05/25 11:00;5,1
01/05/25 11:15;5,1
01/05/25 11:30;5,1
01/05/25 11:45;5,1
01/05/25 12:00;5
01/05/25 12:15;5
01/05/25 12:30;5
01/05/25 12:45;5
01/05/25 13:00;4,89
01/05/25 13:15;4,89
01/05/25 13:30;4,89
01/05/25 13:45;4,89
01/05/25 14:00;4,68
01/05/25 14:15;4,68
01/05/25 14:30;4,68
01/05/25 14:45;4,68
01/05/25 15:00;4,89
01/05/25 15:15;4,89
01/05/25 15:30;4,89
01/05/25 15:45;4,89
01/05/25 16:00;5,1
01/05/25 16:15;5,1
01/05/25 16:30;5,1
01/05/25 16:45;5,1
01/05/25 17:00;7,5
01/05/25 17:15;7,5
01/05/25 17:30;7,5
01/05/25 17:45;7,5
01/05/25 18:00;15
01/05/25 18:15;15
01/05/25 18:30;15
01/05/25 18:45;15
01/05/25 19:00;30
01/05/25 19:15;30
01/05/25 19:30;30
01/05/25 19:45;30
01/05/25 20:00;55
01/05/25 20:15;55
01/05/25 20:30;55
01/05/25 20:45;55
01/05/25 21:00;35,5
01/05/25 21:15;35,5
01/05/25 21:30;35,5
01/05/25 21:45;35,5
01/05/25 22:00;33,87
01/05/25 22:15;33,87
01/05/25 22:30;33,87
01/05/25 22:45;33,87
01/05/25 23:00;13,04
01/05/25 23:15;13,04
01/05/25 23:30;13,04
01/05/25 23:45;13,04
02/05/25 00:00;5,11
02/05/25 00:15;5,11
02/05/25 00:30;5,11
02/05/25 00:45;5,11
02/05/25 01:00;2,8
02/05/25 01:15;2,8
02/05/25 01:30;2,8
02/05/25 01:45;2,8
02/05/25 02:00;2,5
02/05/25 02:15;2,5
02/05/25 02:30;2,5
02/05/25 02:45;2,5
02/05/25 03:00;2,5
02/05/25 03:15;2,5
02/05/25 03:30;2,5
02/05/25 03:45;2,5
02/05/25 04:00;3,17
02/05/25 04:15;3,17
02/05/25 04:30;3,17
02/05/25 04:45;3,17
02/05/25 05:00;7,96
02/05/25 05:15;7,96
02/05/25 05:30;7,96
02/05/25 05:45;7,96
02/05/25 06:00;7,96
02/05/25 06:15;7,96
02/05/25 06:30;7,96
02/05/25 06:45;7,96
02/05/25 07:00;14
02/05/25 07:15;14
02/05/25 07:30;14
02/05/25 07:45;14
02/05/25 08:00;13,95
02/05/25 08:15;13,95
02/05/25 08:30;13,95
02/05/25 08:45;13,95
02/05/25 09:00;14,95
02/05/25 09:15;14,95
02/05/25 09:30;14,95
02/05/25 09:45;14,95
02/05/25 10:00;11
02/05/25 10:15;11
02/05/25 10:30;11
02/05/25 10:45;11
02/05/25 11:00;5,79
02/05/25 11:15;5,79
02/05/25 11:30;5,79
02/05/25 11:45;5,79
02/05/25 12:00;4,31
02/05/25 12:15;4,31
02/05/25 12:30;4,31
02/05/25 12:45;4,31
02/05/25 13:00;3,17
02/05/25 13:15;3,17
02/05/25 13:30;3,17
02/05/25 13:45;3,17
02/05/25 14:00;3,17
02/05/25 14:15;3,17
02/05/25 14:30;3,17
02/05/25 14:45;3,17
02/05/25 15:00;3,17
02/05/25 15:15;3,17
02/05/25 15:30;3,17
02/05/25 15:45;3,17
02/05/25 16:00;4,31
02/05/25 16:15;4,31
02/05/25 16:30;4,31
02/05/25 16:45;4,31
02/05/25 17:00;5,79
02/05/25 17:15;5,79
02/05/25 17:30;5,79
02/05/25 17:45;5,79
02/05/25 18:00;15,29
02/05/25 18:15;15,29
02/05/25 18:30;15,29
02/05/25 18:45;15,29
02/05/25 19:00;35,01
02/05/25 19:15;35,01
02/05/25 19:30;35,01
02/05/25 19:45;35,01
02/05/25 20:00;63,62
02/05/25 20:15;63,62
02/05/25 20:30;63,62
02/05/25 20:45;63,62
02/05/25 21:00;52,05
02/05/25 21:15;52,05
02/05/25 21:30;52,05
02/05/25 21:45;52,05
02/05/25 22:00;41,05
02/05/25 22:15;41,05
02/05/25 22:30;41,05
02/05/25 22:45;41,05
02/05/25 23:00;36,13
02/05/25 23:15;36,13
02/05/25 23:30;36,13
02/05/25 23:45;36,13
03/05/25 00:00;26
03/05/25 00:15;26
03/05/25 00:30;26
03/05/25 00:45;26
03/05/25 01:00;16,16
03/05/25 01:15;16,16
03/05/25 01:30;16,16
03/05/25 01:45;16,16
03/05/25 02:00;13,89
03/05/25 02:15;13,89
03/05/25 02:30;13,89
03/05/25 02:45;13,89
03/05/25 03:00;13,37
03/05/25 03:15;13,37
03/05/25 03:30;13,37
03/05/25 03:45;13,37
03/05/25 04:00;15,17
03/05/25 04:15;15,17
03/05/25 04:30;15,17
03/05/25 04:45;15,17
03/05/25 05:00;16,91
03/05/25 05:15;16,91
03/05/25 05:30;16,91
03/05/25 05:45;16,91
03/05/25 06:00;14,13
03/05/25 06:15;14,13
03/05/25 06:30;14,13
03/05/25 06:45;14,13
03/05/25 07:00;12,67
03/05/25 07:15;12,67
03/05/25 07:30;12,67
03/05/25 07:45;12,67
03/05/25 08:00;5,7
03/05/25 08:15;5,7
03/05/25 08:30;5,7
03/05/25 08:45;5,7
03/05/25 09:00;4,31
03/05/25 09:15;4,31
03/05/25 09:30;4,31
03/05/25 09:45;4,31
03/05/25 10:00;3
03/05/25 10:15;3
03/05/25 10:30;3
03/05/25 10:45;3
03/05/25 11:00;4,31
03/05/25 11:15;4,31
03/05/25 11:30;4,31
03/05/25 11:45;4,31
03/05/25 12:00;4,7
03/05/25 12:15;4,7
03/05/25 12:30;4,7
03/05/25 12:45;4,7
03/05/25 13:00;4,31
03/05/25 13:15;4,31
03/05/25 13:30;4,31
03/05/25 13:45;4,31
03/05/25 14:00;0,98
03/05/25 14:15;0,98
03/05/25 14:30;0,98
03/05/25 14:45;0,98
03/05/25 15:00;0,27
03/05/25 15:15;0,27
03/05/25 15:30;0,27
03/05/25 15:45;0,27
03/05/25 16:00;4,31
03/05/25 16:15;4,31
03/05/25 16:30;4,31
03/05/25 16:45;4,31
03/05/25 17:00;5
03/05/25 17:15;5
03/05/25 17:30;5
03/05/25 17:45;5
03/05/25 18:00;19,01
03/05/25 18:15;19,01
03/05/25 18:30;19,01
03/05/25 18:45;19,01
03/05/25 19:00;35,24
03/05/25 19:15;35,24
03/05/25 19:30;35,24
03/05/25 19:45;35,24
03/05/25 20:00;57,18
03/05/25 20:15;57,18
03/05/25 20:30;57,18
03/05/25 20:45;57,18
03/05/25 21:00;57,18
03/05/25 21:15;57,18
03/05/25 21:30;57,18
03/05/25 21:45;57,18
03/05/25 22:00;47,36
03/05/25 22:15;47,36
03/05/25 22:30;47,36
03/05/25 22:45;47,36
03/05/25 23:00;36,13
03/05/25 23:15;36,13
03/05/25 23:30;36,13
03/05/25 23:45;36,13
04/05/25 00:00;32,35
04/05/25 00:15;32,35
04/05/25 00:30;32,35
04/05/25 00:45;32,35
04/05/25 01:00;24,01
04/05/25 01:15;24,01
04/05/25 01:30;24,01
04/05/25 01:45;24,01
04/05/25 02:00;19,31
04/05/25 02:15;19,31
04/05/25 02:30;19,31
04/05/25 02:45;19,31
04/05/25 03:00;16,54
04/05/25 03:15;16,54
04/05/25 03:30;16,54
04/05/25 03:45;16,54
04/05/25 04:00;15,58
04/05/25 04:15;15,58
04/05/25 04:30;15,58
04/05/25 04:45;15,58
04/05/25 05:00;13,62
04/05/25 05:15;13,62
04/05/25 05:30;13,62
04/05/25 05:45;13,62
04/05/25 06:00;13
04/05/25 06:15;13
04/05/25 06:30;13
04/05/25 06:45;13
04/05/25 07:00;20,93
04/05/25 07:15;20,93
04/05/25 07:30;20,93
04/05/25 07:45;20,93
04/05/25 08:00;20,93
04/05/25 08:15;20,93
04/05/25 08:30;20,93
04/05/25 08:45;20,93
04/05/25 09:00;20,93
04/05/25 09:15;20,93
04/05/25 09:30;20,93
04/05/25 09:45;20,93
04/05/25 10:00;20,93
04/05/25 10:15;20,93
04/05/25 10:30;20,93
04/05/25 10:45;20,93
04/05/25 11:00;20,93
04/05/25 11:15;20,93
04/05/25 11:30;20,93
04/05/25 11:45;20,93
04/05/25 12:00;20,93
04/05/25 12:15;20,93
04/05/25 12:30;20,93
04/05/25 12:45;20,93
04/05/25 13:00;16,2
04/05/25 13:15;16,2
04/05/25 13:30;16,2
04/05/25 13:45;16,2
04/05/25 14:00;6,3
04/05/25 14:15;6,3
04/05/25 14:30;6,3
04/05/25 14:45;6,3
04/05/25 15:00;6,09
04/05/25 15:15;6,09
04/05/25 15:30;6,09
04/05/25 15:45;6,09
04/05/25 16:00;6,09
04/05/25 16:15;6,09
04/05/25 16:30;6,09
04/05/25 16:45;6,09
04/05/25 17:00;14,86
04/05/25 17:15;14,86
04/05/25 17:30;14,86
04/05/25 17:45;14,86
04/05/25 18:00;20,94
04/05/25 18:15;20,94
04/05/25 18:30;20,94
04/05/25 18:45;20,94
04/05/25 19:00;36,13
04/05/25 19:15;36,13
04/05/25 19:30;36,13
04/05/25 19:45;36,13
04/05/25 20:00;35
04/05/25 20:15;35
04/05/25 20:30;35
04/05/25 20:45;35
04/05/25 21:00;35
04/05/25 21:15;35
04/05/25 21:30;35
04/05/25 21:45;35
04/05/25 22:00;24,41
04/05/25 22:15;24,41
04/05/25 22:30;24,41
04/05/25 22:45;24,41
04/05/25 23:00;47,78
04/05/25 23:15;47,78
04/05/25 23:30;47,78
04/05/25 23:45;47,78
05/05/25 00:00;47,56
05/05/25 00:15;47,56
05/05/25 00:30;47,56
05/05/25 00:45;47,56
05/05/25 01:00;47,56
05/05/25 01:15;47,56
05/05/25 01:30;47,56
05/05/25 01:45;47,56
05/05/25 02:00;47,56
05/05/25 02:15;47,56
05/05/25 02:30;47,56
05/05/25 02:45;47,56
05/05/25 03:00;47,56
05/05/25 03:15;47,56
05/05/25 03:30;47,56
05/05/25 03:45;47,56
05/05/25 04:00;45,73
05/05/25 04:15;45,73
05/05/25 04:30;45,73
05/05/25 04:45;45,73
05/05/25 05:00;47,56
05/05/25 05:15;47,56
05/05/25 05:30;47,56
05/05/25 05:45;47,56
05/05/25 06:00;35
05/05/25 06:15;35
05/05/25 06:30;35
05/05/25 06:45;35
05/05/25 07:00;39,56
05/05/25 07:15;39,56
05/05/25 07:30;39,56
05/05/25 07:45;39,56
05/05/25 08:00;47,56
05/05/25 08:15;47,56
05/05/25 08:30;47,56
05/05/25 08:45;47,56
05/05/25 09:00;45,43
05/05/25 09:15;45,43
05/05/25 09:30;45,43
05/05/25 09:45;45,43
05/05/25 10:00;62,73
05/05/25 10:15;62,73
05/05/25 10:30;62,73
05/05/25 10:45;62,73
05/05/25 11:00;47,6
05/05/25 11:15;47,6
05/05/25 11:30;47,6
05/05/25 11:45;47,6
05/05/25 12:00;47,56
05/05/25 12:15;47,56
05/05/25 12:30;47,56
05/05/25 12:45;47,56
05/05/25 13:00;41,27
05/05/25 13:15;41,27
05/05/25 13:30;41,27
05/05/25 13:45;41,27
05/05/25 14:00;33,17
05/05/25 14:15;33,17
05/05/25 14:30;33,17
05/05/25 14:45;33,17
05/05/25 15:00;30,36
05/05/25 15:15;30,36
05/05/25 15:30;30,36
05/05/25 15:45;30,36
05/05/25 16:00;30,36
05/05/25 16:15;30,36
05/05/25 16:30;30,36
05/05/25 16:45;30,36
05/05/25 17:00;31,01
05/05/25 17:15;31,01
05/05/25 17:30;31,01
05/05/25 17:45;31,01
05/05/25 18:00;47,56
05/05/25 18:15;47,56
05/05/25 18:30;47,56
05/05/25 18:45;47,56
05/05/25 19:00;43,23
05/05/25 19:15;43,23
05/05/25 19:30;43,23
05/05/25 19:45;43,23
05/05/25 20:00;47,56
05/05/25 20:15;47,56
05/05/25 20:30;47,56
05/05/25 20:45;47,56
05/05/25 21:00;47,56
05/05/25 21:15;47,56
05/05/25 21:30;47,56
05/05/25 21:45;47,56
05/05/25 22:00;45,73
05/05/25 22:15;45,73
05/05/25 22:30;45,73
05/05/25 22:45;45,73
05/05/25 23:00;47,78
05/05/25 23:15;47,78
05/05/25 23:30;47,78
05/05/25 23:45;47,78
06/05/25 00:00;62,76
06/05/25 00:15;62,76
06/05/25 00:30;62,76
06/05/25 00:45;62,76
06/05/25 01:00;51,33
06/05/25 01:15;51,33
06/05/25 01:30;51,33
06/05/25 01:45;51,33
06/05/25 02:00;47,78
06/05/25 02:15;47,78
06/05/25 02:30;47,78
06/05/25 02:45;47,78
06/05/25 03:00;47,78
06/05/25 03:15;47,78
06/05/25 03:30;47,78
06/05/25 03:45;47,78
06/05/25 04:00;36
06/05/25 04:15;36
06/05/25 04:30;36
06/05/25 04:45;36
06/05/25 05:00;38
06/05/25 05:15;38
06/05/25 05:30;38
06/05/25 05:45;38
06/05/25 06:00;39
06/05/25 06:15;39
06/05/25 06:30;39
06/05/25 06:45;39
06/05/25 07:00;38
06/05/25 07:15;38
06/05/25 07:30;38
06/05/25 07:45;38
06/05/25 08:00;48,23
06/05/25 08:15;48,23
06/05/25 08:30;48,23
06/05/25 08:45;48,23
06/05/25 09:00;47,78
06/05/25 09:15;47,78
06/05/25 09:30;47,78
06/05/25 09:45;47,78
06/05/25 10:00;47,56
06/05/25 10:15;47,56
06/05/25 10:30;47,56
06/05/25 10:45;47,56
06/05/25 11:00;47,56
06/05/25 11:15;47,56
06/05/25 11:30;47,56
06/05/25 11:45;47,56
06/05/25 12:00;43,23
06/05/25 12:15;43,23
06/05/25 12:30;43,23
06/05/25 12:45;43,23
06/05/25 13:00;43,23
06/05/25 13:15;43,23
06/05/25 13:30;43,23
06/05/25 13:45;43,23
06/05/25 14:00;47,56
06/05/25 14:15;47,56
06/05/25 14:30;47,56
06/05/25 14:45;47,56
06/05/25 15:00;47,56
06/05/25 15:15;47,56
06/05/25 15:30;47,56
06/05/25 15:45;47,56
06/05/25 16:00;48,23
06/05/25 16:15;48,23
06/05/25 16:30;48,23
06/05/25 16:45;48,23
06/05/25 17:00;47,78
06/05/25 17:15;47,78
06/05/25 17:30;47,78
06/05/25 17:45;47,78
06/05/25 18:00;64,04
06/05/25 18:15;64,04
06/05/25 18:30;64,04
06/05/25 18:45;64,04
06/05/25 19:00;47,78
06/05/25 19:15;47,78
06/05/25 19:30;47,78
06/05/25 19:45;47,78
06/05/25 20:00;65,12
06/05/25 20:15;65,12
06/05/25 20:30;65,12
06/05/25 20:45;65,12
06/05/25 21:00;48,23
06/05/25 21:15;48,23
06/05/25 21:30;48,23
06/05/25 21:45;48,23
06/05/25 22:00;47,78
06/05/25 22:15;47,78
06/05/25 22:30;47,78
06/05/25 22:45;47,78
06/05/25 23:00;46,42
06/05/25 23:15;46,42
06/05/25 23:30;46,42
06/05/25 23:45;46,42
07/05/25 00:00;41,22
07/05/25 00:15;41,22
07/05/25 00:30;41,22
07/05/25 00:45;41,22
07/05/25 01:00;41,21
07/05/25 01:15;41,21
07/05/25 01:30;41,21
07/05/25 01:45;41,21
07/05/25 02:00;36,5
07/05/25 02:15;36,5
07/05/25 02:30;36,5
07/05/25 02:45;36,5
07/05/25 03:00;35
07/05/25 03:15;35
07/05/25 03:30;35
07/05/25 03:45;35
07/05/25 04:00;31,22
07/05/25 04:15;31,22
07/05/25 04:30;31,22
07/05/25 04:45;31,22
07/05/25 05:00;32,4
07/05/25 05:15;32,4
07/05/25 05:30;32,4
07/05/25 05:45;32,4
07/05/25 06:00;49,1
07/05/25 06:15;49,1
07/05/25 06:30;49,1
07/05/25 06:45;49,1
07/05/25 07:00;43,23
07/05/25 07:15;43,23
07/05/25 07:30;43,23
07/05/25 07:45;43,23
07/05/25 08:00;41,22
07/05/25 08:15;41,22
07/05/25 08:30;41,22
07/05/25 08:45;41,22
07/05/25 09:00;45,29
07/05/25 09:15;45,29
07/05/25 09:30;45,29
07/05/25 09:45;45,29
07/05/25 10:00;41,22
07/05/25 10:15;41,22
07/05/25 10:30;41,22
07/05/25 10:45;41,22
07/05/25 11:00;41,22
07/05/25 11:15;41,22
07/05/25 11:30;41,22
07/05/25 11:45;41,22
07/05/25 12:00;46,42
07/05/25 12:15;46,42
07/05/25 12:30;46,42
07/05/25 12:45;46,42
07/05/25 13:00;46,42
07/05/25 13:15;46,42
07/05/25 13:30;46,42
07/05/25 13:45;46,42
07/05/25 14:00;46,42
07/05/25 14:15;46,42
07/05/25 14:30;46,42
07/05/25 14:45;46,42
07/05/25 15:00;51,01
07/05/25 15:15;51,01
07/05/25 15:30;51,01
07/05/25 15:45;51,01
07/05/25 16:00;54,15
07/05/25 16:15;54,15
07/05/25 16:30;54,15
07/05/25 16:45;54,15
07/05/25 17:00;54,15
07/05/25 17:15;54,15
07/05/25 17:30;54,15
07/05/25 17:45;54,15
07/05/25 18:00;52,5
07/05/25 18:15;52,5
07/05/25 18:30;52,5
07/05/25 18:45;52,5
07/05/25 19:00;65,12
07/05/25 19:15;65,12
07/05/25 19:30;65,12
07/05/25 19:45;65,12
07/05/25 20:00;80
07/05/25 20:15;80
07/05/25 20:30;80
07/05/25 20:45;80
07/05/25 21:00;79,54
07/05/25 21:15;79,54
07/05/25 21:30;79,54
07/05/25 21:45;79,54
07/05/25 22:00;79,54
07/05/25 22:15;79,54
07/05/25 22:30;79,54
07/05/25 22:45;79,54
07/05/25 23:00;40,1
07/05/25 23:15;40,1
07/05/25 23:30;40,1
07/05/25 23:45;40,1
08/05/25 00:00;39,47
08/05/25 00:15;39,47
08/05/25 00:30;39,47
08/05/25 00:45;39,47
08/05/25 01:00;30,3
08/05/25 01:15;30,3
08/05/25 01:30;30,3
08/05/25 01:45;30,3
08/05/25 02:00;30,09
08/05/25 02:15;30,09
08/05/25 02:30;30,09
08/05/25 02:45;30,09
08/05/25 03:00;29,8
08/05/25 03:15;29,8
08/05/25 03:30;29,8
08/05/25 03:45;29,8
08/05/25 04:00;29,01
08/05/25 04:15;29,01
08/05/25 04:30;29,01
08/05/25 04:45;29,01
08/05/25 05:00;30,09
08/05/25 05:15;30,09
08/05/25 05:30;30,09
08/05/25 05:45;30,09
08/05/25 06:00;45,29
08/05/25 06:15;45,29
08/05/25 06:30;45,29
08/05/25 06:45;45,29
08/05/25 07:00;40
08/05/25 07:15;40
08/05/25 07:30;40
08/05/25 07:45;40
08/05/25 08:00;45,29
08/05/25 08:15;45,29
08/05/25 08:30;45,29
08/05/25 08:45;45,29
08/05/25 09:00;61,69
08/05/25 09:15;61,69
08/05/25 09:30;61,69
08/05/25 09:45;61,69
08/05/25 10:00;59,2
08/05/25 10:15;59,2
08/05/25 10:30;59,2
08/05/25 10:45;59,2
08/05/25 11:00;55
08/05/25 11:15;55
08/05/25 11:30;55
08/05/25 11:45;55
08/05/25 12:00;54,15
08/05/25 12:15;54,15
08/05/25 12:30;54,15
08/05/25 12:45;54,15
08/05/25 13:00;39,47
08/05/25 13:15;39,47
08/05/25 13:30;39,47
08/05/25 13:45;39,47
08/05/25 14:00;35,29
08/05/25 14:15;35,29
08/05/25 14:30;35,29
08/05/25 14:45;35,29
08/05/25 15:00;30,3
08/05/25 15:15;30,3
08/05/25 15:30;30,3
08/05/25 15:45;30,3
08/05/25 16:00;30,3
08/05/25 16:15;30,3
08/05/25 16:30;30,3
08/05/25 16:45;30,3
08/05/25 17:00;29,8
08/05/25 17:15;29,8
08/05/25 17:30;29,8
08/05/25 17:45;29,8
08/05/25 18:00;30,09
08/05/25 18:15;30,09
08/05/25 18:30;30,09
08/05/25 18:45;30,09
08/05/25 19:00;40
08/05/25 19:15;40
08/05/25 19:30;40
08/05/25 19:45;40
08/05/25 20:00;79,59
08/05/25 20:15;79,59
08/05/25 20:30;79,59
08/05/25 20:45;79,59
08/05/25 21:00;54,15
08/05/25 21:15;54,15
08/05/25 21:30;54,15
08/05/25 21:45;54,15
08/05/25 22:00;46,21
08/05/25 22:15;46,21
08/05/25 22:30;46,21
08/05/25 22:45;46,21
08/05/25 23:00;31,27
08/05/25 23:15;31,27
08/05/25 23:30;31,27
08/05/25 23:45;31,27
09/05/25 00:00;30,09
09/05/25 00:15;30,09
09/05/25 00:30;30,09
09/05/25 00:45;30,09
09/05/25 01:00;29,41
09/05/25 01:15;29,41
09/05/25 01:30;29,41
09/05/25 01:45;29,41
09/05/25 02:00;25,36
09/05/25 02:15;25,36
09/05/25 02:30;25,36
09/05/25 02:45;25,36
09/05/25 03:00;25,36
09/05/25 03:15;25,36
09/05/25 03:30;25,36
09/05/25 03:45;25,36
09/05/25 04:00;25,36
09/05/25 04:15;25,36
09/05/25 04:30;25,36
09/05/25 04:45;25,36
09/05/25 05:00;30,26
09/05/25 05:15;30,26
09/05/25 05:30;30,26
09/05/25 05:45;30,26
09/05/25 06:00;39,37
09/05/25 06:15;39,37
09/05/25 06:30;39,37
09/05/25 06:45;39,37
09/05/25 07:00;30,58
09/05/25 07:15;30,58
09/05/25 07:30;30,58
09/05/25 07:45;30,58
09/05/25 08:00;35,56
09/05/25 08:15;35,56
09/05/25 08:30;35,56
09/05/25 08:45;35,56
09/05/25 09:00;30,3
09/05/25 09:15;30,3
09/05/25 09:30;30,3
09/05/25 09:45;30,3
09/05/25 10:00;30,09
09/05/25 10:15;30,09
09/05/25 10:30;30,09
09/05/25 10:45;30,09
09/05/25 11:00;35,56
09/05/25 11:15;35,56
09/05/25 11:30;35,56
09/05/25 11:45;35,56
09/05/25 12:00;30,26
09/05/25 12:15;30,26
09/05/25 12:30;30,26
09/05/25 12:45;30,26
09/05/25 13:00;30,09
09/05/25 13:15;30,09
09/05/25 13:30;30,09
09/05/25 13:45;30,09
09/05/25 14:00;30,09
09/05/25 14:15;30,09
09/05/25 14:30;30,09
09/05/25 14:45;30,09
09/05/25 15:00;29,41
09/05/25 15:15;29,41
09/05/25 15:30;29,41
09/05/25 15:45;29,41
09/05/25 16:00;29,01
09/05/25 16:15;29,01
09/05/25 16:30;29,01
09/05/25 16:45;29,01
09/05/25 17:00;30,01
09/05/25 17:15;30,01
09/05/25 17:30;30,01
09/05/25 17:45;30,01
09/05/25 18:00;30,09
09/05/25 18:15;30,09
09/05/25 18:30;30,09
09/05/25 18:45;30,09
09/05/25 19:00;41,92
09/05/25 19:15;41,92
09/05/25 19:30;41,92
09/05/25 19:45;41,92
09/05/25 20:00;80,27
09/05/25 20:15;80,27
09/05/25 20:30;80,27
09/05/25 20:45;80,27
09/05/25 21:00;57,64
09/05/25 21:15;57,64
09/05/25 21:30;57,64
09/05/25 21:45;57,64
09/05/25 22:00;39,76
09/05/25 22:15;39,76
09/05/25 22:30;39,76
09/05/25 22:45;39,76
09/05/25 23:00;29,22
09/05/25 23:15;29,22
09/05/25 23:30;29,22
09/05/25 23:45;29,22
10/05/25 00:00;19,02
10/05/25 00:15;19,02
10/05/25 00:30;19,02
10/05/25 00:45;19,02
10/05/25 01:00;19,26
10/05/25 01:15;19,26
10/05/25 01:30;19,26
10/05/25 01:45;19,26
10/05/25 02:00;19,02
10/05/25 02:15;19,02
10/05/25 02:30;19,02
10/05/25 02:45;19,02
10/05/25 03:00;11,12
10/05/25 03:15;11,12
10/05/25 03:30;11,12
10/05/25 03:45;11,12
10/05/25 04:00;13,34
10/05/25 04:15;13,34
10/05/25 04:30;13,34
10/05/25 04:45;13,34
10/05/25 05:00;16,1
10/05/25 05:15;16,1
10/05/25 05:30;16,1
10/05/25 05:45;16,1
10/05/25 06:00;15,81
10/05/25 06:15;15,81
10/05/25 06:30;15,81
10/05/25 06:45;15,81
10/05/25 07:00;13,34
10/05/25 07:15;13,34
10/05/25 07:30;13,34
10/05/25 07:45;13,34
10/05/25 08:00;19,02
10/05/25 08:15;19,02
10/05/25 08:30;19,02
10/05/25 08:45;19,02
10/05/25 09:00;19,02
10/05/25 09:15;19,02
10/05/25 09:30;19,02
10/05/25 09:45;19,02
10/05/25 10:00;12,01
10/05/25 10:15;12,01
10/05/25 10:30;12,01
10/05/25 10:45;12,01
10/05/25 11:00;5,76
10/05/25 11:15;5,76
10/05/25 11:30;5,76
10/05/25 11:45;5,76
10/05/25 12:00;5,79
10/05/25 12:15;5,79
10/05/25 12:30;5,79
10/05/25 12:45;5,79
10/05/25 13:00;4
10/05/25 13:15;4
10/05/25 13:30;4
10/05/25 13:45;4
10/05/25 14:00;0,1
10/05/25 14:15;0,1
10/05/25 14:30;0,1
10/05/25 14:45;0,1
10/05/25 15:00;0
10/05/25 15:15;0
10/05/25 15:30;0
10/05/25 15:45;0
10/05/25 16:00;0
10/05/25 16:15;0
10/05/25 16:30;0
10/05/25 16:45;0
10/05/25 17:00;0,1
10/05/25 17:15;0,1
10/05/25 17:30;0,1
10/05/25 17:45;0,1
10/05/25 18:00;0,1
10/05/25 18:15;0,1
10/05/25 18:30;0,1
10/05/25 18:45;0,1
10/05/25 19:00;21,02
10/05/25 19:15;21,02
10/05/25 19:30;21,02
10/05/25 19:45;21,02
10/05/25 20:00;36,88
10/05/25 20:15;36,88
10/05/25 20:30;36,88
10/05/25 20:45;36,88
10/05/25 21:00;31,46
10/05/25 21:15;31,46
10/05/25 21:30;31,46
10/05/25 21:45;31,46
10/05/25 22:00;25,37
10/05/25 22:15;25,37
10/05/25 22:30;25,37
10/05/25 22:45;25,37
10/05/25 23:00;8,79
10/05/25 23:15;8,79
10/05/25 23:30;8,79
10/05/25 23:45;8,79
11/05/25 00:00;6,12
11/05/25 00:15;6,12
11/05/25 00:30;6,12
11/05/25 00:45;6,12
11/05/25 01:00;6,89
11/05/25 01:15;6,89
11/05/25 01:30;6,89
11/05/25 01:45;6,89
11/05/25 02:00;3,96
11/05/25 02:15;3,96
11/05/25 02:30;3,96
11/05/25 02:45;3,96
11/05/25 03:00;3,6
11/05/25 03:15;3,6
11/05/25 03:30;3,6
11/05/25 03:45;3,6
11/05/25 04:00;4
11/05/25 04:15;4
11/05/25 04:30;4
11/05/25 04:45;4
11/05/25 05:00;6
11/05/25 05:15;6
11/05/25 05:30;6
11/05/25 05:45;6
11/05/25 06:00;5,88
11/05/25 06:15;5,88
11/05/25 06:30;5,88
11/05/25 06:45;5,88
11/05/25 07:00;1,1
11/05/25 07:15;1,1
11/05/25 07:30;1,1
11/05/25 07:45;1,1
11/05/25 08:00;1
11/05/25 08:15;1
11/05/25 08:30;1
11/05/25 08:45;1
11/05/25 09:00;1
11/05/25 09:15;1
11/05/25 09:30;1
11/05/25 09:45;1
11/05/25 10:00;4,31
11/05/25 10:15;4,31
11/05/25 10:30;4,31
11/05/25 10:45;4,31
11/05/25 11:00;4,31
11/05/25 11:15;4,31
11/05/25 11:30;4,31
11/05/25 11:45;4,31
11/05/25 12:00;4,31
11/05/25 12:15;4,31
11/05/25 12:30;4,31
11/05/25 12:45;4,31
11/05/25 13:00;0,9
11/05/25 13:15;0,9
11/05/25 13:30;0,9
11/05/25 13:45;0,9
11/05/25 14:00;0
11/05/25 14:15;0
11/05/25 14:30;0
11/05/25 14:45;0
11/05/25 15:00;0
11/05/25 15:15;0
11/05/25 15:30;0
11/05/25 15:45;0
11/05/25 16:00;0
11/05/25 16:15;0
11/05/25 16:30;0
11/05/25 16:45;0
11/05/25 17:00;0
11/05/25 17:15;0
11/05/25 17:30;0
11/05/25 17:45;0
11/05/25 18:00;0,04
11/05/25 18:15;0,04
11/05/25 18:30;0,04
11/05/25 18:45;0,04
11/05/25 19:00;4,5
11/05/25 19:15;4,5
11/05/25 19:30;4,5
11/05/25 19:45;4,5
11/05/25 20:00;35,01
11/05/25 20:15;35,01
11/05/25 20:30;35,01
11/05/25 20:45;35,01
11/05/25 21:00;35,01
11/05/25 21:15;35,01
11/05/25 21:30;35,01
11/05/25 21:45;35,01
11/05/25 22:00;30,28
11/05/25 22:15;30,28
11/05/25 22:30;30,28
11/05/25 22:45;30,28
11/05/25 23:00;15,3
11/05/25 23:15;15,3
11/05/25 23:30;15,3
11/05/25 23:45;15,3
12/05/25 00:00;14,88
12/05/25 00:15;14,88
12/05/25 00:30;14,88
12/05/25 00:45;14,88
12/05/25 01:00;17,7
12/05/25 01:15;17,7
12/05/25 01:30;17,7
12/05/25 01:45;17,7
12/05/25 02:00;15,3
12/05/25 02:15;15,3
12/05/25 02:30;15,3
12/05/25 02:45;15,3
12/05/25 03:00;14
12/05/25 03:15;14
12/05/25 03:30;14
12/05/25 03:45;14
12/05/25 04:00;15,3
12/05/25 04:15;15,3
12/05/25 04:30;15,3
12/05/25 04:45;15,3
12/05/25 05:00;22,34
12/05/25 05:15;22,34
12/05/25 05:30;22,34
12/05/25 05:45;22,34
12/05/25 06:00;35,01
12/05/25 06:15;35,01
12/05/25 06:30;35,01
12/05/25 06:45;35,01
12/05/25 07:00;22,1
12/05/25 07:15;22,1
12/05/25 07:30;22,1
12/05/25 07:45;22,1
12/05/25 08:00;14,58
12/05/25 08:15;14,58
12/05/25 08:30;14,58
12/05/25 08:45;14,58
12/05/25 09:00;14,88
12/05/25 09:15;14,88
12/05/25 09:30;14,88
12/05/25 09:45;14,88
12/05/25 10:00;11,74
12/05/25 10:15;11,74
12/05/25 10:30;11,74
12/05/25 10:45;11,74
12/05/25 11:00;8
12/05/25 11:15;8
12/05/25 11:30;8
12/05/25 11:45;8
12/05/25 12:00;5,76
12/05/25 12:15;5,76
12/05/25 12:30;5,76
12/05/25 12:45;5,76
12/05/25 13:00;14,58
12/05/25 13:15;14,58
12/05/25 13:30;14,58
12/05/25 13:45;14,58
12/05/25 14:00;14,58
12/05/25 14:15;14,58
12/05/25 14:30;14,58
12/05/25 14:45;14,58
12/05/25 15:00;14,58
12/05/25 15:15;14,58
12/05/25 15:30;14,58
12/05/25 15:45;14,58
12/05/25 16:00;14,58
12/05/25 16:15;14,58
12/05/25 16:30;14,58
12/05/25 16:45;14,58
12/05/25 17:00;14,58
12/05/25 17:15;14,58
12/05/25 17:30;14,58
12/05/25 17:45;14,58
12/05/25 18:00;10,3
12/05/25 18:15;10,3
12/05/25 18:30;10,3
12/05/25 18:45;10,3
12/05/25 19:00;61,81
12/05/25 19:15;61,81
12/05/25 19:30;61,81
12/05/25 19:45;61,81
12/05/25 20:00;122,03
12/05/25 20:15;122,03
12/05/25 20:30;122,03
12/05/25 20:45;122,03
12/05/25 21:00;103,75
12/05/25 21:15;103,75
12/05/25 21:30;103,75
12/05/25 21:45;103,75
12/05/25 22:00;70,44
12/05/25 22:15;70,44
12/05/25 22:30;70,44
12/05/25 22:45;70,44
12/05/25 23:00;67
12/05/25 23:15;67
12/05/25 23:30;67
12/05/25 23:45;67
13/05/25 00:00;45,01
13/05/25 00:15;45,01
13/05/25 00:30;45,01
13/05/25 00:45;45,01
13/05/25 01:00;37,83
13/05/25 01:15;37,83
13/05/25 01:30;37,83
13/05/25 01:45;37,83
13/05/25 02:00;35,01
13/05/25 02:15;35,01
13/05/25 02:30;35,01
13/05/25 02:45;35,01
13/05/25 03:00;35,01
13/05/25 03:15;35,01
13/05/25 03:30;35,01
13/05/25 03:45;35,01
13/05/25 04:00;39,79
13/05/25 04:15;39,79
13/05/25 04:30;39,79
13/05/25 04:45;39,79
13/05/25 05:00;70
13/05/25 05:15;70
13/05/25 05:30;70
13/05/25 05:45;70
13/05/25 06:00;108,09
13/05/25 06:15;108,09
13/05/25 06:30;108,09
13/05/25 06:45;108,09
13/05/25 07:00;68,25
13/05/25 07:15;68,25
13/05/25 07:30;68,25
13/05/25 07:45;68,25
13/05/25 08:00;29,6
13/05/25 08:15;29,6
13/05/25 08:30;29,6
13/05/25 08:45;29,6
13/05/25 09:00;27,51
13/05/25 09:15;27,51
13/05/25 09:30;27,51
13/05/25 09:45;27,51
13/05/25 10:00;29,2
13/05/25 10:15;29,2
13/05/25 10:30;29,2
13/05/25 10:45;29,2
13/05/25 11:00;27,87
13/05/25 11:15;27,87
13/05/25 11:30;27,87
13/05/25 11:45;27,87
13/05/25 12:00;25,36
13/05/25 12:15;25,36
13/05/25 12:30;25,36
13/05/25 12:45;25,36
13/05/25 13:00;24,7
13/05/25 13:15;24,7
13/05/25 13:30;24,7
13/05/25 13:45;24,7
13/05/25 14:00;20,3
13/05/25 14:15;20,3
13/05/25 14:30;20,3
13/05/25 14:45;20,3
13/05/25 15:00;20,09
13/05/25 15:15;20,09
13/05/25 15:30;20,09
13/05/25 15:45;20,09
13/05/25 16:00;20,09
13/05/25 16:15;20,09
13/05/25 16:30;20,09
13/05/25 16:45;20,09
13/05/25 17:00;24,7
13/05/25 17:15;24,7
13/05/25 17:30;24,7
13/05/25 17:45;24,7
13/05/25 18:00;33,56
13/05/25 18:15;33,56
13/05/25 18:30;33,56
13/05/25 18:45;33,56
13/05/25 19:00;92,67
13/05/25 19:15;92,67
13/05/25 19:30;92,67
13/05/25 19:45;92,67
13/05/25 20:00;128,07
13/05/25 20:15;128,07
13/05/25 20:30;128,07
13/05/25 20:45;128,07
13/05/25 21:00;112,3
13/05/25 21:15;112,3
13/05/25 21:30;112,3
13/05/25 21:45;112,3
13/05/25 22:00;74,55
13/05/25 22:15;74,55
13/05/25 22:30;74,55
13/05/25 22:45;74,55
13/05/25 23:00;64,93
13/05/25 23:15;64,93
13/05/25 23:30;64,93
13/05/25 23:45;64,93
14/05/25 00:00;45,33
14/05/25 00:15;45,33
14/05/25 00:30;45,33
14/05/25 00:45;45,33
14/05/25 01:00;41,2
14/05/25 01:15;41,2
14/05/25 01:30;41,2
14/05/25 01:45;41,2
14/05/25 02:00;37,41
14/05/25 02:15;37,41
14/05/25 02:30;37,41
14/05/25 02:45;37,41
14/05/25 03:00;36
14/05/25 03:15;36
14/05/25 03:30;36
14/05/25 03:45;36
14/05/25 04:00;40,05
14/05/25 04:15;40,05
14/05/25 04:30;40,05
14/05/25 04:45;40,05
14/05/25 05:00;53,08
14/05/25 05:15;53,08
14/05/25 05:30;53,08
14/05/25 05:45;53,08
14/05/25 06:00;91,53
14/05/25 06:15;91,53
14/05/25 06:30;91,53
14/05/25 06:45;91,53
14/05/25 07:00;57,64
14/05/25 07:15;57,64
14/05/25 07:30;57,64
14/05/25 07:45;57,64
14/05/25 08:00;41,44
14/05/25 08:15;41,44
14/05/25 08:30;41,44
14/05/25 08:45;41,44
14/05/25 09:00;41,2
14/05/25 09:15;41,2
14/05/25 09:30;41,2
14/05/25 09:45;41,2
14/05/25 10:00;34,88
14/05/25 10:15;34,88
14/05/25 10:30;34,88
14/05/25 10:45;34,88
14/05/25 11:00;34,88
14/05/25 11:15;34,88
14/05/25 11:30;34,88
14/05/25 11:45;34,88
14/05/25 12:00;29,01
14/05/25 12:15;29,01
14/05/25 12:30;29,01
14/05/25 12:45;29,01
14/05/25 13:00;26,3
14/05/25 13:15;26,3
14/05/25 13:30;26,3
14/05/25 13:45;26,3
14/05/25 14:00;25,88
14/05/25 14:15;25,88
14/05/25 14:30;25,88
14/05/25 14:45;25,88
14/05/25 15:00;10
14/05/25 15:15;10
14/05/25 15:30;10
14/05/25 15:45;10
14/05/25 16:00;6
14/05/25 16:15;6
14/05/25 16:30;6
14/05/25 16:45;6
14/05/25 17:00;10
14/05/25 17:15;10
14/05/25 17:30;10
14/05/25 17:45;10
14/05/25 18:00;26,09
14/05/25 18:15;26,09
14/05/25 18:30;26,09
14/05/25 18:45;26,09
14/05/25 19:00;46,5
14/05/25 19:15;46,5
14/05/25 19:30;46,5
14/05/25 19:45;46,5
14/05/25 20:00;64,03
14/05/25 20:15;64,03
14/05/25 20:30;64,03
14/05/25 20:45;64,03
14/05/25 21:00;61,51
14/05/25 21:15;61,51
14/05/25 21:30;61,51
14/05/25 21:45;61,51
14/05/25 22:00;40,14
14/05/25 22:15;40,14
14/05/25 22:30;40,14
14/05/25 22:45;40,14
14/05/25 23:00;32,95
14/05/25 23:15;32,95
14/05/25 23:30;32,95
14/05/25 23:45;32,95
15/05/25 00:00;19,71
15/05/25 00:15;19,71
15/05/25 00:30;19,71
15/05/25 00:45;19,71
15/05/25 01:00;18,47
15/05/25 01:15;18,47
15/05/25 01:30;18,47
15/05/25 01:45;18,47
15/05/25 02:00;10,55
15/05/25 02:15;10,55
15/05/25 02:30;10,55
15/05/25 02:45;10,55
15/05/25 03:00;10,63
15/05/25 03:15;10,63
15/05/25 03:30;10,63
15/05/25 03:45;10,63
15/05/25 04:00;16,26
15/05/25 04:15;16,26
15/05/25 04:30;16,26
15/05/25 04:45;16,26
15/05/25 05:00;20
15/05/25 05:15;20
15/05/25 05:30;20
15/05/25 05:45;20
15/05/25 06:00;35,01
15/05/25 06:15;35,01
15/05/25 06:30;35,01
15/05/25 06:45;35,01
15/05/25 07:00;34,11
15/05/25 07:15;34,11
15/05/25 07:30;34,11
15/05/25 07:45;34,11
15/05/25 08:00;17
15/05/25 08:15;17
15/05/25 08:30;17
15/05/25 08:45;17
15/05/25 09:00;21,56
15/05/25 09:15;21,56
15/05/25 09:30;21,56
15/05/25 09:45;21,56
15/05/25 10:00;17,65
15/05/25 10:15;17,65
15/05/25 10:30;17,65
15/05/25 10:45;17,65
15/05/25 11:00;17,13
15/05/25 11:15;17,13
15/05/25 11:30;17,13
15/05/25 11:45;17,13
15/05/25 12:00;15,85
15/05/25 12:15;15,85
15/05/25 12:30;15,85
15/05/25 12:45;15,85
15/05/25 13:00;15,85
15/05/25 13:15;15,85
15/05/25 13:30;15,85
15/05/25 13:45;15,85
15/05/25 14:00;15,85
15/05/25 14:15;15,85
15/05/25 14:30;15,85
15/05/25 14:45;15,85
15/05/25 15:00;15,85
15/05/25 15:15;15,85
15/05/25 15:30;15,85
15/05/25 15:45;15,85
15/05/25 16:00;15,85
15/05/25 16:15;15,85
15/05/25 16:30;15,85
15/05/25 16:45;15,85
15/05/25 17:00;15,85
15/05/25 17:15;15,85
15/05/25 17:30;15,85
15/05/25 17:45;15,85
15/05/25 18:00;3,5
15/05/25 18:15;3,5
15/05/25 18:30;3,5
15/05/25 18:45;3,5
15/05/25 19:00;18,57
15/05/25 19:15;18,57
15/05/25 19:30;18,57
15/05/25 19:45;18,57
15/05/25 20:00;35,01
15/05/25 20:15;35,01
15/05/25 20:30;35,01
15/05/25 20:45;35,01
15/05/25 21:00;30,64
15/05/25 21:15;30,64
15/05/25 21:30;30,64
15/05/25 21:45;30,64
15/05/25 22:00;19,98
15/05/25 22:15;19,98
15/05/25 22:30;19,98
15/05/25 22:45;19,98
15/05/25 23:00;5,11
15/05/25 23:15;5,11
15/05/25 23:30;5,11
15/05/25 23:45;5,11
16/05/25 00:00;5
16/05/25 00:15;5
16/05/25 00:30;5
16/05/25 00:45;5
16/05/25 01:00;6
16/05/25 01:15;6
16/05/25 01:30;6
16/05/25 01:45;6
16/05/25 02:00;3,6
16/05/25 02:15;3,6
16/05/25 02:30;3,6
16/05/25 02:45;3,6
16/05/25 03:00;3,28
16/05/25 03:15;3,28
16/05/25 03:30;3,28
16/05/25 03:45;3,28
16/05/25 04:00;4,75
16/05/25 04:15;4,75
16/05/25 04:30;4,75
16/05/25 04:45;4,75
16/05/25 05:00;6
16/05/25 05:15;6
16/05/25 05:30;6
16/05/25 05:45;6
16/05/25 06:00;10
16/05/25 06:15;10
16/05/25 06:30;10
16/05/25 06:45;10
16/05/25 07:00;0,01
16/05/25 07:15;0,01
16/05/25 07:30;0,01
16/05/25 07:45;0,01
16/05/25 08:00;10,5
16/05/25 08:15;10,5
16/05/25 08:30;10,5
16/05/25 08:45;10,5
16/05/25 09:00;14,09
16/05/25 09:15;14,09
16/05/25 09:30;14,09
16/05/25 09:45;14,09
16/05/25 10:00;14,09
16/05/25 10:15;14,09
16/05/25 10:30;14,09
16/05/25 10:45;14,09
16/05/25 11:00;13,88
16/05/25 11:15;13,88
16/05/25 11:30;13,88
16/05/25 11:45;13,88
16/05/25 12:00;14,09
16/05/25 12:15;14,09
16/05/25 12:30;14,09
16/05/25 12:45;14,09
16/05/25 13:00;14,09
16/05/25 13:15;14,09
16/05/25 13:30;14,09
16/05/25 13:45;14,09
16/05/25 14:00;14,09
16/05/25 14:15;14,09
16/05/25 14:30;14,09
16/05/25 14:45;14,09
16/05/25 15:00;14,09
16/05/25 15:15;14,09
16/05/25 15:30;14,09
16/05/25 15:45;14,09
16/05/25 16:00;14,3
16/05/25 16:15;14,3
16/05/25 16:30;14,3
16/05/25 16:45;14,3
16/05/25 17:00;15,85
16/05/25 17:15;15,85
16/05/25 17:30;15,85
16/05/25 17:45;15,85
16/05/25 18:00;13,76
16/05/25 18:15;13,76
16/05/25 18:30;13,76
16/05/25 18:45;13,76
16/05/25 19:00;18,04
16/05/25 19:15;18,04
16/05/25 19:30;18,04
16/05/25 19:45;18,04
16/05/25 20:00;35,09
16/05/25 20:15;35,09
16/05/25 20:30;35,09
16/05/25 20:45;35,09
16/05/25 21:00;41,21
16/05/25 21:15;41,21
16/05/25 21:30;41,21
16/05/25 21:45;41,21
16/05/25 22:00;35,01
16/05/25 22:15;35,01
16/05/25 22:30;35,01
16/05/25 22:45;35,01
16/05/25 23:00;21,23
16/05/25 23:15;21,23
16/05/25 23:30;21,23
16/05/25 23:45;21,23
17/05/25 00:00;13,53
17/05/25 00:15;13,53
17/05/25 00:30;13,53
17/05/25 00:45;13,53
17/05/25 01:00;12,68
17/05/25 01:15;12,68
17/05/25 01:30;12,68
17/05/25 01:45;12,68
17/05/25 02:00;14,26
17/05/25 02:15;14,26
17/05/25 02:30;14,26
17/05/25 02:45;14,26
17/05/25 03:00;12,82
17/05/25 03:15;12,82
17/05/25 03:30;12,82
17/05/25 03:45;12,82
17/05/25 04:00;19
17/05/25 04:15;19
17/05/25 04:30;19
17/05/25 04:45;19
17/05/25 05:00;21,79
17/05/25 05:15;21,79
17/05/25 05:30;21,79
17/05/25 05:45;21,79
17/05/25 06:00;20,23
17/05/25 06:15;20,23
17/05/25 06:30;20,23
17/05/25 06:45;20,23
17/05/25 07:00;6,09
17/05/25 07:15;6,09
17/05/25 07:30;6,09
17/05/25 07:45;6,09
17/05/25 08:00;6,09
17/05/25 08:15;6,09
17/05/25 08:30;6,09
17/05/25 08:45;6,09
17/05/25 09:00;5,88
17/05/25 09:15;5,88
17/05/25 09:30;5,88
17/05/25 09:45;5,88
17/05/25 10:00;5,48
17/05/25 10:15;5,48
17/05/25 10:30;5,48
17/05/25 10:45;5,48
17/05/25 11:00;5,1
17/05/25 11:15;5,1
17/05/25 11:30;5,1
17/05/25 11:45;5,1
17/05/25 12:00;5,1
17/05/25 12:15;5,1
17/05/25 12:30;5,1
17/05/25 12:45;5,1
17/05/25 13:00;5
17/05/25 13:15;5
17/05/25 13:30;5
17/05/25 13:45;5
17/05/25 14:00;5,1
17/05/25 14:15;5,1
17/05/25 14:30;5,1
17/05/25 14:45;5,1
17/05/25 15:00;5,2
17/05/25 15:15;5,2
17/05/25 15:30;5,2
17/05/25 15:45;5,2
17/05/25 16:00;5,88
17/05/25 16:15;5,88
17/05/25 16:30;5,88
17/05/25 16:45;5,88
17/05/25 17:00;6,3
17/05/25 17:15;6,3
17/05/25 17:30;6,3
17/05/25 17:45;6,3
17/05/25 18:00;6,09
17/05/25 18:15;6,09
17/05/25 18:30;6,09
17/05/25 18:45;6,09
17/05/25 19:00;26,56
17/05/25 19:15;26,56
17/05/25 19:30;26,56
17/05/25 19:45;26,56
17/05/25 20:00;52,5
17/05/25 20:15;52,5
17/05/25 20:30;52,5
17/05/25 20:45;52,5
17/05/25 21:00;57,12
17/05/25 21:15;57,12
17/05/25 21:30;57,12
17/05/25 21:45;57,12
17/05/25 22:00;41,28
17/05/25 22:15;41,28
17/05/25 22:30;41,28
17/05/25 22:45;41,28
17/05/25 23:00;37
17/05/25 23:15;37
17/05/25 23:30;37
17/05/25 23:45;37
18/05/25 00:00;21,73
18/05/25 00:15;21,73
18/05/25 00:30;21,73
18/05/25 00:45;21,73
18/05/25 01:00;15,49
18/05/25 01:15;15,49
18/05/25 01:30;15,49
18/05/25 01:45;15,49
18/05/25 02:00;15
18/05/25 02:15;15
18/05/25 02:30;15
18/05/25 02:45;15
18/05/25 03:00;13,9
18/05/25 03:15;13,9
18/05/25 03:30;13,9
18/05/25 03:45;13,9
18/05/25 04:00;15,79
18/05/25 04:15;15,79
18/05/25 04:30;15,79
18/05/25 04:45;15,79
18/05/25 05:00;14,5
18/05/25 05:15;14,5
18/05/25 05:30;14,5
18/05/25 05:45;14,5
18/05/25 06:00;8,99
18/05/25 06:15;8,99
18/05/25 06:30;8,99
18/05/25 06:45;8,99
18/05/25 07:00;0,01
18/05/25 07:15;0,01
18/05/25 07:30;0,01
18/05/25 07:45;0,01
18/05/25 08:00;5,59
18/05/25 08:15;5,59
18/05/25 08:30;5,59
18/05/25 08:45;5,59
18/05/25 09:00;5,59
18/05/25 09:15;5,59
18/05/25 09:30;5,59
18/05/25 09:45;5,59
18/05/25 10:00;5,38
18/05/25 10:15;5,38
18/05/25 10:30;5,38
18/05/25 10:45;5,38
18/05/25 11:00;5
18/05/25 11:15;5
18/05/25 11:30;5
18/05/25 11:45;5
18/05/25 12:00;4,31
18/05/25 12:15;4,31
18/05/25 12:30;4,31
18/05/25 12:45;4,31
18/05/25 13:00;0
18/05/25 13:15;0
18/05/25 13:30;0
18/05/25 13:45;0
18/05/25 14:00;-0,02
18/05/25 14:15;-0,02
18/05/25 14:30;-0,02
18/05/25 14:45;-0,02
18/05/25 15:00;-1
18/05/25 15:15;-1
18/05/25 15:30;-1
18/05/25 15:45;-1
18/05/25 16:00;-0,02
18/05/25 16:15;-0,02
18/05/25 16:30;-0,02
18/05/25 16:45;-0,02
18/05/25 17:00;-0,01
18/05/25 17:15;-0,01
18/05/25 17:30;-0,01
18/05/25 17:45;-0,01
18/05/25 18:00;0,28
18/05/25 18:15;0,28
18/05/25 18:30;0,28
18/05/25 18:45;0,28
18/05/25 19:00;7,44
18/05/25 19:15;7,44
18/05/25 19:30;7,44
18/05/25 19:45;7,44
18/05/25 20:00;37
18/05/25 20:15;37
18/05/25 20:30;37
18/05/25 20:45;37
18/05/25 21:00;40,7
18/05/25 21:15;40,7
18/05/25 21:30;40,7
18/05/25 21:45;40,7
18/05/25 22:00;33,96
18/05/25 22:15;33,96
18/05/25 22:30;33,96
18/05/25 22:45;33,96
18/05/25 23:00;20,82
18/05/25 23:15;20,82
18/05/25 23:30;20,82
18/05/25 23:45;20,82
19/05/25 00:00;18,02
19/05/25 00:15;18,02
19/05/25 00:30;18,02
19/05/25 00:45;18,02
19/05/25 01:00;13,83
19/05/25 01:15;13,83
19/05/25 01:30;13,83
19/05/25 01:45;13,83
19/05/25 02:00;14
19/05/25 02:15;14
19/05/25 02:30;14
19/05/25 02:45;14
19/05/25 03:00;10,63
19/05/25 03:15;10,63
19/05/25 03:30;10,63
19/05/25 03:45;10,63
19/05/25 04:00;19,94
19/05/25 04:15;19,94
19/05/25 04:30;19,94
19/05/25 04:45;19,94
19/05/25 05:00;25,95
19/05/25 05:15;25,95
19/05/25 05:30;25,95
19/05/25 05:45;25,95
19/05/25 06:00;32,41
19/05/25 06:15;32,41
19/05/25 06:30;32,41
19/05/25 06:45;32,41
19/05/25 07:00;22
19/05/25 07:15;22
19/05/25 07:30;22
19/05/25 07:45;22
19/05/25 08:00;5,41
19/05/25 08:15;5,41
19/05/25 08:30;5,41
19/05/25 08:45;5,41
19/05/25 09:00;5,8
19/05/25 09:15;5,8
19/05/25 09:30;5,8
19/05/25 09:45;5,8
19/05/25 10:00;5,59
19/05/25 10:15;5,59
19/05/25 10:30;5,59
19/05/25 10:45;5,59
19/05/25 11:00;5,38
19/05/25 11:15;5,38
19/05/25 11:30;5,38
19/05/25 11:45;5,38
19/05/25 12:00;5,38
19/05/25 12:15;5,38
19/05/25 12:30;5,38
19/05/25 12:45;5,38
19/05/25 13:00;4,31
19/05/25 13:15;4,31
19/05/25 13:30;4,31
19/05/25 13:45;4,31
19/05/25 14:00;4,31
19/05/25 14:15;4,31
19/05/25 14:30;4,31
19/05/25 14:45;4,31
19/05/25 15:00;4
19/05/25 15:15;4
19/05/25 15:30;4
19/05/25 15:45;4
19/05/25 16:00;2,4
19/05/25 16:15;2,4
19/05/25 16:30;2,4
19/05/25 16:45;2,4
19/05/25 17:00;2,2
19/05/25 17:15;2,2
19/05/25 17:30;2,2
19/05/25 17:45;2,2
19/05/25 18:00;4
19/05/25 18:15;4
19/05/25 18:30;4
19/05/25 18:45;4
19/05/25 19:00;22,2
19/05/25 19:15;22,2
19/05/25 19:30;22,2
19/05/25 19:45;22,2
19/05/25 20:00;37,94
19/05/25 20:15;37,94
19/05/25 20:30;37,94
19/05/25 20:45;37,94
19/05/25 21:00;37,22
19/05/25 21:15;37,22
19/05/25 21:30;37,22
19/05/25 21:45;37,22
19/05/25 22:00;29,86
19/05/25 22:15;29,86
19/05/25 22:30;29,86
19/05/25 22:45;29,86
19/05/25 23:00;20,53
19/05/25 23:15;20,53
19/05/25 23:30;20,53
19/05/25 23:45;20,53
20/05/25 00:00;16,93
20/05/25 00:15;16,93
20/05/25 00:30;16,93
20/05/25 00:45;16,93
20/05/25 01:00;13,58
20/05/25 01:15;13,58
20/05/25 01:30;13,58
20/05/25 01:45;13,58
20/05/25 02:00;7,74
20/05/25 02:15;7,74
20/05/25 02:30;7,74
20/05/25 02:45;7,74
20/05/25 03:00;7
20/05/25 03:15;7
20/05/25 03:30;7
20/05/25 03:45;7
20/05/25 04:00;18,26
20/05/25 04:15;18,26
20/05/25 04:30;18,26
20/05/25 04:45;18,26
20/05/25 05:00;25,66
20/05/25 05:15;25,66
20/05/25 05:30;25,66
20/05/25 05:45;25,66
20/05/25 06:00;35,09
20/05/25 06:15;35,09
20/05/25 06:30;35,09
20/05/25 06:45;35,09
20/05/25 07:00;20,2
20/05/25 07:15;20,2
20/05/25 07:30;20,2
20/05/25 07:45;20,2
20/05/25 08:00;20
20/05/25 08:15;20
20/05/25 08:30;20
20/05/25 08:45;20
20/05/25 09:00;19,26
20/05/25 09:15;19,26
20/05/25 09:30;19,26
20/05/25 09:45;19,26
20/05/25 10:00;5,8
20/05/25 10:15;5,8
20/05/25 10:30;5,8
20/05/25 10:45;5,8
20/05/25 11:00;5,59
20/05/25 11:15;5,59
20/05/25 11:30;5,59
20/05/25 11:45;5,59
20/05/25 12:00;5,38
20/05/25 12:15;5,38
20/05/25 12:30;5,38
20/05/25 12:45;5,38
20/05/25 13:00;5,38
20/05/25 13:15;5,38
20/05/25 13:30;5,38
20/05/25 13:45;5,38
20/05/25 14:00;4,31
20/05/25 14:15;4,31
20/05/25 14:30;4,31
20/05/25 14:45;4,31
20/05/25 15:00;4,31
20/05/25 15:15;4,31
20/05/25 15:30;4,31
20/05/25 15:45;4,31
20/05/25 16:00;4,31
20/05/25 16:15;4,31
20/05/25 16:30;4,31
20/05/25 16:45;4,31
20/05/25 17:00;1,5
20/05/25 17:15;1,5
20/05/25 17:30;1,5
20/05/25 17:45;1,5
20/05/25 18:00;3,52
20/05/25 18:15;3,52
20/05/25 18:30;3,52
20/05/25 18:45;3,52
20/05/25 19:00;25,96
20/05/25 19:15;25,96
20/05/25 19:30;25,96
20/05/25 19:45;25,96
20/05/25 20:00;53,91
20/05/25 20:15;53,91
20/05/25 20:30;53,91
20/05/25 20:45;53,91
20/05/25 21:00;54
20/05/25 21:15;54
20/05/25 21:30;54
20/05/25 21:45;54
20/05/25 22:00;35,01
20/05/25 22:15;35,01
20/05/25 22:30;35,01
20/05/25 22:45;35,01
20/05/25 23:00;35
20/05/25 23:15;35
20/05/25 23:30;35
20/05/25 23:45;35
21/05/25 00:00;30,2
21/05/25 00:15;30,2
21/05/25 00:30;30,2
21/05/25 00:45;30,2
21/05/25 01:00;28,65
21/05/25 01:15;28,65
21/05/25 01:30;28,65
21/05/25 01:45;28,65
21/05/25 02:00;22,03
21/05/25 02:15;22,03
21/05/25 02:30;22,03
21/05/25 02:45;22,03
21/05/25 03:00;26,72
21/05/25 03:15;26,72
21/05/25 03:30;26,72
21/05/25 03:45;26,72
21/05/25 04:00;30,2
21/05/25 04:15;30,2
21/05/25 04:30;30,2
21/05/25 04:45;30,2
21/05/25 05:00;35,09
21/05/25 05:15;35,09
21/05/25 05:30;35,09
21/05/25 05:45;35,09
21/05/25 06:00;49,7
21/05/25 06:15;49,7
21/05/25 06:30;49,7
21/05/25 06:45;49,7
21/05/25 07:00;35,01
21/05/25 07:15;35,01
21/05/25 07:30;35,01
21/05/25 07:45;35,01
21/05/25 08:00;20,93
21/05/25 08:15;20,93
21/05/25 08:30;20,93
21/05/25 08:45;20,93
21/05/25 09:00;20,93
21/05/25 09:15;20,93
21/05/25 09:30;20,93
21/05/25 09:45;20,93
21/05/25 10:00;17,83
21/05/25 10:15;17,83
21/05/25 10:30;17,83
21/05/25 10:45;17,83
21/05/25 11:00;5,79
21/05/25 11:15;5,79
21/05/25 11:30;5,79
21/05/25 11:45;5,79
21/05/25 12:00;5,3
21/05/25 12:15;5,3
21/05/25 12:30;5,3
21/05/25 12:45;5,3
21/05/25 13:00;5,09
21/05/25 13:15;5,09
21/05/25 13:30;5,09
21/05/25 13:45;5,09
21/05/25 14:00;5,09
21/05/25 14:15;5,09
21/05/25 14:30;5,09
21/05/25 14:45;5,09
21/05/25 15:00;4,88
21/05/25 15:15;4,88
21/05/25 15:30;4,88
21/05/25 15:45;4,88
21/05/25 16:00;4,88
21/05/25 16:15;4,88
21/05/25 16:30;4,88
21/05/25 16:45;4,88
21/05/25 17:00;5,09
21/05/25 17:15;5,09
21/05/25 17:30;5,09
21/05/25 17:45;5,09
21/05/25 18:00;5,79
21/05/25 18:15;5,79
21/05/25 18:30;5,79
21/05/25 18:45;5,79
21/05/25 19:00;34,94
21/05/25 19:15;34,94
21/05/25 19:30;34,94
21/05/25 19:45;34,94
21/05/25 20:00;51,39
21/05/25 20:15;51,39
21/05/25 20:30;51,39
21/05/25 20:45;51,39
21/05/25 21:00;41,93
21/05/25 21:15;41,93
21/05/25 21:30;41,93
21/05/25 21:45;41,93
21/05/25 22:00;27,23
21/05/25 22:15;27,23
21/05/25 22:30;27,23
21/05/25 22:45;27,23
21/05/25 23:00;13,06
21/05/25 23:15;13,06
21/05/25 23:30;13,06
21/05/25 23:45;13,06
22/05/25 00:00;11
22/05/25 00:15;11
22/05/25 00:30;11
22/05/25 00:45;11
22/05/25 01:00;7
22/05/25 01:15;7
22/05/25 01:30;7
22/05/25 01:45;7
22/05/25 02:00;5,11
22/05/25 02:15;5,11
22/05/25 02:30;5,11
22/05/25 02:45;5,11
22/05/25 03:00;5,11
22/05/25 03:15;5,11
22/05/25 03:30;5,11
22/05/25 03:45;5,11
22/05/25 04:00;5,11
22/05/25 04:15;5,11
22/05/25 04:30;5,11
22/05/25 04:45;5,11
22/05/25 05:00;6
22/05/25 05:15;6
22/05/25 05:30;6
22/05/25 05:45;6
22/05/25 06:00;12,1
22/05/25 06:15;12,1
22/05/25 06:30;12,1
22/05/25 06:45;12,1
22/05/25 07:00;0,65
22/05/25 07:15;0,65
22/05/25 07:30;0,65
22/05/25 07:45;0,65
22/05/25 08:00;5,79
22/05/25 08:15;5,79
22/05/25 08:30;5,79
22/05/25 08:45;5,79
22/05/25 09:00;5,76
22/05/25 09:15;5,76
22/05/25 09:30;5,76
22/05/25 09:45;5,76
22/05/25 10:00;5,09
22/05/25 10:15;5,09
22/05/25 10:30;5,09
22/05/25 10:45;5,09
22/05/25 11:00;5,09
22/05/25 11:15;5,09
22/05/25 11:30;5,09
22/05/25 11:45;5,09
22/05/25 12:00;4,88
22/05/25 12:15;4,88
22/05/25 12:30;4,88
22/05/25 12:45;4,88
22/05/25 13:00;4,63
22/05/25 13:15;4,63
22/05/25 13:30;4,63
22/05/25 13:45;4,63
22/05/25 14:00;4,63
22/05/25 14:15;4,63
22/05/25 14:30;4,63
22/05/25 14:45;4,63
22/05/25 15:00;4,63
22/05/25 15:15;4,63
22/05/25 15:30;4,63
22/05/25 15:45;4,63
22/05/25 16:00;4,63
22/05/25 16:15;4,63
22/05/25 16:30;4,63
22/05/25 16:45;4,63
22/05/25 17:00;4,88
22/05/25 17:15;4,88
22/05/25 17:30;4,88
22/05/25 17:45;4,88
22/05/25 18:00;5,09
22/05/25 18:15;5,09
22/05/25 18:30;5,09
22/05/25 18:45;5,09
22/05/25 19:00;3,6
22/05/25 19:15;3,6
22/05/25 19:30;3,6
22/05/25 19:45;3,6
22/05/25 20:00;24,42
22/05/25 20:15;24,42
22/05/25 20:30;24,42
22/05/25 20:45;24,42
22/05/25 21:00;12,82
22/05/25 21:15;12,82
22/05/25 21:30;12,82
22/05/25 21:45;12,82
22/05/25 22:00;5
22/05/25 22:15;5
22/05/25 22:30;5
22/05/25 22:45;5
22/05/25 23:00;9,22
22/05/25 23:15;9,22
22/05/25 23:30;9,22
22/05/25 23:45;9,22
23/05/25 00:00;7,69
23/05/25 00:15;7,69
23/05/25 00:30;7,69
23/05/25 00:45;7,69
23/05/25 01:00;9,37
23/05/25 01:15;9,37
23/05/25 01:30;9,37
23/05/25 01:45;9,37
23/05/25 02:00;5,8
23/05/25 02:15;5,8
23/05/25 02:30;5,8
23/05/25 02:45;5,8
23/05/25 03:00;5,11
23/05/25 03:15;5,11
23/05/25 03:30;5,11
23/05/25 03:45;5,11
23/05/25 04:00;4,9
23/05/25 04:15;4,9
23/05/25 04:30;4,9
23/05/25 04:45;4,9
23/05/25 05:00;5,66
23/05/25 05:15;5,66
23/05/25 05:30;5,66
23/05/25 05:45;5,66
23/05/25 06:00;12,34
23/05/25 06:15;12,34
23/05/25 06:30;12,34
23/05/25 06:45;12,34
23/05/25 07:00;4,23
23/05/25 07:15;4,23
23/05/25 07:30;4,23
23/05/25 07:45;4,23
23/05/25 08:00;4,69
23/05/25 08:15;4,69
23/05/25 08:30;4,69
23/05/25 08:45;4,69
23/05/25 09:00;4,9
23/05/25 09:15;4,9
23/05/25 09:30;4,9
23/05/25 09:45;4,9
23/05/25 10:00;4,69
23/05/25 10:15;4,69
23/05/25 10:30;4,69
23/05/25 10:45;4,69
23/05/25 11:00;5,76
23/05/25 11:15;5,76
23/05/25 11:30;5,76
23/05/25 11:45;5,76
23/05/25 12:00;4,9
23/05/25 12:15;4,9
23/05/25 12:30;4,9
23/05/25 12:45;4,9
23/05/25 13:00;4,69
23/05/25 13:15;4,69
23/05/25 13:30;4,69
23/05/25 13:45;4,69
23/05/25 14:00;4,9
23/05/25 14:15;4,9
23/05/25 14:30;4,9
23/05/25 14:45;4,9
23/05/25 15:00;4,69
23/05/25 15:15;4,69
23/05/25 15:30;4,69
23/05/25 15:45;4,69
23/05/25 16:00;4,9
23/05/25 16:15;4,9
23/05/25 16:30;4,9
23/05/25 16:45;4,9
23/05/25 17:00;5,66
23/05/25 17:15;5,66
23/05/25 17:30;5,66
23/05/25 17:45;5,66
23/05/25 18:00;4,69
23/05/25 18:15;4,69
23/05/25 18:30;4,69
23/05/25 18:45;4,69
23/05/25 19:00;5,76
23/05/25 19:15;5,76
23/05/25 19:30;5,76
23/05/25 19:45;5,76
23/05/25 20:00;31
23/05/25 20:15;31
23/05/25 20:30;31
23/05/25 20:45;31
23/05/25 21:00;17,94
23/05/25 21:15;17,94
23/05/25 21:30;17,94
23/05/25 21:45;17,94
23/05/25 22:00;12,58
23/05/25 22:15;12,58
23/05/25 22:30;12,58
23/05/25 22:45;12,58
23/05/25 23:00;14
23/05/25 23:15;14
23/05/25 23:30;14
23/05/25 23:45;14
24/05/25 00:00;12
24/05/25 00:15;12
24/05/25 00:30;12
24/05/25 00:45;12
24/05/25 01:00;10,93
24/05/25 01:15;10,93
24/05/25 01:30;10,93
24/05/25 01:45;10,93
24/05/25 02:00;10,34
24/05/25 02:15;10,34
24/05/25 02:30;10,34
24/05/25 02:45;10,34
24/05/25 03:00;9,56
24/05/25 03:15;9,56
24/05/25 03:30;9,56
24/05/25 03:45;9,56
24/05/25 04:00;9,99
24/05/25 04:15;9,99
24/05/25 04:30;9,99
24/05/25 04:45;9,99
24/05/25 05:00;13,32
24/05/25 05:15;13,32
24/05/25 05:30;13,32
24/05/25 05:45;13,32
24/05/25 06:00;6
24/05/25 06:15;6
24/05/25 06:30;6
24/05/25 06:45;6
24/05/25 07:00;3,28
24/05/25 07:15;3,28
24/05/25 07:30;3,28
24/05/25 07:45;3,28
24/05/25 08:00;5,73
24/05/25 08:15;5,73
24/05/25 08:30;5,73
24/05/25 08:45;5,73
24/05/25 09:00;5,1
24/05/25 09:15;5,1
24/05/25 09:30;5,1
24/05/25 09:45;5,1
24/05/25 10:00;4,89
24/05/25 10:15;4,89
24/05/25 10:30;4,89
24/05/25 10:45;4,89
24/05/25 11:00;4,89
24/05/25 11:15;4,89
24/05/25 11:30;4,89
24/05/25 11:45;4,89
24/05/25 12:00;4,89
24/05/25 12:15;4,89
24/05/25 12:30;4,89
24/05/25 12:45;4,89
24/05/25 13:00;4,68
24/05/25 13:15;4,68
24/05/25 13:30;4,68
24/05/25 13:45;4,68
24/05/25 14:00;4,31
24/05/25 14:15;4,31
24/05/25 14:30;4,31
24/05/25 14:45;4,31
24/05/25 15:00;4,31
24/05/25 15:15;4,31
24/05/25 15:30;4,31
24/05/25 15:45;4,31
24/05/25 16:00;4,68
24/05/25 16:15;4,68
24/05/25 16:30;4,68
24/05/25 16:45;4,68
24/05/25 17:00;4,89
24/05/25 17:15;4,89
24/05/25 17:30;4,89
24/05/25 17:45;4,89
24/05/25 18:00;4,89
24/05/25 18:15;4,89
24/05/25 18:30;4,89
24/05/25 18:45;4,89
24/05/25 19:00;17,72
24/05/25 19:15;17,72
24/05/25 19:30;17,72
24/05/25 19:45;17,72
24/05/25 20:00;36,1
24/05/25 20:15;36,1
24/05/25 20:30;36,1
24/05/25 20:45;36,1
24/05/25 21:00;52
24/05/25 21:15;52
24/05/25 21:30;52
24/05/25 21:45;52
24/05/25 22:00;37
24/05/25 22:15;37
24/05/25 22:30;37
24/05/25 22:45;37
24/05/25 23:00;30
24/05/25 23:15;30
24/05/25 23:30;30
24/05/25 23:45;30
25/05/25 00:00;21
25/05/25 00:15;21
25/05/25 00:30;21
25/05/25 00:45;21
25/05/25 01:00;18,66
25/05/25 01:15;18,66
25/05/25 01:30;18,66
25/05/25 01:45;18,66
25/05/25 02:00;17,08
25/05/25 02:15;17,08
25/05/25 02:30;17,08
25/05/25 02:45;17,08
25/05/25 03:00;16,01
25/05/25 03:15;16,01
25/05/25 03:30;16,01
25/05/25 03:45;16,01
25/05/25 04:00;15,1
25/05/25 04:15;15,1
25/05/25 04:30;15,1
25/05/25 04:45;15,1
25/05/25 05:00;15,5
25/05/25 05:15;15,5
25/05/25 05:30;15,5
25/05/25 05:45;15,5
25/05/25 06:00;5,71
25/05/25 06:15;5,71
25/05/25 06:30;5,71
25/05/25 06:45;5,71
25/05/25 07:00;0,01
25/05/25 07:15;0,01
25/05/25 07:30;0,01
25/05/25 07:45;0,01
25/05/25 08:00;4,89
25/05/25 08:15;4,89
25/05/25 08:30;4,89
25/05/25 08:45;4,89
25/05/25 09:00;4,68
25/05/25 09:15;4,68
25/05/25 09:30;4,68
25/05/25 09:45;4,68
25/05/25 10:00;4,43
25/05/25 10:15;4,43
25/05/25 10:30;4,43
25/05/25 10:45;4,43
25/05/25 11:00;4,41
25/05/25 11:15;4,41
25/05/25 11:30;4,41
25/05/25 11:45;4,41
25/05/25 12:00;4,31
25/05/25 12:15;4,31
25/05/25 12:30;4,31
25/05/25 12:45;4,31
25/05/25 13:00;0,1
25/05/25 13:15;0,1
25/05/25 13:30;0,1
25/05/25 13:45;0,1
25/05/25 14:00;0,01
25/05/25 14:15;0,01
25/05/25 14:30;0,01
25/05/25 14:45;0,01
25/05/25 15:00;0
25/05/25 15:15;0
25/05/25 15:30;0
25/05/25 15:45;0
25/05/25 16:00;0
25/05/25 16:15;0
25/05/25 16:30;0
25/05/25 16:45;0
25/05/25 17:00;0,05
25/05/25 17:15;0,05
25/05/25 17:30;0,05
25/05/25 17:45;0,05
25/05/25 18:00;3,66
25/05/25 18:15;3,66
25/05/25 18:30;3,66
25/05/25 18:45;3,66
25/05/25 19:00;17,03
25/05/25 19:15;17,03
25/05/25 19:30;17,03
25/05/25 19:45;17,03
25/05/25 20:00;26,71
25/05/25 20:15;26,71
25/05/25 20:30;26,71
25/05/25 20:45;26,71
25/05/25 21:00;35,01
25/05/25 21:15;35,01
25/05/25 21:30;35,01
25/05/25 21:45;35,01
25/05/25 22:00;20,17
25/05/25 22:15;20,17
25/05/25 22:30;20,17
25/05/25 22:45;20,17
25/05/25 23:00;26,25
25/05/25 23:15;26,25
25/05/25 23:30;26,25
25/05/25 23:45;26,25
26/05/25 00:00;18,04
26/05/25 00:15;18,04
26/05/25 00:30;18,04
26/05/25 00:45;18,04
26/05/25 01:00;16,64
26/05/25 01:15;16,64
26/05/25 01:30;16,64
26/05/25 01:45;16,64
26/05/25 02:00;14,43
26/05/25 02:15;14,43
26/05/25 02:30;14,43
26/05/25 02:45;14,43
26/05/25 03:00;16,4
26/05/25 03:15;16,4
26/05/25 03:30;16,4
26/05/25 03:45;16,4
26/05/25 04:00;20
26/05/25 04:15;20
26/05/25 04:30;20
26/05/25 04:45;20
26/05/25 05:00;25,78
26/05/25 05:15;25,78
26/05/25 05:30;25,78
26/05/25 05:45;25,78
26/05/25 06:00;35,01
26/05/25 06:15;35,01
26/05/25 06:30;35,01
26/05/25 06:45;35,01
26/05/25 07:00;25,3
26/05/25 07:15;25,3
26/05/25 07:30;25,3
26/05/25 07:45;25,3
26/05/25 08:00;14,31
26/05/25 08:15;14,31
26/05/25 08:30;14,31
26/05/25 08:45;14,31
26/05/25 09:00;5,79
26/05/25 09:15;5,79
26/05/25 09:30;5,79
26/05/25 09:45;5,79
26/05/25 10:00;4,31
26/05/25 10:15;4,31
26/05/25 10:30;4,31
26/05/25 10:45;4,31
26/05/25 11:00;4,31
26/05/25 11:15;4,31
26/05/25 11:30;4,31
26/05/25 11:45;4,31
26/05/25 12:00;3,89
26/05/25 12:15;3,89
26/05/25 12:30;3,89
26/05/25 12:45;3,89
26/05/25 13:00;3,68
26/05/25 13:15;3,68
26/05/25 13:30;3,68
26/05/25 13:45;3,68
26/05/25 14:00;3,89
26/05/25 14:15;3,89
26/05/25 14:30;3,89
26/05/25 14:45;3,89
26/05/25 15:00;3,89
26/05/25 15:15;3,89
26/05/25 15:30;3,89
26/05/25 15:45;3,89
26/05/25 16:00;3,89
26/05/25 16:15;3,89
26/05/25 16:30;3,89
26/05/25 16:45;3,89
26/05/25 17:00;3,89
26/05/25 17:15;3,89
26/05/25 17:30;3,89
26/05/25 17:45;3,89
26/05/25 18:00;5,11
26/05/25 18:15;5,11
26/05/25 18:30;5,11
26/05/25 18:45;5,11
26/05/25 19:00;35,09
26/05/25 19:15;35,09
26/05/25 19:30;35,09
26/05/25 19:45;35,09
26/05/25 20:00;76,06
26/05/25 20:15;76,06
26/05/25 20:30;76,06
26/05/25 20:45;76,06
26/05/25 21:00;60,14
26/05/25 21:15;60,14
26/05/25 21:30;60,14
26/05/25 21:45;60,14
26/05/25 22:00;35,33
26/05/25 22:15;35,33
26/05/25 22:30;35,33
26/05/25 22:45;35,33
26/05/25 23:00;35,01
26/05/25 23:15;35,01
26/05/25 23:30;35,01
26/05/25 23:45;35,01
27/05/25 00:00;30,5
27/05/25 00:15;30,5
27/05/25 00:30;30,5
27/05/25 00:45;30,5
27/05/25 01:00;22,46
27/05/25 01:15;22,46
27/05/25 01:30;22,46
27/05/25 01:45;22,46
27/05/25 02:00;20
27/05/25 02:15;20
27/05/25 02:30;20
27/05/25 02:45;20
27/05/25 03:00;21,03
27/05/25 03:15;21,03
27/05/25 03:30;21,03
27/05/25 03:45;21,03
27/05/25 04:00;26,01
27/05/25 04:15;26,01
27/05/25 04:30;26,01
27/05/25 04:45;26,01
27/05/25 05:00;33,44
27/05/25 05:15;33,44
27/05/25 05:30;33,44
27/05/25 05:45;33,44
27/05/25 06:00;36,26
27/05/25 06:15;36,26
27/05/25 06:30;36,26
27/05/25 06:45;36,26
27/05/25 07:00;33
27/05/25 07:15;33
27/05/25 07:30;33
27/05/25 07:45;33
27/05/25 08:00;19,81
27/05/25 08:15;19,81
27/05/25 08:30;19,81
27/05/25 08:45;19,81
27/05/25 09:00;14,89
27/05/25 09:15;14,89
27/05/25 09:30;14,89
27/05/25 09:45;14,89
27/05/25 10:00;14,68
27/05/25 10:15;14,68
27/05/25 10:30;14,68
27/05/25 10:45;14,68
27/05/25 11:00;9,51
27/05/25 11:15;9,51
27/05/25 11:30;9,51
27/05/25 11:45;9,51
27/05/25 12:00;9,51
27/05/25 12:15;9,51
27/05/25 12:30;9,51
27/05/25 12:45;9,51
27/05/25 13:00;9,51
27/05/25 13:15;9,51
27/05/25 13:30;9,51
27/05/25 13:45;9,51
27/05/25 14:00;9,51
27/05/25 14:15;9,51
27/05/25 14:30;9,51
27/05/25 14:45;9,51
27/05/25 15:00;9,51
27/05/25 15:15;9,51
27/05/25 15:30;9,51
27/05/25 15:45;9,51
27/05/25 16:00;9,51
27/05/25 16:15;9,51
27/05/25 16:30;9,51
27/05/25 16:45;9,51
27/05/25 17:00;9,51
27/05/25 17:15;9,51
27/05/25 17:30;9,51
27/05/25 17:45;9,51
27/05/25 18:00;32,5
27/05/25 18:15;32,5
27/05/25 18:30;32,5
27/05/25 18:45;32,5
27/05/25 19:00;49,56
27/05/25 19:15;49,56
27/05/25 19:30;49,56
27/05/25 19:45;49,56
27/05/25 20:00;111,16
27/05/25 20:15;111,16
27/05/25 20:30;111,16
27/05/25 20:45;111,16
27/05/25 21:00;100
27/05/25 21:15;100
27/05/25 21:30;100
27/05/25 21:45;100
27/05/25 22:00;75,31
27/05/25 22:15;75,31
27/05/25 22:30;75,31
27/05/25 22:45;75,31
27/05/25 23:00;35,01
27/05/25 23:15;35,01
27/05/25 23:30;35,01
27/05/25 23:45;35,01
28/05/25 00:00;30,5
28/05/25 00:15;30,5
28/05/25 00:30;30,5
28/05/25 00:45;30,5
28/05/25 01:00;33,27
28/05/25 01:15;33,27
28/05/25 01:30;33,27
28/05/25 01:45;33,27
28/05/25 02:00;32,02
28/05/25 02:15;32,02
28/05/25 02:30;32,02
28/05/25 02:45;32,02
28/05/25 03:00;32
28/05/25 03:15;32
28/05/25 03:30;32
28/05/25 03:45;32
28/05/25 04:00;31,08
28/05/25 04:15;31,08
28/05/25 04:30;31,08
28/05/25 04:45;31,08
28/05/25 05:00;35,01
28/05/25 05:15;35,01
28/05/25 05:30;35,01
28/05/25 05:45;35,01
28/05/25 06:00;54,88
28/05/25 06:15;54,88
28/05/25 06:30;54,88
28/05/25 06:45;54,88
28/05/25 07:00;35,01
28/05/25 07:15;35,01
28/05/25 07:30;35,01
28/05/25 07:45;35,01
28/05/25 08:00;29,88
28/05/25 08:15;29,88
28/05/25 08:30;29,88
28/05/25 08:45;29,88
28/05/25 09:00;18,48
28/05/25 09:15;18,48
28/05/25 09:30;18,48
28/05/25 09:45;18,48
28/05/25 10:00;13,89
28/05/25 10:15;13,89
28/05/25 10:30;13,89
28/05/25 10:45;13,89
28/05/25 11:00;13,68
28/05/25 11:15;13,68
28/05/25 11:30;13,68
28/05/25 11:45;13,68
28/05/25 12:00;13,43
28/05/25 12:15;13,43
28/05/25 12:30;13,43
28/05/25 12:45;13,43
28/05/25 13:00;9,51
28/05/25 13:15;9,51
28/05/25 13:30;9,51
28/05/25 13:45;9,51
28/05/25 14:00;13,43
28/05/25 14:15;13,43
28/05/25 14:30;13,43
28/05/25 14:45;13,43
28/05/25 15:00;13,43
28/05/25 15:15;13,43
28/05/25 15:30;13,43
28/05/25 15:45;13,43
28/05/25 16:00;13,68
28/05/25 16:15;13,68
28/05/25 16:30;13,68
28/05/25 16:45;13,68
28/05/25 17:00;14,1
28/05/25 17:15;14,1
28/05/25 17:30;14,1
28/05/25 17:45;14,1
28/05/25 18:00;29,5
28/05/25 18:15;29,5
28/05/25 18:30;29,5
28/05/25 18:45;29,5
28/05/25 19:00;55,18
28/05/25 19:15;55,18
28/05/25 19:30;55,18
28/05/25 19:45;55,18
28/05/25 20:00;96
28/05/25 20:15;96
28/05/25 20:30;96
28/05/25 20:45;96
28/05/25 21:00;100,86
28/05/25 21:15;100,86
28/05/25 21:30;100,86
28/05/25 21:45;100,86
28/05/25 22:00;54,88
28/05/25 22:15;54,88
28/05/25 22:30;54,88
28/05/25 22:45;54,88
28/05/25 23:00;49,63
28/05/25 23:15;49,63
28/05/25 23:30;49,63
28/05/25 23:45;49,63
29/05/25 00:00;39
29/05/25 00:15;39
29/05/25 00:30;39
29/05/25 00:45;39
29/05/25 01:00;43,81
29/05/25 01:15;43,81
29/05/25 01:30;43,81
29/05/25 01:45;43,81
29/05/25 02:00;39,22
29/05/25 02:15;39,22
29/05/25 02:30;39,22
29/05/25 02:45;39,22
29/05/25 03:00;38,24
29/05/25 03:15;38,24
29/05/25 03:30;38,24
29/05/25 03:45;38,24
29/05/25 04:00;40,01
29/05/25 04:15;40,01
29/05/25 04:30;40,01
29/05/25 04:45;40,01
29/05/25 05:00;37,95
29/05/25 05:15;37,95
29/05/25 05:30;37,95
29/05/25 05:45;37,95
29/05/25 06:00;45
29/05/25 06:15;45
29/05/25 06:30;45
29/05/25 06:45;45
29/05/25 07:00;38,24
29/05/25 07:15;38,24
29/05/25 07:30;38,24
29/05/25 07:45;38,24
29/05/25 08:00;33,5
29/05/25 08:15;33,5
29/05/25 08:30;33,5
29/05/25 08:45;33,5
29/05/25 09:00;16,1
29/05/25 09:15;16,1
29/05/25 09:30;16,1
29/05/25 09:45;16,1
29/05/25 10:00;15,68
29/05/25 10:15;15,68
29/05/25 10:30;15,68
29/05/25 10:45;15,68
29/05/25 11:00;15,43
29/05/25 11:15;15,43
29/05/25 11:30;15,43
29/05/25 11:45;15,43
29/05/25 12:00;13
29/05/25 12:15;13
29/05/25 12:30;13
29/05/25 12:45;13
29/05/25 13:00;9,51
29/05/25 13:15;9,51
29/05/25 13:30;9,51
29/05/25 13:45;9,51
29/05/25 14:00;10
29/05/25 14:15;10
29/05/25 14:30;10
29/05/25 14:45;10
29/05/25 15:00;14
29/05/25 15:15;14
29/05/25 15:30;14
29/05/25 15:45;14
29/05/25 16:00;15,68
29/05/25 16:15;15,68
29/05/25 16:30;15,68
29/05/25 16:45;15,68
29/05/25 17:00;17,77
29/05/25 17:15;17,77
29/05/25 17:30;17,77
29/05/25 17:45;17,77
29/05/25 18:00;36,13
29/05/25 18:15;36,13
29/05/25 18:30;36,13
29/05/25 18:45;36,13
29/05/25 19:00;71,63
29/05/25 19:15;71,63
29/05/25 19:30;71,63
29/05/25 19:45;71,63
29/05/25 20:00;134,99
29/05/25 20:15;134,99
29/05/25 20:30;134,99
29/05/25 20:45;134,99
29/05/25 21:00;119,02
29/05/25 21:15;119,02
29/05/25 21:30;119,02
29/05/25 21:45;119,02
29/05/25 22:00;70,9
29/05/25 22:15;70,9
29/05/25 22:30;70,9
29/05/25 22:45;70,9
29/05/25 23:00;55
29/05/25 23:15;55
29/05/25 23:30;55
29/05/25 23:45;55
30/05/25 00:00;53,1
30/05/25 00:15;53,1
30/05/25 00:30;53,1
30/05/25 00:45;53,1
30/05/25 01:00;47,7
30/05/25 01:15;47,7
30/05/25 01:30;47,7
30/05/25 01:45;47,7
30/05/25 02:00;45,78
30/05/25 02:15;45,78
30/05/25 02:30;45,78
30/05/25 02:45;45,78
30/05/25 03:00;45,54
30/05/25 03:15;45,54
30/05/25 03:30;45,54
30/05/25 03:45;45,54
30/05/25 04:00;46,08
30/05/25 04:15;46,08
30/05/25 04:30;46,08
30/05/25 04:45;46,08
30/05/25 05:00;49,55
30/05/25 05:15;49,55
30/05/25 05:30;49,55
30/05/25 05:45;49,55
30/05/25 06:00;68,38
30/05/25 06:15;68,38
30/05/25 06:30;68,38
30/05/25 06:45;68,38
30/05/25 07:00;53,01
30/05/25 07:15;53,01
30/05/25 07:30;53,01
30/05/25 07:45;53,01
30/05/25 08:00;46,08
30/05/25 08:15;46,08
30/05/25 08:30;46,08
30/05/25 08:45;46,08
30/05/25 09:00;24,25
30/05/25 09:15;24,25
30/05/25 09:30;24,25
30/05/25 09:45;24,25
30/05/25 10:00;16,1
30/05/25 10:15;16,1
30/05/25 10:30;16,1
30/05/25 10:45;16,1
30/05/25 11:00;15,95
30/05/25 11:15;15,95
30/05/25 11:30;15,95
30/05/25 11:45;15,95
30/05/25 12:00;15,68
30/05/25 12:15;15,68
30/05/25 12:30;15,68
30/05/25 12:45;15,68
30/05/25 13:00;15,43
30/05/25 13:15;15,43
30/05/25 13:30;15,43
30/05/25 13:45;15,43
30/05/25 14:00;15,43
30/05/25 14:15;15,43
30/05/25 14:30;15,43
30/05/25 14:45;15,43
30/05/25 15:00;15,43
30/05/25 15:15;15,43
30/05/25 15:30;15,43
30/05/25 15:45;15,43
30/05/25 16:00;15,89
30/05/25 16:15;15,89
30/05/25 16:30;15,89
30/05/25 16:45;15,89
30/05/25 17:00;45,36
30/05/25 17:15;45,36
30/05/25 17:30;45,36
30/05/25 17:45;45,36
30/05/25 18:00;55,28
30/05/25 18:15;55,28
30/05/25 18:30;55,28
30/05/25 18:45;55,28
30/05/25 19:00;100,29
30/05/25 19:15;100,29
30/05/25 19:30;100,29
30/05/25 19:45;100,29
30/05/25 20:00;120,59
30/05/25 20:15;120,59
30/05/25 20:30;120,59
30/05/25 20:45;120,59
30/05/25 21:00;130,19
30/05/25 21:15;130,19
30/05/25 21:30;130,19
30/05/25 21:45;130,19
30/05/25 22:00;103,35
30/05/25 22:15;103,35
30/05/25 22:30;103,35
30/05/25 22:45;103,35
30/05/25 23:00;107
30/05/25 23:15;107
30/05/25 23:30;107
30/05/25 23:45;107
31/05/25 00:00;89,74
31/05/25 00:15;89,74
31/05/25 00:30;89,74
31/05/25 00:45;89,74
31/05/25 01:00;70,55
31/05/25 01:15;70,55
31/05/25 01:30;70,55
31/05/25 01:45;70,55
31/05/25 02:00;72
31/05/25 02:15;72
31/05/25 02:30;72
31/05/25 02:45;72
31/05/25 03:00;83,61
31/05/25 03:15;83,61
31/05/25 03:30;83,61
31/05/25 03:45;83,61
31/05/25 04:00;80
31/05/25 04:15;80
31/05/25 04:30;80
31/05/25 04:45;80
31/05/25 05:00;83,61
31/05/25 05:15;83,61
31/05/25 05:30;83,61
31/05/25 05:45;83,61
31/05/25 06:00;64,31
31/05/25 06:15;64,31
31/05/25 06:30;64,31
31/05/25 06:45;64,31
31/05/25 07:00;33,55
31/05/25 07:15;33,55
31/05/25 07:30;33,55
31/05/25 07:45;33,55
31/05/25 08:00;25,01
31/05/25 08:15;25,01
31/05/25 08:30;25,01
31/05/25 08:45;25,01
31/05/25 09:00;16,89
31/05/25 09:15;16,89
31/05/25 09:30;16,89
31/05/25 09:45;16,89
31/05/25 10:00;16,43
31/05/25 10:15;16,43
31/05/25 10:30;16,43
31/05/25 10:45;16,43
31/05/25 11:00;6,55
31/05/25 11:15;6,55
31/05/25 11:30;6,55
31/05/25 11:45;6,55
31/05/25 12:00;5,99
31/05/25 12:15;5,99
31/05/25 12:30;5,99
31/05/25 12:45;5,99
31/05/25 13:00;4,31
31/05/25 13:15;4,31
31/05/25 13:30;4,31
31/05/25 13:45;4,31
31/05/25 14:00;4,31
31/05/25 14:15;4,31
31/05/25 14:30;4,31
31/05/25 14:45;4,31
31/05/25 15:00;4,31
31/05/25 15:15;4,31
31/05/25 15:30;4,31
31/05/25 15:45;4,31
31/05/25 16:00;5,76
31/05/25 16:15;5,76
31/05/25 16:30;5,76
31/05/25 16:45;5,76
31/05/25 17:00;5,99
31/05/25 17:15;5,99
31/05/25 17:30;5,99
31/05/25 17:45;5,99
31/05/25 18:00;31,78
31/05/25 18:15;31,78
31/05/25 18:30;31,78
31/05/25 18:45;31,78
31/05/25 19:00;62
31/05/25 19:15;62
31/05/25 19:30;62
31/05/25 19:45;62
31/05/25 20:00;64,31
31/05/25 20:15;64,31
31/05/25 20:30;64,31
31/05/25 20:45;64,31
31/05/25 21:00;74,44
31/05/25 21:15;74,44
31/05/25 21:30;74,44
31/05/25 21:45;74,44
31/05/25 22:00;63,5
31/05/25 22:15;63,5
31/05/25 22:30;63,5
31/05/25 22:45;63,5
31/05/25 23:00;60
31/05/25 23:15;60
31/05/25 23:30;60
31/05/25 23:45;60
01/06/25 00:00;36,07
01/06/25 00:15;36,07
01/06/25 00:30;36,07
01/06/25 00:45;36,07
01/06/25 01:00;35,01
01/06/25 01:15;35,01
01/06/25 01:30;35,01
01/06/25 01:45;35,01
01/06/25 02:00;34,95
01/06/25 02:15;34,95
01/06/25 02:30;34,95
01/06/25 02:45;34,95
01/06/25 03:00;34,43
01/06/25 03:15;34,43
01/06/25 03:30;34,43
01/06/25 03:45;34,43
01/06/25 04:00;35
01/06/25 04:15;35
01/06/25 04:30;35
01/06/25 04:45;35
01/06/25 05:00;35,01
01/06/25 05:15;35,01
01/06/25 05:30;35,01
01/06/25 05:45;35,01
01/06/25 06:00;32,22
01/06/25 06:15;32,22
01/06/25 06:30;32,22
01/06/25 06:45;32,22
01/06/25 07:00;2,4
01/06/25 07:15;2,4
01/06/25 07:30;2,4
01/06/25 07:45;2,4
01/06/25 08:00;18,43
01/06/25 08:15;18,43
01/06/25 08:30;18,43
01/06/25 08:45;18,43
01/06/25 09:00;15,01
01/06/25 09:15;15,01
01/06/25 09:30;15,01
01/06/25 09:45;15,01
01/06/25 10:00;7
01/06/25 10:15;7
01/06/25 10:30;7
01/06/25 10:45;7
01/06/25 11:00;6,55
01/06/25 11:15;6,55
01/06/25 11:30;6,55
01/06/25 11:45;6,55
01/06/25 12:00;6,55
01/06/25 12:15;6,55
01/06/25 12:30;6,55
01/06/25 12:45;6,55
01/06/25 13:00;5,99
01/06/25 13:15;5,99
01/06/25 13:30;5,99
01/06/25 13:45;5,99
01/06/25 14:00;5,79
01/06/25 14:15;5,79
01/06/25 14:30;5,79
01/06/25 14:45;5,79
01/06/25 15:00;5,76
01/06/25 15:15;5,76
01/06/25 15:30;5,76
01/06/25 15:45;5,76
01/06/25 16:00;5,99
01/06/25 16:15;5,99
01/06/25 16:30;5,99
01/06/25 16:45;5,99
01/06/25 17:00;6,55
01/06/25 17:15;6,55
01/06/25 17:30;6,55
01/06/25 17:45;6,55
01/06/25 18:00;22,82
01/06/25 18:15;22,82
01/06/25 18:30;22,82
01/06/25 18:45;22,82
01/06/25 19:00;35,01
01/06/25 19:15;35,01
01/06/25 19:30;35,01
01/06/25 19:45;35,01
01/06/25 20:00;40,55
01/06/25 20:15;40,55
01/06/25 20:30;40,55
01/06/25 20:45;40,55
01/06/25 21:00;53,96
01/06/25 21:15;53,96
01/06/25 21:30;53,96
01/06/25 21:45;53,96
01/06/25 22:00;40,41
01/06/25 22:15;40,41
01/06/25 22:30;40,41
01/06/25 22:45;40,41
01/06/25 23:00;30,24
01/06/25 23:15;30,24
01/06/25 23:30;30,24
01/06/25 23:45;30,24
02/06/25 00:00;27,25
02/06/25 00:15;27,25
02/06/25 00:30;27,25
02/06/25 00:45;27,25
02/06/25 01:00;26,66
02/06/25 01:15;26,66
02/06/25 01:30;26,66
02/06/25 01:45;26,66
02/06/25 02:00;19,1
02/06/25 02:15;19,1
02/06/25 02:30;19,1
02/06/25 02:45;19,1
02/06/25 03:00;20,01
02/06/25 03:15;20,01
02/06/25 03:30;20,01
02/06/25 03:45;20,01
02/06/25 04:00;18,89
02/06/25 04:15;18,89
02/06/25 04:30;18,89
02/06/25 04:45;18,89
02/06/25 05:00;35,01
02/06/25 05:15;35,01
02/06/25 05:30;35,01
02/06/25 05:45;35,01
02/06/25 06:00;45,59
02/06/25 06:15;45,59
02/06/25 06:30;45,59
02/06/25 06:45;45,59
02/06/25 07:00;52,96
02/06/25 07:15;52,96
02/06/25 07:30;52,96
02/06/25 07:45;52,96
02/06/25 08:00;42,66
02/06/25 08:15;42,66
02/06/25 08:30;42,66
02/06/25 08:45;42,66
02/06/25 09:00;25,01
02/06/25 09:15;25,01
02/06/25 09:30;25,01
02/06/25 09:45;25,01
02/06/25 10:00;18,89
02/06/25 10:15;18,89
02/06/25 10:30;18,89
02/06/25 10:45;18,89
02/06/25 11:00;18,68
02/06/25 11:15;18,68
02/06/25 11:30;18,68
02/06/25 11:45;18,68
02/06/25 12:00;15,01
02/06/25 12:15;15,01
02/06/25 12:30;15,01
02/06/25 12:45;15,01
02/06/25 13:00;7
02/06/25 13:15;7
02/06/25 13:30;7
02/06/25 13:45;7
02/06/25 14:00;15,01
02/06/25 14:15;15,01
02/06/25 14:30;15,01
02/06/25 14:45;15,01
02/06/25 15:00;6,55
02/06/25 15:15;6,55
02/06/25 15:30;6,55
02/06/25 15:45;6,55
02/06/25 16:00;6,55
02/06/25 16:15;6,55
02/06/25 16:30;6,55
02/06/25 16:45;6,55
02/06/25 17:00;14,9
02/06/25 17:15;14,9
02/06/25 17:30;14,9
02/06/25 17:45;14,9
02/06/25 18:00;40,3
02/06/25 18:15;40,3
02/06/25 18:30;40,3
02/06/25 18:45;40,3
02/06/25 19:00;88,05
02/06/25 19:15;88,05
02/06/25 19:30;88,05
02/06/25 19:45;88,05
02/06/25 20:00;100
02/06/25 20:15;100
02/06/25 20:30;100
02/06/25 20:45;100
02/06/25 21:00;98,21
02/06/25 21:15;98,21
02/06/25 21:30;98,21
02/06/25 21:45;98,21
02/06/25 22:00;66,5
02/06/25 22:15;66,5
02/06/25 22:30;66,5
02/06/25 22:45;66,5
02/06/25 23:00;80
02/06/25 23:15;80
02/06/25 23:30;80
02/06/25 23:45;80
03/06/25 00:00;69,76
03/06/25 00:15;69,76
03/06/25 00:30;69,76
03/06/25 00:45;69,76
03/06/25 01:00;69,76
03/06/25 01:15;69,76
03/06/25 01:30;69,76
03/06/25 01:45;69,76
03/06/25 02:00;69,76
03/06/25 02:15;69,76
03/06/25 02:30;69,76
03/06/25 02:45;69,76
03/06/25 03:00;69,76
03/06/25 03:15;69,76
03/06/25 03:30;69,76
03/06/25 03:45;69,76
03/06/25 04:00;80,95
03/06/25 04:15;80,95
03/06/25 04:30;80,95
03/06/25 04:45;80,95
03/06/25 05:00;95,94
03/06/25 05:15;95,94
03/06/25 05:30;95,94
03/06/25 05:45;95,94
03/06/25 06:00;107,61
03/06/25 06:15;107,61
03/06/25 06:30;107,61
03/06/25 06:45;107,61
03/06/25 07:00;82
03/06/25 07:15;82
03/06/25 07:30;82
03/06/25 07:45;82
03/06/25 08:00;52
03/06/25 08:15;52
03/06/25 08:30;52
03/06/25 08:45;52
03/06/25 09:00;31,45
03/06/25 09:15;31,45
03/06/25 09:30;31,45
03/06/25 09:45;31,45
03/06/25 10:00;17,78
03/06/25 10:15;17,78
03/06/25 10:30;17,78
03/06/25 10:45;17,78
03/06/25 11:00;15,4
03/06/25 11:15;15,4
03/06/25 11:30;15,4
03/06/25 11:45;15,4
03/06/25 12:00;6,55
03/06/25 12:15;6,55
03/06/25 12:30;6,55
03/06/25 12:45;6,55
03/06/25 13:00;5,99
03/06/25 13:15;5,99
03/06/25 13:30;5,99
03/06/25 13:45;5,99
03/06/25 14:00;5,99
03/06/25 14:15;5,99
03/06/25 14:30;5,99
03/06/25 14:45;5,99
03/06/25 15:00;5,79
03/06/25 15:15;5,79
03/06/25 15:30;5,79
03/06/25 15:45;5,79
03/06/25 16:00;5,79
03/06/25 16:15;5,79
03/06/25 16:30;5,79
03/06/25 16:45;5,79
03/06/25 17:00;17,71
03/06/25 17:15;17,71
03/06/25 17:30;17,71
03/06/25 17:45;17,71
03/06/25 18:00;38,57
03/06/25 18:15;38,57
03/06/25 18:30;38,57
03/06/25 18:45;38,57
03/06/25 19:00;53,1
03/06/25 19:15;53,1
03/06/25 19:30;53,1
03/06/25 19:45;53,1
03/06/25 20:00;108,27
03/06/25 20:15;108,27
03/06/25 20:30;108,27
03/06/25 20:45;108,27
03/06/25 21:00;108,78
03/06/25 21:15;108,78
03/06/25 21:30;108,78
03/06/25 21:45;108,78
03/06/25 22:00;96,05
03/06/25 22:15;96,05
03/06/25 22:30;96,05
03/06/25 22:45;96,05
03/06/25 23:00;89,6
03/06/25 23:15;89,6
03/06/25 23:30;89,6
03/06/25 23:45;89,6
04/06/25 00:00;80,71
04/06/25 00:15;80,71
04/06/25 00:30;80,71
04/06/25 00:45;80,71
04/06/25 01:00;75,14
04/06/25 01:15;75,14
04/06/25 01:30;75,14
04/06/25 01:45;75,14
04/06/25 02:00;75
04/06/25 02:15;75
04/06/25 02:30;75
04/06/25 02:45;75
04/06/25 03:00;74,52
04/06/25 03:15;74,52
04/06/25 03:30;74,52
04/06/25 03:45;74,52
04/06/25 04:00;82,13
04/06/25 04:15;82,13
04/06/25 04:30;82,13
04/06/25 04:45;82,13
04/06/25 05:00;98,22
04/06/25 05:15;98,22
04/06/25 05:30;98,22
04/06/25 05:45;98,22
04/06/25 06:00;105
04/06/25 06:15;105
04/06/25 06:30;105
04/06/25 06:45;105
04/06/25 07:00;78,1
04/06/25 07:15;78,1
04/06/25 07:30;78,1
04/06/25 07:45;78,1
04/06/25 08:00;59,85
04/06/25 08:15;59,85
04/06/25 08:30;59,85
04/06/25 08:45;59,85
04/06/25 09:00;53,6
04/06/25 09:15;53,6
04/06/25 09:30;53,6
04/06/25 09:45;53,6
04/06/25 10:00;35,1
04/06/25 10:15;35,1
04/06/25 10:30;35,1
04/06/25 10:45;35,1
04/06/25 11:00;34,68
04/06/25 11:15;34,68
04/06/25 11:30;34,68
04/06/25 11:45;34,68
04/06/25 12:00;28
04/06/25 12:15;28
04/06/25 12:30;28
04/06/25 12:45;28
04/06/25 13:00;15,01
04/06/25 13:15;15,01
04/06/25 13:30;15,01
04/06/25 13:45;15,01
04/06/25 14:00;26,35
04/06/25 14:15;26,35
04/06/25 14:30;26,35
04/06/25 14:45;26,35
04/06/25 15:00;11,45
04/06/25 15:15;11,45
04/06/25 15:30;11,45
04/06/25 15:45;11,45
04/06/25 16:00;18,99
04/06/25 16:15;18,99
04/06/25 16:30;18,99
04/06/25 16:45;18,99
04/06/25 17:00;28,04
04/06/25 17:15;28,04
04/06/25 17:30;28,04
04/06/25 17:45;28,04
04/06/25 18:00;60
04/06/25 18:15;60
04/06/25 18:30;60
04/06/25 18:45;60
04/06/25 19:00;108,38
04/06/25 19:15;108,38
04/06/25 19:30;108,38
04/06/25 19:45;108,38
04/06/25 20:00;127,01
04/06/25 20:15;127,01
04/06/25 20:30;127,01
04/06/25 20:45;127,01
04/06/25 21:00;123,46
04/06/25 21:15;123,46
04/06/25 21:30;123,46
04/06/25 21:45;123,46
04/06/25 22:00;99,38
04/06/25 22:15;99,38
04/06/25 22:30;99,38
04/06/25 22:45;99,38
04/06/25 23:00;110,73
04/06/25 23:15;110,73
04/06/25 23:30;110,73
04/06/25 23:45;110,73
05/06/25 00:00;96
05/06/25 00:15;96
05/06/25 00:30;96
05/06/25 00:45;96
05/06/25 01:00;94,25
05/06/25 01:15;94,25
05/06/25 01:30;94,25
05/06/25 01:45;94,25
05/06/25 02:00;92,28
05/06/25 02:15;92,28
05/06/25 02:30;92,28
05/06/25 02:45;92,28
05/06/25 03:00;92,28
05/06/25 03:15;92,28
05/06/25 03:30;92,28
05/06/25 03:45;92,28
05/06/25 04:00;93,86
05/06/25 04:15;93,86
05/06/25 04:30;93,86
05/06/25 04:45;93,86
05/06/25 05:00;101,27
05/06/25 05:15;101,27
05/06/25 05:30;101,27
05/06/25 05:45;101,27
05/06/25 06:00;111,24
05/06/25 06:15;111,24
05/06/25 06:30;111,24
05/06/25 06:45;111,24
05/06/25 07:00;82,13
05/06/25 07:15;82,13
05/06/25 07:30;82,13
05/06/25 07:45;82,13
05/06/25 08:00;39,1
05/06/25 08:15;39,1
05/06/25 08:30;39,1
05/06/25 08:45;39,1
05/06/25 09:00;34,68
05/06/25 09:15;34,68
05/06/25 09:30;34,68
05/06/25 09:45;34,68
05/06/25 10:00;29,34
05/06/25 10:15;29,34
05/06/25 10:30;29,34
05/06/25 10:45;29,34
05/06/25 11:00;25,15
05/06/25 11:15;25,15
05/06/25 11:30;25,15
05/06/25 11:45;25,15
05/06/25 12:00;25,15
05/06/25 12:15;25,15
05/06/25 12:30;25,15
05/06/25 12:45;25,15
05/06/25 13:00;5,79
05/06/25 13:15;5,79
05/06/25 13:30;5,79
05/06/25 13:45;5,79
05/06/25 14:00;5,79
05/06/25 14:15;5,79
05/06/25 14:30;5,79
05/06/25 14:45;5,79
05/06/25 15:00;5
05/06/25 15:15;5
05/06/25 15:30;5
05/06/25 15:45;5
05/06/25 16:00;5,79
05/06/25 16:15;5,79
05/06/25 16:30;5,79
05/06/25 16:45;5,79
05/06/25 17:00;25,15
05/06/25 17:15;25,15
05/06/25 17:30;25,15
05/06/25 17:45;25,15
05/06/25 18:00;52,85
05/06/25 18:15;52,85
05/06/25 18:30;52,85
05/06/25 18:45;52,85
05/06/25 19:00;99,77
05/06/25 19:15;99,77
05/06/25 19:30;99,77
05/06/25 19:45;99,77
05/06/25 20:00;140,34
05/06/25 20:15;140,34
05/06/25 20:30;140,34
05/06/25 20:45;140,34
05/06/25 21:00;142,03
05/06/25 21:15;142,03
05/06/25 21:30;142,03
05/06/25 21:45;142,03
05/06/25 22:00;118,24
05/06/25 22:15;118,24
05/06/25 22:30;118,24
05/06/25 22:45;118,24
05/06/25 23:00;130,05
05/06/25 23:15;130,05
05/06/25 23:30;130,05
05/06/25 23:45;130,05
06/06/25 00:00;127,93
06/06/25 00:15;127,93
06/06/25 00:30;127,93
06/06/25 00:45;127,93
06/06/25 01:00;118,24
06/06/25 01:15;118,24
06/06/25 01:30;118,24
06/06/25 01:45;118,24
06/06/25 02:00;112,75
06/06/25 02:15;112,75
06/06/25 02:30;112,75
06/06/25 02:45;112,75
06/06/25 03:00;112,24
06/06/25 03:15;112,24
06/06/25 03:30;112,24
06/06/25 03:45;112,24
06/06/25 04:00;113,77
06/06/25 04:15;113,77
06/06/25 04:30;113,77
06/06/25 04:45;113,77
06/06/25 05:00;123,26
06/06/25 05:15;123,26
06/06/25 05:30;123,26
06/06/25 05:45;123,26
06/06/25 06:00;126,83
06/06/25 06:15;126,83
06/06/25 06:30;126,83
06/06/25 06:45;126,83
06/06/25 07:00;123,26
06/06/25 07:15;123,26
06/06/25 07:30;123,26
06/06/25 07:45;123,26
06/06/25 08:00;57,03
06/06/25 08:15;57,03
06/06/25 08:30;57,03
06/06/25 08:45;57,03
06/06/25 09:00;16,98
06/06/25 09:15;16,98
06/06/25 09:30;16,98
06/06/25 09:45;16,98
06/06/25 10:00;15,73
06/06/25 10:15;15,73
06/06/25 10:30;15,73
06/06/25 10:45;15,73
06/06/25 11:00;5,79
06/06/25 11:15;5,79
06/06/25 11:30;5,79
06/06/25 11:45;5,79
06/06/25 12:00;5,76
06/06/25 12:15;5,76
06/06/25 12:30;5,76
06/06/25 12:45;5,76
06/06/25 13:00;4,31
06/06/25 13:15;4,31
06/06/25 13:30;4,31
06/06/25 13:45;4,31
06/06/25 14:00;4,31
06/06/25 14:15;4,31
06/06/25 14:30;4,31
06/06/25 14:45;4,31
06/06/25 15:00;4,31
06/06/25 15:15;4,31
06/06/25 15:30;4,31
06/06/25 15:45;4,31
06/06/25 16:00;4,31
06/06/25 16:15;4,31
06/06/25 16:30;4,31
06/06/25 16:45;4,31
06/06/25 17:00;14,34
06/06/25 17:15;14,34
06/06/25 17:30;14,34
06/06/25 17:45;14,34
06/06/25 18:00;44,69
06/06/25 18:15;44,69
06/06/25 18:30;44,69
06/06/25 18:45;44,69
06/06/25 19:00;105
06/06/25 19:15;105
06/06/25 19:30;105
06/06/25 19:45;105
06/06/25 20:00;135,01
06/06/25 20:15;135,01
06/06/25 20:30;135,01
06/06/25 20:45;135,01
06/06/25 21:00;140,34
06/06/25 21:15;140,34
06/06/25 21:30;140,34
06/06/25 21:45;140,34
06/06/25 22:00;121,35
06/06/25 22:15;121,35
06/06/25 22:30;121,35
06/06/25 22:45;121,35
06/06/25 23:00;112,84
06/06/25 23:15;112,84
06/06/25 23:30;112,84
06/06/25 23:45;112,84
07/06/25 00:00;103,77
07/06/25 00:15;103,77
07/06/25 00:30;103,77
07/06/25 00:45;103,77
07/06/25 01:00;101,57
07/06/25 01:15;101,57
07/06/25 01:30;101,57
07/06/25 01:45;101,57
07/06/25 02:00;100,59
07/06/25 02:15;100,59
07/06/25 02:30;100,59
07/06/25 02:45;100,59
07/06/25 03:00;100,59
07/06/25 03:15;100,59
07/06/25 03:30;100,59
07/06/25 03:45;100,59
07/06/25 04:00;101,57
07/06/25 04:15;101,57
07/06/25 04:30;101,57
07/06/25 04:45;101,57
07/06/25 05:00;104
07/06/25 05:15;104
07/06/25 05:30;104
07/06/25 05:45;104
07/06/25 06:00;93,8
07/06/25 06:15;93,8
07/06/25 06:30;93,8
07/06/25 06:45;93,8
07/06/25 07:00;22,2
07/06/25 07:15;22,2
07/06/25 07:30;22,2
07/06/25 07:45;22,2
07/06/25 08:00;14,89
07/06/25 08:15;14,89
07/06/25 08:30;14,89
07/06/25 08:45;14,89
07/06/25 09:00;2,5
07/06/25 09:15;2,5
07/06/25 09:30;2,5
07/06/25 09:45;2,5
07/06/25 10:00;1,51
07/06/25 10:15;1,51
07/06/25 10:30;1,51
07/06/25 10:45;1,51
07/06/25 11:00;1,5
07/06/25 11:15;1,5
07/06/25 11:30;1,5
07/06/25 11:45;1,5
07/06/25 12:00;1,5
07/06/25 12:15;1,5
07/06/25 12:30;1,5
07/06/25 12:45;1,5
07/06/25 13:00;0,05
07/06/25 13:15;0,05
07/06/25 13:30;0,05
07/06/25 13:45;0,05
07/06/25 14:00;0
07/06/25 14:15;0
07/06/25 14:30;0
07/06/25 14:45;0
07/06/25 15:00;-1,01
07/06/25 15:15;-1,01
07/06/25 15:30;-1,01
07/06/25 15:45;-1,01
07/06/25 16:00;-0,6
07/06/25 16:15;-0,6
07/06/25 16:30;-0,6
07/06/25 16:45;-0,6
07/06/25 17:00;0
07/06/25 17:15;0
07/06/25 17:30;0
07/06/25 17:45;0
07/06/25 18:00;4,31
07/06/25 18:15;4,31
07/06/25 18:30;4,31
07/06/25 18:45;4,31
07/06/25 19:00;45
07/06/25 19:15;45
07/06/25 19:30;45
07/06/25 19:45;45
07/06/25 20:00;110,2
07/06/25 20:15;110,2
07/06/25 20:30;110,2
07/06/25 20:45;110,2
07/06/25 21:00;104
07/06/25 21:15;104
07/06/25 21:30;104
07/06/25 21:45;104
07/06/25 22:00;90
07/06/25 22:15;90
07/06/25 22:30;90
07/06/25 22:45;90
07/06/25 23:00;79,47
07/06/25 23:15;79,47
07/06/25 23:30;79,47
07/06/25 23:45;79,47
08/06/25 00:00;78,49
08/06/25 00:15;78,49
08/06/25 00:30;78,49
08/06/25 00:45;78,49
08/06/25 01:00;79
08/06/25 01:15;79
08/06/25 01:30;79
08/06/25 01:45;79
08/06/25 02:00;65
08/06/25 02:15;65
08/06/25 02:30;65
08/06/25 02:45;65
08/06/25 03:00;65
08/06/25 03:15;65
08/06/25 03:30;65
08/06/25 03:45;65
08/06/25 04:00;65
08/06/25 04:15;65
08/06/25 04:30;65
08/06/25 04:45;65
08/06/25 05:00;64,36
08/06/25 05:15;64,36
08/06/25 05:30;64,36
08/06/25 05:45;64,36
08/06/25 06:00;22,02
08/06/25 06:15;22,02
08/06/25 06:30;22,02
08/06/25 06:45;22,02
08/06/25 07:00;0,83
08/06/25 07:15;0,83
08/06/25 07:30;0,83
08/06/25 07:45;0,83
08/06/25 08:00;2,39
08/06/25 08:15;2,39
08/06/25 08:30;2,39
08/06/25 08:45;2,39
08/06/25 09:00;1,93
08/06/25 09:15;1,93
08/06/25 09:30;1,93
08/06/25 09:45;1,93
08/06/25 10:00;1,93
08/06/25 10:15;1,93
08/06/25 10:30;1,93
08/06/25 10:45;1,93
08/06/25 11:00;1,93
08/06/25 11:15;1,93
08/06/25 11:30;1,93
08/06/25 11:45;1,93
08/06/25 12:00;2,18
08/06/25 12:15;2,18
08/06/25 12:30;2,18
08/06/25 12:45;2,18
08/06/25 13:00;1,93
08/06/25 13:15;1,93
08/06/25 13:30;1,93
08/06/25 13:45;1,93
08/06/25 14:00;1,51
08/06/25 14:15;1,51
08/06/25 14:30;1,51
08/06/25 14:45;1,51
08/06/25 15:00;0,99
08/06/25 15:15;0,99
08/06/25 15:30;0,99
08/06/25 15:45;0,99
08/06/25 16:00;1,5
08/06/25 16:15;1,5
08/06/25 16:30;1,5
08/06/25 16:45;1,5
08/06/25 17:00;2,18
08/06/25 17:15;2,18
08/06/25 17:30;2,18
08/06/25 17:45;2,18
08/06/25 18:00;12,3
08/06/25 18:15;12,3
08/06/25 18:30;12,3
08/06/25 18:45;12,3
08/06/25 19:00;86,78
08/06/25 19:15;86,78
08/06/25 19:30;86,78
08/06/25 19:45;86,78
08/06/25 20:00;108,78
08/06/25 20:15;108,78
08/06/25 20:30;108,78
08/06/25 20:45;108,78
08/06/25 21:00;109,29
08/06/25 21:15;109,29
08/06/25 21:30;109,29
08/06/25 21:45;109,29
08/06/25 22:00;98,8
08/06/25 22:15;98,8
08/06/25 22:30;98,8
08/06/25 22:45;98,8
08/06/25 23:00;90,6
08/06/25 23:15;90,6
08/06/25 23:30;90,6
08/06/25 23:45;90,6
09/06/25 00:00;77,94
09/06/25 00:15;77,94
09/06/25 00:30;77,94
09/06/25 00:45;77,94
09/06/25 01:00;77,94
09/06/25 01:15;77,94
09/06/25 01:30;77,94
09/06/25 01:45;77,94
09/06/25 02:00;80
09/06/25 02:15;80
09/06/25 02:30;80
09/06/25 02:45;80
09/06/25 03:00;82,86
09/06/25 03:15;82,86
09/06/25 03:30;82,86
09/06/25 03:45;82,86
09/06/25 04:00;87,35
09/06/25 04:15;87,35
09/06/25 04:30;87,35
09/06/25 04:45;87,35
09/06/25 05:00;102,25
09/06/25 05:15;102,25
09/06/25 05:30;102,25
09/06/25 05:45;102,25
09/06/25 06:00;107,06
09/06/25 06:15;107,06
09/06/25 06:30;107,06
09/06/25 06:45;107,06
09/06/25 07:00;85,01
09/06/25 07:15;85,01
09/06/25 07:30;85,01
09/06/25 07:45;85,01
09/06/25 08:00;20,1
09/06/25 08:15;20,1
09/06/25 08:30;20,1
09/06/25 08:45;20,1
09/06/25 09:00;12,6
09/06/25 09:15;12,6
09/06/25 09:30;12,6
09/06/25 09:45;12,6
09/06/25 10:00;12,18
09/06/25 10:15;12,18
09/06/25 10:30;12,18
09/06/25 10:45;12,18
09/06/25 11:00;11,93
09/06/25 11:15;11,93
09/06/25 11:30;11,93
09/06/25 11:45;11,93
09/06/25 12:00;11,93
09/06/25 12:15;11,93
09/06/25 12:30;11,93
09/06/25 12:45;11,93
09/06/25 13:00;5,79
09/06/25 13:15;5,79
09/06/25 13:30;5,79
09/06/25 13:45;5,79
09/06/25 14:00;6
09/06/25 14:15;6
09/06/25 14:30;6
09/06/25 14:45;6
09/06/25 15:00;5,57
09/06/25 15:15;5,57
09/06/25 15:30;5,57
09/06/25 15:45;5,57
09/06/25 16:00;12,39
09/06/25 16:15;12,39
09/06/25 16:30;12,39
09/06/25 16:45;12,39
09/06/25 17:00;50
09/06/25 17:15;50
09/06/25 17:30;50
09/06/25 17:45;50
09/06/25 18:00;90
09/06/25 18:15;90
09/06/25 18:30;90
09/06/25 18:45;90
09/06/25 19:00;113,76
09/06/25 19:15;113,76
09/06/25 19:30;113,76
09/06/25 19:45;113,76
09/06/25 20:00;135
09/06/25 20:15;135
09/06/25 20:30;135
09/06/25 20:45;135
09/06/25 21:00;124,1
09/06/25 21:15;124,1
09/06/25 21:30;124,1
09/06/25 21:45;124,1
09/06/25 22:00;114,27
09/06/25 22:15;114,27
09/06/25 22:30;114,27
09/06/25 22:45;114,27
09/06/25 23:00;118,97
09/06/25 23:15;118,97
09/06/25 23:30;118,97
09/06/25 23:45;118,97
10/06/25 00:00;114,99
10/06/25 00:15;114,99
10/06/25 00:30;114,99
10/06/25 00:45;114,99
10/06/25 01:00;114,4
10/06/25 01:15;114,4
10/06/25 01:30;114,4
10/06/25 01:45;114,4
10/06/25 02:00;113,01
10/06/25 02:15;113,01
10/06/25 02:30;113,01
10/06/25 02:45;113,01
10/06/25 03:00;113,03
10/06/25 03:15;113,03
10/06/25 03:30;113,03
10/06/25 03:45;113,03
10/06/25 04:00;113,2
10/06/25 04:15;113,2
10/06/25 04:30;113,2
10/06/25 04:45;113,2
10/06/25 05:00;114,4
10/06/25 05:15;114,4
10/06/25 05:30;114,4
10/06/25 05:45;114,4
10/06/25 06:00;117
10/06/25 06:15;117
10/06/25 06:30;117
10/06/25 06:45;117
10/06/25 07:00;114,99
10/06/25 07:15;114,99
10/06/25 07:30;114,99
10/06/25 07:45;114,99
10/06/25 08:00;111,72
10/06/25 08:15;111,72
10/06/25 08:30;111,72
10/06/25 08:45;111,72
10/06/25 09:00;105
10/06/25 09:15;105
10/06/25 09:30;105
10/06/25 09:45;105
10/06/25 10:00;87,47
10/06/25 10:15;87,47
10/06/25 10:30;87,47
10/06/25 10:45;87,47
10/06/25 11:00;56,6
10/06/25 11:15;56,6
10/06/25 11:30;56,6
10/06/25 11:45;56,6
10/06/25 12:00;56
10/06/25 12:15;56
10/06/25 12:30;56
10/06/25 12:45;56
10/06/25 13:00;55,4
10/06/25 13:15;55,4
10/06/25 13:30;55,4
10/06/25 13:45;55,4
10/06/25 14:00;54,88
10/06/25 14:15;54,88
10/06/25 14:30;54,88
10/06/25 14:45;54,88
10/06/25 15:00;55,01
10/06/25 15:15;55,01
10/06/25 15:30;55,01
10/06/25 15:45;55,01
10/06/25 16:00;93,35
10/06/25 16:15;93,35
10/06/25 16:30;93,35
10/06/25 16:45;93,35
10/06/25 17:00;105
10/06/25 17:15;105
10/06/25 17:30;105
10/06/25 17:45;105
10/06/25 18:00;110,7
10/06/25 18:15;110,7
10/06/25 18:30;110,7
10/06/25 18:45;110,7
10/06/25 19:00;119,58
10/06/25 19:15;119,58
10/06/25 19:30;119,58
10/06/25 19:45;119,58
10/06/25 20:00;124,35
10/06/25 20:15;124,35
10/06/25 20:30;124,35
10/06/25 20:45;124,35
10/06/25 21:00;121,18
10/06/25 21:15;121,18
10/06/25 21:30;121,18
10/06/25 21:45;121,18
10/06/25 22:00;114,4
10/06/25 22:15;114,4
10/06/25 22:30;114,4
10/06/25 22:45;114,4
10/06/25 23:00;111,89
10/06/25 23:15;111,89
10/06/25 23:30;111,89
10/06/25 23:45;111,89
11/06/25 00:00;108,56
11/06/25 00:15;108,56
11/06/25 00:30;108,56
11/06/25 00:45;108,56
11/06/25 01:00;106,07
11/06/25 01:15;106,07
11/06/25 01:30;106,07
11/06/25 01:45;106,07
11/06/25 02:00;106,02
11/06/25 02:15;106,02
11/06/25 02:30;106,02
11/06/25 02:45;106,02
11/06/25 03:00;104
11/06/25 03:15;104
11/06/25 03:30;104
11/06/25 03:45;104
11/06/25 04:00;106,02
11/06/25 04:15;106,02
11/06/25 04:30;106,02
11/06/25 04:45;106,02
11/06/25 05:00;107,49
11/06/25 05:15;107,49
11/06/25 05:30;107,49
11/06/25 05:45;107,49
11/06/25 06:00;110,63
11/06/25 06:15;110,63
11/06/25 06:30;110,63
11/06/25 06:45;110,63
11/06/25 07:00;109,58
11/06/25 07:15;109,58
11/06/25 07:30;109,58
11/06/25 07:45;109,58
11/06/25 08:00;101,27
11/06/25 08:15;101,27
11/06/25 08:30;101,27
11/06/25 08:45;101,27
11/06/25 09:00;82,28
11/06/25 09:15;82,28
11/06/25 09:30;82,28
11/06/25 09:45;82,28
11/06/25 10:00;49,99
11/06/25 10:15;49,99
11/06/25 10:30;49,99
11/06/25 10:45;49,99
11/06/25 11:00;14,28
11/06/25 11:15;14,28
11/06/25 11:30;14,28
11/06/25 11:45;14,28
11/06/25 12:00;5
11/06/25 12:15;5
11/06/25 12:30;5
11/06/25 12:45;5
11/06/25 13:00;3,52
11/06/25 13:15;3,52
11/06/25 13:30;3,52
11/06/25 13:45;3,52
11/06/25 14:00;1,1
11/06/25 14:15;1,1
11/06/25 14:30;1,1
11/06/25 14:45;1,1
11/06/25 15:00;2,5
11/06/25 15:15;2,5
11/06/25 15:30;2,5
11/06/25 15:45;2,5
11/06/25 16:00;3
11/06/25 16:15;3
11/06/25 16:30;3
11/06/25 16:45;3
11/06/25 17:00;15
11/06/25 17:15;15
11/06/25 17:30;15
11/06/25 17:45;15
11/06/25 18:00;74
11/06/25 18:15;74
11/06/25 18:30;74
11/06/25 18:45;74
11/06/25 19:00;105,01
11/06/25 19:15;105,01
11/06/25 19:30;105,01
11/06/25 19:45;105,01
11/06/25 20:00;115,5
11/06/25 20:15;115,5
11/06/25 20:30;115,5
11/06/25 20:45;115,5
11/06/25 21:00;114,81
11/06/25 21:15;114,81
11/06/25 21:30;114,81
11/06/25 21:45;114,81
11/06/25 22:00;109,58
11/06/25 22:15;109,58
11/06/25 22:30;109,58
11/06/25 22:45;109,58
11/06/25 23:00;104,59
11/06/25 23:15;104,59
11/06/25 23:30;104,59
11/06/25 23:45;104,59
12/06/25 00:00;99,97
12/06/25 00:15;99,97
12/06/25 00:30;99,97
12/06/25 00:45;99,97
12/06/25 01:00;95,11
12/06/25 01:15;95,11
12/06/25 01:30;95,11
12/06/25 01:45;95,11
12/06/25 02:00;93,94
12/06/25 02:15;93,94
12/06/25 02:30;93,94
12/06/25 02:45;93,94
12/06/25 03:00;93,94
12/06/25 03:15;93,94
12/06/25 03:30;93,94
12/06/25 03:45;93,94
12/06/25 04:00;98,27
12/06/25 04:15;98,27
12/06/25 04:30;98,27
12/06/25 04:45;98,27
12/06/25 05:00;102,98
12/06/25 05:15;102,98
12/06/25 05:30;102,98
12/06/25 05:45;102,98
12/06/25 06:00;103,8
12/06/25 06:15;103,8
12/06/25 06:30;103,8
12/06/25 06:45;103,8
12/06/25 07:00;90
12/06/25 07:15;90
12/06/25 07:30;90
12/06/25 07:45;90
12/06/25 08:00;23,14
12/06/25 08:15;23,14
12/06/25 08:30;23,14
12/06/25 08:45;23,14
12/06/25 09:00;15,47
12/06/25 09:15;15,47
12/06/25 09:30;15,47
12/06/25 09:45;15,47
12/06/25 10:00;15,19
12/06/25 10:15;15,19
12/06/25 10:30;15,19
12/06/25 10:45;15,19
12/06/25 11:00;14,14
12/06/25 11:15;14,14
12/06/25 11:30;14,14
12/06/25 11:45;14,14
12/06/25 12:00;4,31
12/06/25 12:15;4,31
12/06/25 12:30;4,31
12/06/25 12:45;4,31
12/06/25 13:00;5
12/06/25 13:15;5
12/06/25 13:30;5
12/06/25 13:45;5
12/06/25 14:00;5,76
12/06/25 14:15;5,76
12/06/25 14:30;5,76
12/06/25 14:45;5,76
12/06/25 15:00;5
12/06/25 15:15;5
12/06/25 15:30;5
12/06/25 15:45;5
12/06/25 16:00;4,31
12/06/25 16:15;4,31
12/06/25 16:30;4,31
12/06/25 16:45;4,31
12/06/25 17:00;15,27
12/06/25 17:15;15,27
12/06/25 17:30;15,27
12/06/25 17:45;15,27
12/06/25 18:00;89,6
12/06/25 18:15;89,6
12/06/25 18:30;89,6
12/06/25 18:45;89,6
12/06/25 19:00;104,01
12/06/25 19:15;104,01
12/06/25 19:30;104,01
12/06/25 19:45;104,01
12/06/25 20:00;131,71
12/06/25 20:15;131,71
12/06/25 20:30;131,71
12/06/25 20:45;131,71
12/06/25 21:00;140,64
12/06/25 21:15;140,64
12/06/25 21:30;140,64
12/06/25 21:45;140,64
12/06/25 22:00;117,96
12/06/25 22:15;117,96
12/06/25 22:30;117,96
12/06/25 22:45;117,96
12/06/25 23:00;126,84
12/06/25 23:15;126,84
12/06/25 23:30;126,84
12/06/25 23:45;126,84
13/06/25 00:00;119,08
13/06/25 00:15;119,08
13/06/25 00:30;119,08
13/06/25 00:45;119,08
13/06/25 01:00;113,98
13/06/25 01:15;113,98
13/06/25 01:30;113,98
13/06/25 01:45;113,98
13/06/25 02:00;112,33
13/06/25 02:15;112,33
13/06/25 02:30;112,33
13/06/25 02:45;112,33
13/06/25 03:00;111,35
13/06/25 03:15;111,35
13/06/25 03:30;111,35
13/06/25 03:45;111,35
13/06/25 04:00;111,35
13/06/25 04:15;111,35
13/06/25 04:30;111,35
13/06/25 04:45;111,35
13/06/25 05:00;113,89
13/06/25 05:15;113,89
13/06/25 05:30;113,89
13/06/25 05:45;113,89
13/06/25 06:00;113,86
13/06/25 06:15;113,86
13/06/25 06:30;113,86
13/06/25 06:45;113,86
13/06/25 07:00;112,47
13/06/25 07:15;112,47
13/06/25 07:30;112,47
13/06/25 07:45;112,47
13/06/25 08:00;50
13/06/25 08:15;50
13/06/25 08:30;50
13/06/25 08:45;50
13/06/25 09:00;19,23
13/06/25 09:15;19,23
13/06/25 09:30;19,23
13/06/25 09:45;19,23
13/06/25 10:00;16,47
13/06/25 10:15;16,47
13/06/25 10:30;16,47
13/06/25 10:45;16,47
13/06/25 11:00;14,14
13/06/25 11:15;14,14
13/06/25 11:30;14,14
13/06/25 11:45;14,14
13/06/25 12:00;4,31
13/06/25 12:15;4,31
13/06/25 12:30;4,31
13/06/25 12:45;4,31
13/06/25 13:00;5
13/06/25 13:15;5
13/06/25 13:30;5
13/06/25 13:45;5
13/06/25 14:00;4,31
13/06/25 14:15;4,31
13/06/25 14:30;4,31
13/06/25 14:45;4,31
13/06/25 15:00;4,31
13/06/25 15:15;4,31
13/06/25 15:30;4,31
13/06/25 15:45;4,31
13/06/25 16:00;4,31
13/06/25 16:15;4,31
13/06/25 16:30;4,31
13/06/25 16:45;4,31
13/06/25 17:00;17,43
13/06/25 17:15;17,43
13/06/25 17:30;17,43
13/06/25 17:45;17,43
13/06/25 18:00;90,4
13/06/25 18:15;90,4
13/06/25 18:30;90,4
13/06/25 18:45;90,4
13/06/25 19:00;105,47
13/06/25 19:15;105,47
13/06/25 19:30;105,47
13/06/25 19:45;105,47
13/06/25 20:00;120,58
13/06/25 20:15;120,58
13/06/25 20:30;120,58
13/06/25 20:45;120,58
13/06/25 21:00;120,98
13/06/25 21:15;120,98
13/06/25 21:30;120,98
13/06/25 21:45;120,98
13/06/25 22:00;113,98
13/06/25 22:15;113,98
13/06/25 22:30;113,98
13/06/25 22:45;113,98
13/06/25 23:00;110,02
13/06/25 23:15;110,02
13/06/25 23:30;110,02
13/06/25 23:45;110,02
14/06/25 00:00;109,7
14/06/25 00:15;109,7
14/06/25 00:30;109,7
14/06/25 00:45;109,7
14/06/25 01:00;109,8
14/06/25 01:15;109,8
14/06/25 01:30;109,8
14/06/25 01:45;109,8
14/06/25 02:00;108,98
14/06/25 02:15;108,98
14/06/25 02:30;108,98
14/06/25 02:45;108,98
14/06/25 03:00;109
14/06/25 03:15;109
14/06/25 03:30;109
14/06/25 03:45;109
14/06/25 04:00;109,7
14/06/25 04:15;109,7
14/06/25 04:30;109,7
14/06/25 04:45;109,7
14/06/25 05:00;109,73
14/06/25 05:15;109,73
14/06/25 05:30;109,73
14/06/25 05:45;109,73
14/06/25 06:00;104,9
14/06/25 06:15;104,9
14/06/25 06:30;104,9
14/06/25 06:45;104,9
14/06/25 07:00;51,21
14/06/25 07:15;51,21
14/06/25 07:30;51,21
14/06/25 07:45;51,21
14/06/25 08:00;11,14
14/06/25 08:15;11,14
14/06/25 08:30;11,14
14/06/25 08:45;11,14
14/06/25 09:00;3,14
14/06/25 09:15;3,14
14/06/25 09:30;3,14
14/06/25 09:45;3,14
14/06/25 10:00;1,99
14/06/25 10:15;1,99
14/06/25 10:30;1,99
14/06/25 10:45;1,99
14/06/25 11:00;1,99
14/06/25 11:15;1,99
14/06/25 11:30;1,99
14/06/25 11:45;1,99
14/06/25 12:00;2,73
14/06/25 12:15;2,73
14/06/25 12:30;2,73
14/06/25 12:45;2,73
14/06/25 13:00;1,99
14/06/25 13:15;1,99
14/06/25 13:30;1,99
14/06/25 13:45;1,99
14/06/25 14:00;0,05
14/06/25 14:15;0,05
14/06/25 14:30;0,05
14/06/25 14:45;0,05
14/06/25 15:00;-0,37
14/06/25 15:15;-0,37
14/06/25 15:30;-0,37
14/06/25 15:45;-0,37
14/06/25 16:00;0,65
14/06/25 16:15;0,65
14/06/25 16:30;0,65
14/06/25 16:45;0,65
14/06/25 17:00;5
14/06/25 17:15;5
14/06/25 17:30;5
14/06/25 17:45;5
14/06/25 18:00;36,27
14/06/25 18:15;36,27
14/06/25 18:30;36,27
14/06/25 18:45;36,27
14/06/25 19:00;86
14/06/25 19:15;86
14/06/25 19:30;86
14/06/25 19:45;86
14/06/25 20:00;101,96
14/06/25 20:15;101,96
14/06/25 20:30;101,96
14/06/25 20:45;101,96
14/06/25 21:00;105,88
14/06/25 21:15;105,88
14/06/25 21:30;105,88
14/06/25 21:45;105,88
14/06/25 22:00;100,98
14/06/25 22:15;100,98
14/06/25 22:30;100,98
14/06/25 22:45;100,98
14/06/25 23:00;87,47
14/06/25 23:15;87,47
14/06/25 23:30;87,47
14/06/25 23:45;87,47
15/06/25 00:00;62
15/06/25 00:15;62
15/06/25 00:30;62
15/06/25 00:45;62
15/06/25 01:00;38,7
15/06/25 01:15;38,7
15/06/25 01:30;38,7
15/06/25 01:45;38,7
15/06/25 02:00;34,7
15/06/25 02:15;34,7
15/06/25 02:30;34,7
15/06/25 02:45;34,7
15/06/25 03:00;24,35
15/06/25 03:15;24,35
15/06/25 03:30;24,35
15/06/25 03:45;24,35
15/06/25 04:00;20
15/06/25 04:15;20
15/06/25 04:30;20
15/06/25 04:45;20
15/06/25 05:00;18,47
15/06/25 05:15;18,47
15/06/25 05:30;18,47
15/06/25 05:45;18,47
15/06/25 06:00;15,13
15/06/25 06:15;15,13
15/06/25 06:30;15,13
15/06/25 06:45;15,13
15/06/25 07:00;2,73
15/06/25 07:15;2,73
15/06/25 07:30;2,73
15/06/25 07:45;2,73
15/06/25 08:00;0
15/06/25 08:15;0
15/06/25 08:30;0
15/06/25 08:45;0
15/06/25 09:00;0
15/06/25 09:15;0
15/06/25 09:30;0
15/06/25 09:45;0
15/06/25 10:00;0,05
15/06/25 10:15;0,05
15/06/25 10:30;0,05
15/06/25 10:45;0,05
15/06/25 11:00;1,21
15/06/25 11:15;1,21
15/06/25 11:30;1,21
15/06/25 11:45;1,21
15/06/25 12:00;2,73
15/06/25 12:15;2,73
15/06/25 12:30;2,73
15/06/25 12:45;2,73
15/06/25 13:00;1,99
15/06/25 13:15;1,99
15/06/25 13:30;1,99
15/06/25 13:45;1,99
15/06/25 14:00;1,99
15/06/25 14:15;1,99
15/06/25 14:30;1,99
15/06/25 14:45;1,99
15/06/25 15:00;0,05
15/06/25 15:15;0,05
15/06/25 15:30;0,05
15/06/25 15:45;0,05
15/06/25 16:00;1,99
15/06/25 16:15;1,99
15/06/25 16:30;1,99
15/06/25 16:45;1,99
15/06/25 17:00;3,14
15/06/25 17:15;3,14
15/06/25 17:30;3,14
15/06/25 17:45;3,14
15/06/25 18:00;13,02
15/06/25 18:15;13,02
15/06/25 18:30;13,02
15/06/25 18:45;13,02
15/06/25 19:00;53,55
15/06/25 19:15;53,55
15/06/25 19:30;53,55
15/06/25 19:45;53,55
15/06/25 20:00;76,85
15/06/25 20:15;76,85
15/06/25 20:30;76,85
15/06/25 20:45;76,85
15/06/25 21:00;78,43
15/06/25 21:15;78,43
15/06/25 21:30;78,43
15/06/25 21:45;78,43
15/06/25 22:00;53,97
15/06/25 22:15;53,97
15/06/25 22:30;53,97
15/06/25 22:45;53,97
15/06/25 23:00;32,74
15/06/25 23:15;32,74
15/06/25 23:30;32,74
15/06/25 23:45;32,74
16/06/25 00:00;19,96
16/06/25 00:15;19,96
16/06/25 00:30;19,96
16/06/25 00:45;19,96
16/06/25 01:00;16,58
16/06/25 01:15;16,58
16/06/25 01:30;16,58
16/06/25 01:45;16,58
16/06/25 02:00;13,27
16/06/25 02:15;13,27
16/06/25 02:30;13,27
16/06/25 02:45;13,27
16/06/25 03:00;15
16/06/25 03:15;15
16/06/25 03:30;15
16/06/25 03:45;15
16/06/25 04:00;24,76
16/06/25 04:15;24,76
16/06/25 04:30;24,76
16/06/25 04:45;24,76
16/06/25 05:00;60
16/06/25 05:15;60
16/06/25 05:30;60
16/06/25 05:45;60
16/06/25 06:00;71,6
16/06/25 06:15;71,6
16/06/25 06:30;71,6
16/06/25 06:45;71,6
16/06/25 07:00;58,49
16/06/25 07:15;58,49
16/06/25 07:30;58,49
16/06/25 07:45;58,49
16/06/25 08:00;20
16/06/25 08:15;20
16/06/25 08:30;20
16/06/25 08:45;20
16/06/25 09:00;14,73
16/06/25 09:15;14,73
16/06/25 09:30;14,73
16/06/25 09:45;14,73
16/06/25 10:00;15,01
16/06/25 10:15;15,01
16/06/25 10:30;15,01
16/06/25 10:45;15,01
16/06/25 11:00;15,73
16/06/25 11:15;15,73
16/06/25 11:30;15,73
16/06/25 11:45;15,73
16/06/25 12:00;15,73
16/06/25 12:15;15,73
16/06/25 12:30;15,73
16/06/25 12:45;15,73
16/06/25 13:00;15,73
16/06/25 13:15;15,73
16/06/25 13:30;15,73
16/06/25 13:45;15,73
16/06/25 14:00;15,73
16/06/25 14:15;15,73
16/06/25 14:30;15,73
16/06/25 14:45;15,73
16/06/25 15:00;17,73
16/06/25 15:15;17,73
16/06/25 15:30;17,73
16/06/25 15:45;17,73
16/06/25 16:00;47,69
16/06/25 16:15;47,69
16/06/25 16:30;47,69
16/06/25 16:45;47,69
16/06/25 17:00;101,64
16/06/25 17:15;101,64
16/06/25 17:30;101,64
16/06/25 17:45;101,64
16/06/25 18:00;117,2
16/06/25 18:15;117,2
16/06/25 18:30;117,2
16/06/25 18:45;117,2
16/06/25 19:00;125,41
16/06/25 19:15;125,41
16/06/25 19:30;125,41
16/06/25 19:45;125,41
16/06/25 20:00;210
16/06/25 20:15;210
16/06/25 20:30;210
16/06/25 20:45;210
16/06/25 21:00;166,91
16/06/25 21:15;166,91
16/06/25 21:30;166,91
16/06/25 21:45;166,91
16/06/25 22:00;125,41
16/06/25 22:15;125,41
16/06/25 22:30;125,41
16/06/25 22:45;125,41
16/06/25 23:00;128,64
16/06/25 23:15;128,64
16/06/25 23:30;128,64
16/06/25 23:45;128,64
17/06/25 00:00;124,76
17/06/25 00:15;124,76
17/06/25 00:30;124,76
17/06/25 00:45;124,76
17/06/25 01:00;120
17/06/25 01:15;120
17/06/25 01:30;120
17/06/25 01:45;120
17/06/25 02:00;119,82
17/06/25 02:15;119,82
17/06/25 02:30;119,82
17/06/25 02:45;119,82
17/06/25 03:00;120
17/06/25 03:15;120
17/06/25 03:30;120
17/06/25 03:45;120
17/06/25 04:00;117,1
17/06/25 04:15;117,1
17/06/25 04:30;117,1
17/06/25 04:45;117,1
17/06/25 05:00;119,82
17/06/25 05:15;119,82
17/06/25 05:30;119,82
17/06/25 05:45;119,82
17/06/25 06:00;124,59
17/06/25 06:15;124,59
17/06/25 06:30;124,59
17/06/25 06:45;124,59
17/06/25 07:00;126,91
17/06/25 07:15;126,91
17/06/25 07:30;126,91
17/06/25 07:45;126,91
17/06/25 08:00;112,96
17/06/25 08:15;112,96
17/06/25 08:30;112,96
17/06/25 08:45;112,96
17/06/25 09:00;72,88
17/06/25 09:15;72,88
17/06/25 09:30;72,88
17/06/25 09:45;72,88
17/06/25 10:00;27,01
17/06/25 10:15;27,01
17/06/25 10:30;27,01
17/06/25 10:45;27,01
17/06/25 11:00;26,01
17/06/25 11:15;26,01
17/06/25 11:30;26,01
17/06/25 11:45;26,01
17/06/25 12:00;22,57
17/06/25 12:15;22,57
17/06/25 12:30;22,57
17/06/25 12:45;22,57
17/06/25 13:00;25,01
17/06/25 13:15;25,01
17/06/25 13:30;25,01
17/06/25 13:45;25,01
17/06/25 14:00;26,01
17/06/25 14:15;26,01
17/06/25 14:30;26,01
17/06/25 14:45;26,01
17/06/25 15:00;27,01
17/06/25 15:15;27,01
17/06/25 15:30;27,01
17/06/25 15:45;27,01
17/06/25 16:00;75,48
17/06/25 16:15;75,48
17/06/25 16:30;75,48
17/06/25 16:45;75,48
17/06/25 17:00;94,78
17/06/25 17:15;94,78
17/06/25 17:30;94,78
17/06/25 17:45;94,78
17/06/25 18:00;115
17/06/25 18:15;115
17/06/25 18:30;115
17/06/25 18:45;115
17/06/25 19:00;126,68
17/06/25 19:15;126,68
17/06/25 19:30;126,68
17/06/25 19:45;126,68
17/06/25 20:00;154,76
17/06/25 20:15;154,76
17/06/25 20:30;154,76
17/06/25 20:45;154,76
17/06/25 21:00;152,03
17/06/25 21:15;152,03
17/06/25 21:30;152,03
17/06/25 21:45;152,03
17/06/25 22:00;127,91
17/06/25 22:15;127,91
17/06/25 22:30;127,91
17/06/25 22:45;127,91
17/06/25 23:00;128,37
17/06/25 23:15;128,37
17/06/25 23:30;128,37
17/06/25 23:45;128,37
18/06/25 00:00;123,17
18/06/25 00:15;123,17
18/06/25 00:30;123,17
18/06/25 00:45;123,17
18/06/25 01:00;121,86
18/06/25 01:15;121,86
18/06/25 01:30;121,86
18/06/25 01:45;121,86
18/06/25 02:00;122,11
18/06/25 02:15;122,11
18/06/25 02:30;122,11
18/06/25 02:45;122,11
18/06/25 03:00;123,17
18/06/25 03:15;123,17
18/06/25 03:30;123,17
18/06/25 03:45;123,17
18/06/25 04:00;125,97
18/06/25 04:15;125,97
18/06/25 04:30;125,97
18/06/25 04:45;125,97
18/06/25 05:00;125,07
18/06/25 05:15;125,07
18/06/25 05:30;125,07
18/06/25 05:45;125,07
18/06/25 06:00;128,31
18/06/25 06:15;128,31
18/06/25 06:30;128,31
18/06/25 06:45;128,31
18/06/25 07:00;121,12
18/06/25 07:15;121,12
18/06/25 07:30;121,12
18/06/25 07:45;121,12
18/06/25 08:00;114,68
18/06/25 08:15;114,68
18/06/25 08:30;114,68
18/06/25 08:45;114,68
18/06/25 09:00;80,4
18/06/25 09:15;80,4
18/06/25 09:30;80,4
18/06/25 09:45;80,4
18/06/25 10:00;61
18/06/25 10:15;61
18/06/25 10:30;61
18/06/25 10:45;61
18/06/25 11:00;46,01
18/06/25 11:15;46,01
18/06/25 11:30;46,01
18/06/25 11:45;46,01
18/06/25 12:00;41,55
18/06/25 12:15;41,55
18/06/25 12:30;41,55
18/06/25 12:45;41,55
18/06/25 13:00;41,11
18/06/25 13:15;41,11
18/06/25 13:30;41,11
18/06/25 13:45;41,11
18/06/25 14:00;40,01
18/06/25 14:15;40,01
18/06/25 14:30;40,01
18/06/25 14:45;40,01
18/06/25 15:00;51,77
18/06/25 15:15;51,77
18/06/25 15:30;51,77
18/06/25 15:45;51,77
18/06/25 16:00;82,9
18/06/25 16:15;82,9
18/06/25 16:30;82,9
18/06/25 16:45;82,9
18/06/25 17:00;114,67
18/06/25 17:15;114,67
18/06/25 17:30;114,67
18/06/25 17:45;114,67
18/06/25 18:00;123,17
18/06/25 18:15;123,17
18/06/25 18:30;123,17
18/06/25 18:45;123,17
18/06/25 19:00;139,03
18/06/25 19:15;139,03
18/06/25 19:30;139,03
18/06/25 19:45;139,03
18/06/25 20:00;194,56
18/06/25 20:15;194,56
18/06/25 20:30;194,56
18/06/25 20:45;194,56
18/06/25 21:00;166,75
18/06/25 21:15;166,75
18/06/25 21:30;166,75
18/06/25 21:45;166,75
18/06/25 22:00;135,01
18/06/25 22:15;135,01
18/06/25 22:30;135,01
18/06/25 22:45;135,01
18/06/25 23:00;139,01
18/06/25 23:15;139,01
18/06/25 23:30;139,01
18/06/25 23:45;139,01
19/06/25 00:00;131,68
19/06/25 00:15;131,68
19/06/25 00:30;131,68
19/06/25 00:45;131,68
19/06/25 01:00;128,61
19/06/25 01:15;128,61
19/06/25 01:30;128,61
19/06/25 01:45;128,61
19/06/25 02:00;128,31
19/06/25 02:15;128,31
19/06/25 02:30;128,31
19/06/25 02:45;128,31
19/06/25 03:00;128,12
19/06/25 03:15;128,12
19/06/25 03:30;128,12
19/06/25 03:45;128,12
19/06/25 04:00;128,96
19/06/25 04:15;128,96
19/06/25 04:30;128,96
19/06/25 04:45;128,96
19/06/25 05:00;135,01
19/06/25 05:15;135,01
19/06/25 05:30;135,01
19/06/25 05:45;135,01
19/06/25 06:00;139,01
19/06/25 06:15;139,01
19/06/25 06:30;139,01
19/06/25 06:45;139,01
19/06/25 07:00;128,37
19/06/25 07:15;128,37
19/06/25 07:30;128,37
19/06/25 07:45;128,37
19/06/25 08:00;124,19
19/06/25 08:15;124,19
19/06/25 08:30;124,19
19/06/25 08:45;124,19
19/06/25 09:00;114,26
19/06/25 09:15;114,26
19/06/25 09:30;114,26
19/06/25 09:45;114,26
19/06/25 10:00;80,27
19/06/25 10:15;80,27
19/06/25 10:30;80,27
19/06/25 10:45;80,27
19/06/25 11:00;75,75
19/06/25 11:15;75,75
19/06/25 11:30;75,75
19/06/25 11:45;75,75
19/06/25 12:00;70
19/06/25 12:15;70
19/06/25 12:30;70
19/06/25 12:45;70
19/06/25 13:00;67,86
19/06/25 13:15;67,86
19/06/25 13:30;67,86
19/06/25 13:45;67,86
19/06/25 14:00;65
19/06/25 14:15;65
19/06/25 14:30;65
19/06/25 14:45;65
19/06/25 15:00;76
19/06/25 15:15;76
19/06/25 15:30;76
19/06/25 15:45;76
19/06/25 16:00;95
19/06/25 16:15;95
19/06/25 16:30;95
19/06/25 16:45;95
19/06/25 17:00;118,18
19/06/25 17:15;118,18
19/06/25 17:30;118,18
19/06/25 17:45;118,18
19/06/25 18:00;123
19/06/25 18:15;123
19/06/25 18:30;123
19/06/25 18:45;123
19/06/25 19:00;133,22
19/06/25 19:15;133,22
19/06/25 19:30;133,22
19/06/25 19:45;133,22
19/06/25 20:00;167,55
19/06/25 20:15;167,55
19/06/25 20:30;167,55
19/06/25 20:45;167,55
19/06/25 21:00;164,6
19/06/25 21:15;164,6
19/06/25 21:30;164,6
19/06/25 21:45;164,6
19/06/25 22:00;133,02
19/06/25 22:15;133,02
19/06/25 22:30;133,02
19/06/25 22:45;133,02
19/06/25 23:00;130,78
19/06/25 23:15;130,78
19/06/25 23:30;130,78
19/06/25 23:45;130,78
20/06/25 00:00;127,9
20/06/25 00:15;127,9
20/06/25 00:30;127,9
20/06/25 00:45;127,9
20/06/25 01:00;125,25
20/06/25 01:15;125,25
20/06/25 01:30;125,25
20/06/25 01:45;125,25
20/06/25 02:00;125,25
20/06/25 02:15;125,25
20/06/25 02:30;125,25
20/06/25 02:45;125,25
20/06/25 03:00;124,94
20/06/25 03:15;124,94
20/06/25 03:30;124,94
20/06/25 03:45;124,94
20/06/25 04:00;124,33
20/06/25 04:15;124,33
20/06/25 04:30;124,33
20/06/25 04:45;124,33
20/06/25 05:00;127,97
20/06/25 05:15;127,97
20/06/25 05:30;127,97
20/06/25 05:45;127,97
20/06/25 06:00;128,08
20/06/25 06:15;128,08
20/06/25 06:30;128,08
20/06/25 06:45;128,08
20/06/25 07:00;122,57
20/06/25 07:15;122,57
20/06/25 07:30;122,57
20/06/25 07:45;122,57
20/06/25 08:00;113,94
20/06/25 08:15;113,94
20/06/25 08:30;113,94
20/06/25 08:45;113,94
20/06/25 09:00;86,9
20/06/25 09:15;86,9
20/06/25 09:30;86,9
20/06/25 09:45;86,9
20/06/25 10:00;84,35
20/06/25 10:15;84,35
20/06/25 10:30;84,35
20/06/25 10:45;84,35
20/06/25 11:00;77
20/06/25 11:15;77
20/06/25 11:30;77
20/06/25 11:45;77
20/06/25 12:00;72
20/06/25 12:15;72
20/06/25 12:30;72
20/06/25 12:45;72
20/06/25 13:00;71
20/06/25 13:15;71
20/06/25 13:30;71
20/06/25 13:45;71
20/06/25 14:00;70
20/06/25 14:15;70
20/06/25 14:30;70
20/06/25 14:45;70
20/06/25 15:00;81,5
20/06/25 15:15;81,5
20/06/25 15:30;81,5
20/06/25 15:45;81,5
20/06/25 16:00;88
20/06/25 16:15;88
20/06/25 16:30;88
20/06/25 16:45;88
20/06/25 17:00;111,79
20/06/25 17:15;111,79
20/06/25 17:30;111,79
20/06/25 17:45;111,79
20/06/25 18:00;128,74
20/06/25 18:15;128,74
20/06/25 18:30;128,74
20/06/25 18:45;128,74
20/06/25 19:00;140
20/06/25 19:15;140
20/06/25 19:30;140
20/06/25 19:45;140
20/06/25 20:00;163,49
20/06/25 20:15;163,49
20/06/25 20:30;163,49
20/06/25 20:45;163,49
20/06/25 21:00;159,99
20/06/25 21:15;159,99
20/06/25 21:30;159,99
20/06/25 21:45;159,99
20/06/25 22:00;132,21
20/06/25 22:15;132,21
20/06/25 22:30;132,21
20/06/25 22:45;132,21
20/06/25 23:00;128,89
20/06/25 23:15;128,89
20/06/25 23:30;128,89
20/06/25 23:45;128,89
21/06/25 00:00;126,93
21/06/25 00:15;126,93
21/06/25 00:30;126,93
21/06/25 00:45;126,93
21/06/25 01:00;125,87
21/06/25 01:15;125,87
21/06/25 01:30;125,87
21/06/25 01:45;125,87
21/06/25 02:00;122,86
21/06/25 02:15;122,86
21/06/25 02:30;122,86
21/06/25 02:45;122,86
21/06/25 03:00;122,42
21/06/25 03:15;122,42
21/06/25 03:30;122,42
21/06/25 03:45;122,42
21/06/25 04:00;121,44
21/06/25 04:15;121,44
21/06/25 04:30;121,44
21/06/25 04:45;121,44
21/06/25 05:00;122,86
21/06/25 05:15;122,86
21/06/25 05:30;122,86
21/06/25 05:45;122,86
21/06/25 06:00;115,56
21/06/25 06:15;115,56
21/06/25 06:30;115,56
21/06/25 06:45;115,56
21/06/25 07:00;103,6
21/06/25 07:15;103,6
21/06/25 07:30;103,6
21/06/25 07:45;103,6
21/06/25 08:00;40
21/06/25 08:15;40
21/06/25 08:30;40
21/06/25 08:45;40
21/06/25 09:00;2,5
21/06/25 09:15;2,5
21/06/25 09:30;2,5
21/06/25 09:45;2,5
21/06/25 10:00;1,2
21/06/25 10:15;1,2
21/06/25 10:30;1,2
21/06/25 10:45;1,2
21/06/25 11:00;0
21/06/25 11:15;0
21/06/25 11:30;0
21/06/25 11:45;0
21/06/25 12:00;0
21/06/25 12:15;0
21/06/25 12:30;0
21/06/25 12:45;0
21/06/25 13:00;0
21/06/25 13:15;0
21/06/25 13:30;0
21/06/25 13:45;0
21/06/25 14:00;0
21/06/25 14:15;0
21/06/25 14:30;0
21/06/25 14:45;0
21/06/25 15:00;0,1
21/06/25 15:15;0,1
21/06/25 15:30;0,1
21/06/25 15:45;0,1
21/06/25 16:00;4,31
21/06/25 16:15;4,31
21/06/25 16:30;4,31
21/06/25 16:45;4,31
21/06/25 17:00;74,27
21/06/25 17:15;74,27
21/06/25 17:30;74,27
21/06/25 17:45;74,27
21/06/25 18:00;109,99
21/06/25 18:15;109,99
21/06/25 18:30;109,99
21/06/25 18:45;109,99
21/06/25 19:00;126,34
21/06/25 19:15;126,34
21/06/25 19:30;126,34
21/06/25 19:45;126,34
21/06/25 20:00;134,93
21/06/25 20:15;134,93
21/06/25 20:30;134,93
21/06/25 20:45;134,93
21/06/25 21:00;138,81
21/06/25 21:15;138,81
21/06/25 21:30;138,81
21/06/25 21:45;138,81
21/06/25 22:00;126,07
21/06/25 22:15;126,07
21/06/25 22:30;126,07
21/06/25 22:45;126,07
21/06/25 23:00;124,24
21/06/25 23:15;124,24
21/06/25 23:30;124,24
21/06/25 23:45;124,24
22/06/25 00:00;121,96
22/06/25 00:15;121,96
22/06/25 00:30;121,96
22/06/25 00:45;121,96
22/06/25 01:00;122,94
22/06/25 01:15;122,94
22/06/25 01:30;122,94
22/06/25 01:45;122,94
22/06/25 02:00;123,92
22/06/25 02:15;123,92
22/06/25 02:30;123,92
22/06/25 02:45;123,92
22/06/25 03:00;122,94
22/06/25 03:15;122,94
22/06/25 03:30;122,94
22/06/25 03:45;122,94
22/06/25 04:00;123,58
22/06/25 04:15;123,58
22/06/25 04:30;123,58
22/06/25 04:45;123,58
22/06/25 05:00;122,94
22/06/25 05:15;122,94
22/06/25 05:30;122,94
22/06/25 05:45;122,94
22/06/25 06:00;119
22/06/25 06:15;119
22/06/25 06:30;119
22/06/25 06:45;119
22/06/25 07:00;60
22/06/25 07:15;60
22/06/25 07:30;60
22/06/25 07:45;60
22/06/25 08:00;0,65
22/06/25 08:15;0,65
22/06/25 08:30;0,65
22/06/25 08:45;0,65
22/06/25 09:00;-0,05
22/06/25 09:15;-0,05
22/06/25 09:30;-0,05
22/06/25 09:45;-0,05
22/06/25 10:00;-0,05
22/06/25 10:15;-0,05
22/06/25 10:30;-0,05
22/06/25 10:45;-0,05
22/06/25 11:00;-0,1
22/06/25 11:15;-0,1
22/06/25 11:30;-0,1
22/06/25 11:45;-0,1
22/06/25 12:00;-1,01
22/06/25 12:15;-1,01
22/06/25 12:30;-1,01
22/06/25 12:45;-1,01
22/06/25 13:00;-0,62
22/06/25 13:15;-0,62
22/06/25 13:30;-0,62
22/06/25 13:45;-0,62
22/06/25 14:00;-1,21
22/06/25 14:15;-1,21
22/06/25 14:30;-1,21
22/06/25 14:45;-1,21
22/06/25 15:00;-1,1
22/06/25 15:15;-1,1
22/06/25 15:30;-1,1
22/06/25 15:45;-1,1
22/06/25 16:00;0
22/06/25 16:15;0
22/06/25 16:30;0
22/06/25 16:45;0
22/06/25 17:00;5
22/06/25 17:15;5
22/06/25 17:30;5
22/06/25 17:45;5
22/06/25 18:00;71,14
22/06/25 18:15;71,14
22/06/25 18:30;71,14
22/06/25 18:45;71,14
22/06/25 19:00;114,12
22/06/25 19:15;114,12
22/06/25 19:30;114,12
22/06/25 19:45;114,12
22/06/25 20:00;128,76
22/06/25 20:15;128,76
22/06/25 20:30;128,76
22/06/25 20:45;128,76
22/06/25 21:00;130,78
22/06/25 21:15;130,78
22/06/25 21:30;130,78
22/06/25 21:45;130,78
22/06/25 22:00;128,76
22/06/25 22:15;128,76
22/06/25 22:30;128,76
22/06/25 22:45;128,76
22/06/25 23:00;127,73
22/06/25 23:15;127,73
22/06/25 23:30;127,73
22/06/25 23:45;127,73
23/06/25 00:00;123,58
23/06/25 00:15;123,58
23/06/25 00:30;123,58
23/06/25 00:45;123,58
23/06/25 01:00;117,78
23/06/25 01:15;117,78
23/06/25 01:30;117,78
23/06/25 01:45;117,78
23/06/25 02:00;115,2
23/06/25 02:15;115,2
23/06/25 02:30;115,2
23/06/25 02:45;115,2
23/06/25 03:00;114,72
23/06/25 03:15;114,72
23/06/25 03:30;114,72
23/06/25 03:45;114,72
23/06/25 04:00;114,96
23/06/25 04:15;114,96
23/06/25 04:30;114,96
23/06/25 04:45;114,96
23/06/25 05:00;121,85
23/06/25 05:15;121,85
23/06/25 05:30;121,85
23/06/25 05:45;121,85
23/06/25 06:00;127
23/06/25 06:15;127
23/06/25 06:30;127
23/06/25 06:45;127
23/06/25 07:00;117,05
23/06/25 07:15;117,05
23/06/25 07:30;117,05
23/06/25 07:45;117,05
23/06/25 08:00;98,86
23/06/25 08:15;98,86
23/06/25 08:30;98,86
23/06/25 08:45;98,86
23/06/25 09:00;91,75
23/06/25 09:15;91,75
23/06/25 09:30;91,75
23/06/25 09:45;91,75
23/06/25 10:00;75,48
23/06/25 10:15;75,48
23/06/25 10:30;75,48
23/06/25 10:45;75,48
23/06/25 11:00;71,27
23/06/25 11:15;71,27
23/06/25 11:30;71,27
23/06/25 11:45;71,27
23/06/25 12:00;70,75
23/06/25 12:15;70,75
23/06/25 12:30;70,75
23/06/25 12:45;70,75
23/06/25 13:00;57,42
23/06/25 13:15;57,42
23/06/25 13:30;57,42
23/06/25 13:45;57,42
23/06/25 14:00;70,75
23/06/25 14:15;70,75
23/06/25 14:30;70,75
23/06/25 14:45;70,75
23/06/25 15:00;71,4
23/06/25 15:15;71,4
23/06/25 15:30;71,4
23/06/25 15:45;71,4
23/06/25 16:00;90
23/06/25 16:15;90
23/06/25 16:30;90
23/06/25 16:45;90
23/06/25 17:00;108
23/06/25 17:15;108
23/06/25 17:30;108
23/06/25 17:45;108
23/06/25 18:00;124,72
23/06/25 18:15;124,72
23/06/25 18:30;124,72
23/06/25 18:45;124,72
23/06/25 19:00;136,43
23/06/25 19:15;136,43
23/06/25 19:30;136,43
23/06/25 19:45;136,43
23/06/25 20:00;195,77
23/06/25 20:15;195,77
23/06/25 20:30;195,77
23/06/25 20:45;195,77
23/06/25 21:00;175,14
23/06/25 21:15;175,14
23/06/25 21:30;175,14
23/06/25 21:45;175,14
23/06/25 22:00;135,82
23/06/25 22:15;135,82
23/06/25 22:30;135,82
23/06/25 22:45;135,82
23/06/25 23:00;129,82
23/06/25 23:15;129,82
23/06/25 23:30;129,82
23/06/25 23:45;129,82
24/06/25 00:00;126,84
24/06/25 00:15;126,84
24/06/25 00:30;126,84
24/06/25 00:45;126,84
24/06/25 01:00;123,94
24/06/25 01:15;123,94
24/06/25 01:30;123,94
24/06/25 01:45;123,94
24/06/25 02:00;124,92
24/06/25 02:15;124,92
24/06/25 02:30;124,92
24/06/25 02:45;124,92
24/06/25 03:00;124,92
24/06/25 03:15;124,92
24/06/25 03:30;124,92
24/06/25 03:45;124,92
24/06/25 04:00;125,21
24/06/25 04:15;125,21
24/06/25 04:30;125,21
24/06/25 04:45;125,21
24/06/25 05:00;126,1
24/06/25 05:15;126,1
24/06/25 05:30;126,1
24/06/25 05:45;126,1
24/06/25 06:00;126,73
24/06/25 06:15;126,73
24/06/25 06:30;126,73
24/06/25 06:45;126,73
24/06/25 07:00;126,9
24/06/25 07:15;126,9
24/06/25 07:30;126,9
24/06/25 07:45;126,9
24/06/25 08:00;119,04
24/06/25 08:15;119,04
24/06/25 08:30;119,04
24/06/25 08:45;119,04
24/06/25 09:00;100,47
24/06/25 09:15;100,47
24/06/25 09:30;100,47
24/06/25 09:45;100,47
24/06/25 10:00;77,69
24/06/25 10:15;77,69
24/06/25 10:30;77,69
24/06/25 10:45;77,69
24/06/25 11:00;76,75
24/06/25 11:15;76,75
24/06/25 11:30;76,75
24/06/25 11:45;76,75
24/06/25 12:00;37,28
24/06/25 12:15;37,28
24/06/25 12:30;37,28
24/06/25 12:45;37,28
24/06/25 13:00;16,23
24/06/25 13:15;16,23
24/06/25 13:30;16,23
24/06/25 13:45;16,23
24/06/25 14:00;7,5
24/06/25 14:15;7,5
24/06/25 14:30;7,5
24/06/25 14:45;7,5
24/06/25 15:00;7,5
24/06/25 15:15;7,5
24/06/25 15:30;7,5
24/06/25 15:45;7,5
24/06/25 16:00;20,06
24/06/25 16:15;20,06
24/06/25 16:30;20,06
24/06/25 16:45;20,06
24/06/25 17:00;71,95
24/06/25 17:15;71,95
24/06/25 17:30;71,95
24/06/25 17:45;71,95
24/06/25 18:00;104,61
24/06/25 18:15;104,61
24/06/25 18:30;104,61
24/06/25 18:45;104,61
24/06/25 19:00;125,4
24/06/25 19:15;125,4
24/06/25 19:30;125,4
24/06/25 19:45;125,4
24/06/25 20:00;146,03
24/06/25 20:15;146,03
24/06/25 20:30;146,03
24/06/25 20:45;146,03
24/06/25 21:00;154,52
24/06/25 21:15;154,52
24/06/25 21:30;154,52
24/06/25 21:45;154,52
24/06/25 22:00;131,81
24/06/25 22:15;131,81
24/06/25 22:30;131,81
24/06/25 22:45;131,81
24/06/25 23:00;129,8
24/06/25 23:15;129,8
24/06/25 23:30;129,8
24/06/25 23:45;129,8
25/06/25 00:00;118,37
25/06/25 00:15;118,37
25/06/25 00:30;118,37
25/06/25 00:45;118,37
25/06/25 01:00;116,76
25/06/25 01:15;116,76
25/06/25 01:30;116,76
25/06/25 01:45;116,76
25/06/25 02:00;116,46
25/06/25 02:15;116,46
25/06/25 02:30;116,46
25/06/25 02:45;116,46
25/06/25 03:00;116,46
25/06/25 03:15;116,46
25/06/25 03:30;116,46
25/06/25 03:45;116,46
25/06/25 04:00;117,14
25/06/25 04:15;117,14
25/06/25 04:30;117,14
25/06/25 04:45;117,14
25/06/25 05:00;119,44
25/06/25 05:15;119,44
25/06/25 05:30;119,44
25/06/25 05:45;119,44
25/06/25 06:00;125,21
25/06/25 06:15;125,21
25/06/25 06:30;125,21
25/06/25 06:45;125,21
25/06/25 07:00;114,8
25/06/25 07:15;114,8
25/06/25 07:30;114,8
25/06/25 07:45;114,8
25/06/25 08:00;85,23
25/06/25 08:15;85,23
25/06/25 08:30;85,23
25/06/25 08:45;85,23
25/06/25 09:00;42,63
25/06/25 09:15;42,63
25/06/25 09:30;42,63
25/06/25 09:45;42,63
25/06/25 10:00;27,98
25/06/25 10:15;27,98
25/06/25 10:30;27,98
25/06/25 10:45;27,98
25/06/25 11:00;15
25/06/25 11:15;15
25/06/25 11:30;15
25/06/25 11:45;15
25/06/25 12:00;5,79
25/06/25 12:15;5,79
25/06/25 12:30;5,79
25/06/25 12:45;5,79
25/06/25 13:00;3,52
25/06/25 13:15;3,52
25/06/25 13:30;3,52
25/06/25 13:45;3,52
25/06/25 14:00;2,44
25/06/25 14:15;2,44
25/06/25 14:30;2,44
25/06/25 14:45;2,44
25/06/25 15:00;3,52
25/06/25 15:15;3,52
25/06/25 15:30;3,52
25/06/25 15:45;3,52
25/06/25 16:00;4,9
25/06/25 16:15;4,9
25/06/25 16:30;4,9
25/06/25 16:45;4,9
25/06/25 17:00;35
25/06/25 17:15;35
25/06/25 17:30;35
25/06/25 17:45;35
25/06/25 18:00;96
25/06/25 18:15;96
25/06/25 18:30;96
25/06/25 18:45;96
25/06/25 19:00;119,26
25/06/25 19:15;119,26
25/06/25 19:30;119,26
25/06/25 19:45;119,26
25/06/25 20:00;150
25/06/25 20:15;150
25/06/25 20:30;150
25/06/25 20:45;150
25/06/25 21:00;154,52
25/06/25 21:15;154,52
25/06/25 21:30;154,52
25/06/25 21:45;154,52
25/06/25 22:00;125,21
25/06/25 22:15;125,21
25/06/25 22:30;125,21
25/06/25 22:45;125,21
25/06/25 23:00;119,95
25/06/25 23:15;119,95
25/06/25 23:30;119,95
25/06/25 23:45;119,95
26/06/25 00:00;116,43
26/06/25 00:15;116,43
26/06/25 00:30;116,43
26/06/25 00:45;116,43
26/06/25 01:00;112
26/06/25 01:15;112
26/06/25 01:30;112
26/06/25 01:45;112
26/06/25 02:00;110
26/06/25 02:15;110
26/06/25 02:30;110
26/06/25 02:45;110
26/06/25 03:00;109,57
26/06/25 03:15;109,57
26/06/25 03:30;109,57
26/06/25 03:45;109,57
26/06/25 04:00;110,55
26/06/25 04:15;110,55
26/06/25 04:30;110,55
26/06/25 04:45;110,55
26/06/25 05:00;116,43
26/06/25 05:15;116,43
26/06/25 05:30;116,43
26/06/25 05:45;116,43
26/06/25 06:00;117,05
26/06/25 06:15;117,05
26/06/25 06:30;117,05
26/06/25 06:45;117,05
26/06/25 07:00;111,53
26/06/25 07:15;111,53
26/06/25 07:30;111,53
26/06/25 07:45;111,53
26/06/25 08:00;85
26/06/25 08:15;85
26/06/25 08:30;85
26/06/25 08:45;85
26/06/25 09:00;50,24
26/06/25 09:15;50,24
26/06/25 09:30;50,24
26/06/25 09:45;50,24
26/06/25 10:00;63
26/06/25 10:15;63
26/06/25 10:30;63
26/06/25 10:45;63
26/06/25 11:00;62,59
26/06/25 11:15;62,59
26/06/25 11:30;62,59
26/06/25 11:45;62,59
26/06/25 12:00;45,64
26/06/25 12:15;45,64
26/06/25 12:30;45,64
26/06/25 12:45;45,64
26/06/25 13:00;37,39
26/06/25 13:15;37,39
26/06/25 13:30;37,39
26/06/25 13:45;37,39
26/06/25 14:00;36,2
26/06/25 14:15;36,2
26/06/25 14:30;36,2
26/06/25 14:45;36,2
26/06/25 15:00;37,39
26/06/25 15:15;37,39
26/06/25 15:30;37,39
26/06/25 15:45;37,39
26/06/25 16:00;59,13
26/06/25 16:15;59,13
26/06/25 16:30;59,13
26/06/25 16:45;59,13
26/06/25 17:00;80,09
26/06/25 17:15;80,09
26/06/25 17:30;80,09
26/06/25 17:45;80,09
26/06/25 18:00;97,81
26/06/25 18:15;97,81
26/06/25 18:30;97,81
26/06/25 18:45;97,81
26/06/25 19:00;118,33
26/06/25 19:15;118,33
26/06/25 19:30;118,33
26/06/25 19:45;118,33
26/06/25 20:00;159,62
26/06/25 20:15;159,62
26/06/25 20:30;159,62
26/06/25 20:45;159,62
26/06/25 21:00;157
26/06/25 21:15;157
26/06/25 21:30;157
26/06/25 21:45;157
26/06/25 22:00;119,77
26/06/25 22:15;119,77
26/06/25 22:30;119,77
26/06/25 22:45;119,77
26/06/25 23:00;115,98
26/06/25 23:15;115,98
26/06/25 23:30;115,98
26/06/25 23:45;115,98
27/06/25 00:00;111,91
27/06/25 00:15;111,91
27/06/25 00:30;111,91
27/06/25 00:45;111,91
27/06/25 01:00;111,38
27/06/25 01:15;111,38
27/06/25 01:30;111,38
27/06/25 01:45;111,38
27/06/25 02:00;111,57
27/06/25 02:15;111,57
27/06/25 02:30;111,57
27/06/25 02:45;111,57
27/06/25 03:00;111,01
27/06/25 03:15;111,01
27/06/25 03:30;111,01
27/06/25 03:45;111,01
27/06/25 04:00;111,91
27/06/25 04:15;111,91
27/06/25 04:30;111,91
27/06/25 04:45;111,91
27/06/25 05:00;113,21
27/06/25 05:15;113,21
27/06/25 05:30;113,21
27/06/25 05:45;113,21
27/06/25 06:00;115,11
27/06/25 06:15;115,11
27/06/25 06:30;115,11
27/06/25 06:45;115,11
27/06/25 07:00;111,25
27/06/25 07:15;111,25
27/06/25 07:30;111,25
27/06/25 07:45;111,25
27/06/25 08:00;92,91
27/06/25 08:15;92,91
27/06/25 08:30;92,91
27/06/25 08:45;92,91
27/06/25 09:00;78,73
27/06/25 09:15;78,73
27/06/25 09:30;78,73
27/06/25 09:45;78,73
27/06/25 10:00;67,45
27/06/25 10:15;67,45
27/06/25 10:30;67,45
27/06/25 10:45;67,45
27/06/25 11:00;54,6
27/06/25 11:15;54,6
27/06/25 11:30;54,6
27/06/25 11:45;54,6
27/06/25 12:00;36,95
27/06/25 12:15;36,95
27/06/25 12:30;36,95
27/06/25 12:45;36,95
27/06/25 13:00;36,95
27/06/25 13:15;36,95
27/06/25 13:30;36,95
27/06/25 13:45;36,95
27/06/25 14:00;35
27/06/25 14:15;35
27/06/25 14:30;35
27/06/25 14:45;35
27/06/25 15:00;37,2
27/06/25 15:15;37,2
27/06/25 15:30;37,2
27/06/25 15:45;37,2
27/06/25 16:00;71,87
27/06/25 16:15;71,87
27/06/25 16:30;71,87
27/06/25 16:45;71,87
27/06/25 17:00;88,27
27/06/25 17:15;88,27
27/06/25 17:30;88,27
27/06/25 17:45;88,27
27/06/25 18:00;109,29
27/06/25 18:15;109,29
27/06/25 18:30;109,29
27/06/25 18:45;109,29
27/06/25 19:00;116,83
27/06/25 19:15;116,83
27/06/25 19:30;116,83
27/06/25 19:45;116,83
27/06/25 20:00;141,05
27/06/25 20:15;141,05
27/06/25 20:30;141,05
27/06/25 20:45;141,05
27/06/25 21:00;138,56
27/06/25 21:15;138,56
27/06/25 21:30;138,56
27/06/25 21:45;138,56
27/06/25 22:00;115,31
27/06/25 22:15;115,31
27/06/25 22:30;115,31
27/06/25 22:45;115,31
27/06/25 23:00;112,96
27/06/25 23:15;112,96
27/06/25 23:30;112,96
27/06/25 23:45;112,96
28/06/25 00:00;112,92
28/06/25 00:15;112,92
28/06/25 00:30;112,92
28/06/25 00:45;112,92
28/06/25 01:00;108,5
28/06/25 01:15;108,5
28/06/25 01:30;108,5
28/06/25 01:45;108,5
28/06/25 02:00;108,25
28/06/25 02:15;108,25
28/06/25 02:30;108,25
28/06/25 02:45;108,25
28/06/25 03:00;107,04
28/06/25 03:15;107,04
28/06/25 03:30;107,04
28/06/25 03:45;107,04
28/06/25 04:00;108
28/06/25 04:15;108
28/06/25 04:30;108
28/06/25 04:45;108
28/06/25 05:00;108
28/06/25 05:15;108
28/06/25 05:30;108
28/06/25 05:45;108
28/06/25 06:00;108
28/06/25 06:15;108
28/06/25 06:30;108
28/06/25 06:45;108
28/06/25 07:00;91
28/06/25 07:15;91
28/06/25 07:30;91
28/06/25 07:45;91
28/06/25 08:00;22,22
28/06/25 08:15;22,22
28/06/25 08:30;22,22
28/06/25 08:45;22,22
28/06/25 09:00;6
28/06/25 09:15;6
28/06/25 09:30;6
28/06/25 09:45;6
28/06/25 10:00;4,31
28/06/25 10:15;4,31
28/06/25 10:30;4,31
28/06/25 10:45;4,31
28/06/25 11:00;4,31
28/06/25 11:15;4,31
28/06/25 11:30;4,31
28/06/25 11:45;4,31
28/06/25 12:00;2,2
28/06/25 12:15;2,2
28/06/25 12:30;2,2
28/06/25 12:45;2,2
28/06/25 13:00;2
28/06/25 13:15;2
28/06/25 13:30;2
28/06/25 13:45;2
28/06/25 14:00;1,88
28/06/25 14:15;1,88
28/06/25 14:30;1,88
28/06/25 14:45;1,88
28/06/25 15:00;2,12
28/06/25 15:15;2,12
28/06/25 15:30;2,12
28/06/25 15:45;2,12
28/06/25 16:00;10,26
28/06/25 16:15;10,26
28/06/25 16:30;10,26
28/06/25 16:45;10,26
28/06/25 17:00;46
28/06/25 17:15;46
28/06/25 17:30;46
28/06/25 17:45;46
28/06/25 18:00;96,26
28/06/25 18:15;96,26
28/06/25 18:30;96,26
28/06/25 18:45;96,26
28/06/25 19:00;111,38
28/06/25 19:15;111,38
28/06/25 19:30;111,38
28/06/25 19:45;111,38
28/06/25 20:00;131,33
28/06/25 20:15;131,33
28/06/25 20:30;131,33
28/06/25 20:45;131,33
28/06/25 21:00;132,65
28/06/25 21:15;132,65
28/06/25 21:30;132,65
28/06/25 21:45;132,65
28/06/25 22:00;115
28/06/25 22:15;115
28/06/25 22:30;115
28/06/25 22:45;115
28/06/25 23:00;111,38
28/06/25 23:15;111,38
28/06/25 23:30;111,38
28/06/25 23:45;111,38
29/06/25 00:00;108,02
29/06/25 00:15;108,02
29/06/25 00:30;108,02
29/06/25 00:45;108,02
29/06/25 01:00;107
29/06/25 01:15;107
29/06/25 01:30;107
29/06/25 01:45;107
29/06/25 02:00;106,06
29/06/25 02:15;106,06
29/06/25 02:30;106,06
29/06/25 02:45;106,06
29/06/25 03:00;107
29/06/25 03:15;107
29/06/25 03:30;107
29/06/25 03:45;107
29/06/25 04:00;108,02
29/06/25 04:15;108,02
29/06/25 04:30;108,02
29/06/25 04:45;108,02
29/06/25 05:00;109,98
29/06/25 05:15;109,98
29/06/25 05:30;109,98
29/06/25 05:45;109,98
29/06/25 06:00;107,04
29/06/25 06:15;107,04
29/06/25 06:30;107,04
29/06/25 06:45;107,04
29/06/25 07:00;81
29/06/25 07:15;81
29/06/25 07:30;81
29/06/25 07:45;81
29/06/25 08:00;20
29/06/25 08:15;20
29/06/25 08:30;20
29/06/25 08:45;20
29/06/25 09:00;3,5
29/06/25 09:15;3,5
29/06/25 09:30;3,5
29/06/25 09:45;3,5
29/06/25 10:00;0,85
29/06/25 10:15;0,85
29/06/25 10:30;0,85
29/06/25 10:45;0,85
29/06/25 11:00;0,85
29/06/25 11:15;0,85
29/06/25 11:30;0,85
29/06/25 11:45;0,85
29/06/25 12:00;3,5
29/06/25 12:15;3,5
29/06/25 12:30;3,5
29/06/25 12:45;3,5
29/06/25 13:00;4,31
29/06/25 13:15;4,31
29/06/25 13:30;4,31
29/06/25 13:45;4,31
29/06/25 14:00;4,31
29/06/25 14:15;4,31
29/06/25 14:30;4,31
29/06/25 14:45;4,31
29/06/25 15:00;5
29/06/25 15:15;5
29/06/25 15:30;5
29/06/25 15:45;5
29/06/25 16:00;20
29/06/25 16:15;20
29/06/25 16:30;20
29/06/25 16:45;20
29/06/25 17:00;66,27
29/06/25 17:15;66,27
29/06/25 17:30;66,27
29/06/25 17:45;66,27
29/06/25 18:00;102,14
29/06/25 18:15;102,14
29/06/25 18:30;102,14
29/06/25 18:45;102,14
29/06/25 19:00;111,98
29/06/25 19:15;111,98
29/06/25 19:30;111,98
29/06/25 19:45;111,98
29/06/25 20:00;129,45
29/06/25 20:15;129,45
29/06/25 20:30;129,45
29/06/25 20:45;129,45
29/06/25 21:00;154,52
29/06/25 21:15;154,52
29/06/25 21:30;154,52
29/06/25 21:45;154,52
29/06/25 22:00;133,61
29/06/25 22:15;133,61
29/06/25 22:30;133,61
29/06/25 22:45;133,61
29/06/25 23:00;125,5
29/06/25 23:15;125,5
29/06/25 23:30;125,5
29/06/25 23:45;125,5
30/06/25 00:00;116,18
30/06/25 00:15;116,18
30/06/25 00:30;116,18
30/06/25 00:45;116,18
30/06/25 01:00;113,18
30/06/25 01:15;113,18
30/06/25 01:30;113,18
30/06/25 01:45;113,18
30/06/25 02:00;111,74
30/06/25 02:15;111,74
30/06/25 02:30;111,74
30/06/25 02:45;111,74
30/06/25 03:00;114,89
30/06/25 03:15;114,89
30/06/25 03:30;114,89
30/06/25 03:45;114,89
30/06/25 04:00;115
30/06/25 04:15;115
30/06/25 04:30;115
30/06/25 04:45;115
30/06/25 05:00;115
30/06/25 05:15;115
30/06/25 05:30;115
30/06/25 05:45;115
30/06/25 06:00;121
30/06/25 06:15;121
30/06/25 06:30;121
30/06/25 06:45;121
30/06/25 07:00;115
30/06/25 07:15;115
30/06/25 07:30;115
30/06/25 07:45;115
30/06/25 08:00;109,63
30/06/25 08:15;109,63
30/06/25 08:30;109,63
30/06/25 08:45;109,63
30/06/25 09:00;85
30/06/25 09:15;85
30/06/25 09:30;85
30/06/25 09:45;85
30/06/25 10:00;78,27
30/06/25 10:15;78,27
30/06/25 10:30;78,27
30/06/25 10:45;78,27
30/06/25 11:00;77,75
30/06/25 11:15;77,75
30/06/25 11:30;77,75
30/06/25 11:45;77,75
30/06/25 12:00;78,01
30/06/25 12:15;78,01
30/06/25 12:30;78,01
30/06/25 12:45;78,01
30/06/25 13:00;78,4
30/06/25 13:15;78,4
30/06/25 13:30;78,4
30/06/25 13:45;78,4
30/06/25 14:00;88,18
30/06/25 14:15;88,18
30/06/25 14:30;88,18
30/06/25 14:45;88,18
30/06/25 15:00;99,32
30/06/25 15:15;99,32
30/06/25 15:30;99,32
30/06/25 15:45;99,32
30/06/25 16:00;104,1
30/06/25 16:15;104,1
30/06/25 16:30;104,1
30/06/25 16:45;104,1
30/06/25 17:00;110,1
30/06/25 17:15;110,1
30/06/25 17:30;110,1
30/06/25 17:45;110,1
30/06/25 18:00;111,38
30/06/25 18:15;111,38
30/06/25 18:30;111,38
30/06/25 18:45;111,38
30/06/25 19:00;135
30/06/25 19:15;135
30/06/25 19:30;135
30/06/25 19:45;135
30/06/25 20:00;175,01
30/06/25 20:15;175,01
30/06/25 20:30;175,01
30/06/25 20:45;175,01
30/06/25 21:00;157
30/06/25 21:15;157
30/06/25 21:30;157
30/06/25 21:45;157
30/06/25 22:00;127,86
30/06/25 22:15;127,86
30/06/25 22:30;127,86
30/06/25 22:45;127,86
30/06/25 23:00;129,98
30/06/25 23:15;129,98
30/06/25 23:30;129,98
30/06/25 23:45;129,98
01/07/25 00:00;118,32
01/07/25 00:15;118,32
01/07/25 00:30;118,32
01/07/25 00:45;118,32
01/07/25 01:00;116,7
01/07/25 01:15;116,7
01/07/25 01:30;116,7
01/07/25 01:45;116,7
01/07/25 02:00;115,98
01/07/25 02:15;115,98
01/07/25 02:30;115,98
01/07/25 02:45;115,98
01/07/25 03:00;114,8
01/07/25 03:15;114,8
01/07/25 03:30;114,8
01/07/25 03:45;114,8
01/07/25 04:00;115,98
01/07/25 04:15;115,98
01/07/25 04:30;115,98
01/07/25 04:45;115,98
01/07/25 05:00;116,22
01/07/25 05:15;116,22
01/07/25 05:30;116,22
01/07/25 05:45;116,22
01/07/25 06:00;121,4
01/07/25 06:15;121,4
01/07/25 06:30;121,4
01/07/25 06:45;121,4
01/07/25 07:00;114,74
01/07/25 07:15;114,74
01/07/25 07:30;114,74
01/07/25 07:45;114,74
01/07/25 08:00;105
01/07/25 08:15;105
01/07/25 08:30;105
01/07/25 08:45;105
01/07/25 09:00;96,91
01/07/25 09:15;96,91
01/07/25 09:30;96,91
01/07/25 09:45;96,91
01/07/25 10:00;80,7
01/07/25 10:15;80,7
01/07/25 10:30;80,7
01/07/25 10:45;80,7
01/07/25 11:00;80
01/07/25 11:15;80
01/07/25 11:30;80
01/07/25 11:45;80
01/07/25 12:00;80
01/07/25 12:15;80
01/07/25 12:30;80
01/07/25 12:45;80
01/07/25 13:00;80,19
01/07/25 13:15;80,19
01/07/25 13:30;80,19
01/07/25 13:45;80,19
01/07/25 14:00;80,4
01/07/25 14:15;80,4
01/07/25 14:30;80,4
01/07/25 14:45;80,4
01/07/25 15:00;92
01/07/25 15:15;92
01/07/25 15:30;92
01/07/25 15:45;92
01/07/25 16:00;102,65
01/07/25 16:15;102,65
01/07/25 16:30;102,65
01/07/25 16:45;102,65
01/07/25 17:00;109,91
01/07/25 17:15;109,91
01/07/25 17:30;109,91
01/07/25 17:45;109,91
01/07/25 18:00;115,5
01/07/25 18:15;115,5
01/07/25 18:30;115,5
01/07/25 18:45;115,5
01/07/25 19:00;125
01/07/25 19:15;125
01/07/25 19:30;125
01/07/25 19:45;125
01/07/25 20:00;167
01/07/25 20:15;167
01/07/25 20:30;167
01/07/25 20:45;167
01/07/25 21:00;159,66
01/07/25 21:15;159,66
01/07/25 21:30;159,66
01/07/25 21:45;159,66
01/07/25 22:00;129,78
01/07/25 22:15;129,78
01/07/25 22:30;129,78
01/07/25 22:45;129,78
01/07/25 23:00;130,14
01/07/25 23:15;130,14
01/07/25 23:30;130,14
01/07/25 23:45;130,14
02/07/25 00:00;120
02/07/25 00:15;120
02/07/25 00:30;120
02/07/25 00:45;120
02/07/25 01:00;112,13
02/07/25 01:15;112,13
02/07/25 01:30;112,13
02/07/25 01:45;112,13
02/07/25 02:00;111,63
02/07/25 02:15;111,63
02/07/25 02:30;111,63
02/07/25 02:45;111,63
02/07/25 03:00;112,13
02/07/25 03:15;112,13
02/07/25 03:30;112,13
02/07/25 03:45;112,13
02/07/25 04:00;112,92
02/07/25 04:15;112,92
02/07/25 04:30;112,92
02/07/25 04:45;112,92
02/07/25 05:00;111
02/07/25 05:15;111
02/07/25 05:30;111
02/07/25 05:45;111
02/07/25 06:00;113,55
02/07/25 06:15;113,55
02/07/25 06:30;113,55
02/07/25 06:45;113,55
02/07/25 07:00;110,45
02/07/25 07:15;110,45
02/07/25 07:30;110,45
02/07/25 07:45;110,45
02/07/25 08:00;104,1
02/07/25 08:15;104,1
02/07/25 08:30;104,1
02/07/25 08:45;104,1
02/07/25 09:00;81,79
02/07/25 09:15;81,79
02/07/25 09:30;81,79
02/07/25 09:45;81,79
02/07/25 10:00;76,39
02/07/25 10:15;76,39
02/07/25 10:30;76,39
02/07/25 10:45;76,39
02/07/25 11:00;70,64
02/07/25 11:15;70,64
02/07/25 11:30;70,64
02/07/25 11:45;70,64
02/07/25 12:00;70,64
02/07/25 12:15;70,64
02/07/25 12:30;70,64
02/07/25 12:45;70,64
02/07/25 13:00;70,64
02/07/25 13:15;70,64
02/07/25 13:30;70,64
02/07/25 13:45;70,64
02/07/25 14:00;71,57
02/07/25 14:15;71,57
02/07/25 14:30;71,57
02/07/25 14:45;71,57
02/07/25 15:00;79,73
02/07/25 15:15;79,73
02/07/25 15:30;79,73
02/07/25 15:45;79,73
02/07/25 16:00;80
02/07/25 16:15;80
02/07/25 16:30;80
02/07/25 16:45;80
02/07/25 17:00;87,68
02/07/25 17:15;87,68
02/07/25 17:30;87,68
02/07/25 17:45;87,68
02/07/25 18:00;107,04
02/07/25 18:15;107,04
02/07/25 18:30;107,04
02/07/25 18:45;107,04
02/07/25 19:00;112,92
02/07/25 19:15;112,92
02/07/25 19:30;112,92
02/07/25 19:45;112,92
02/07/25 20:00;126,16
02/07/25 20:15;126,16
02/07/25 20:30;126,16
02/07/25 20:45;126,16
02/07/25 21:00;125,1
02/07/25 21:15;125,1
02/07/25 21:30;125,1
02/07/25 21:45;125,1
02/07/25 22:00;110,25
02/07/25 22:15;110,25
02/07/25 22:30;110,25
02/07/25 22:45;110,25
02/07/25 23:00;111,96
02/07/25 23:15;111,96
02/07/25 23:30;111,96
02/07/25 23:45;111,96
03/07/25 00:00;110
03/07/25 00:15;110
03/07/25 00:30;110
03/07/25 00:45;110
03/07/25 01:00;109,12
03/07/25 01:15;109,12
03/07/25 01:30;109,12
03/07/25 01:45;109,12
03/07/25 02:00;101,9
03/07/25 02:15;101,9
03/07/25 02:30;101,9
03/07/25 02:45;101,9
03/07/25 03:00;91,21
03/07/25 03:15;91,21
03/07/25 03:30;91,21
03/07/25 03:45;91,21
03/07/25 04:00;100,18
03/07/25 04:15;100,18
03/07/25 04:30;100,18
03/07/25 04:45;100,18
03/07/25 05:00;109,81
03/07/25 05:15;109,81
03/07/25 05:30;109,81
03/07/25 05:45;109,81
03/07/25 06:00;111,51
03/07/25 06:15;111,51
03/07/25 06:30;111,51
03/07/25 06:45;111,51
03/07/25 07:00;104,9
03/07/25 07:15;104,9
03/07/25 07:30;104,9
03/07/25 07:45;104,9
03/07/25 08:00;70,58
03/07/25 08:15;70,58
03/07/25 08:30;70,58
03/07/25 08:45;70,58
03/07/25 09:00;67,42
03/07/25 09:15;67,42
03/07/25 09:30;67,42
03/07/25 09:45;67,42
03/07/25 10:00;55,58
03/07/25 10:15;55,58
03/07/25 10:30;55,58
03/07/25 10:45;55,58
03/07/25 11:00;42,16
03/07/25 11:15;42,16
03/07/25 11:30;42,16
03/07/25 11:45;42,16
03/07/25 12:00;37,2
03/07/25 12:15;37,2
03/07/25 12:30;37,2
03/07/25 12:45;37,2
03/07/25 13:00;39,63
03/07/25 13:15;39,63
03/07/25 13:30;39,63
03/07/25 13:45;39,63
03/07/25 14:00;56,67
03/07/25 14:15;56,67
03/07/25 14:30;56,67
03/07/25 14:45;56,67
03/07/25 15:00;64,71
03/07/25 15:15;64,71
03/07/25 15:30;64,71
03/07/25 15:45;64,71
03/07/25 16:00;81
03/07/25 16:15;81
03/07/25 16:30;81
03/07/25 16:45;81
03/07/25 17:00;96,34
03/07/25 17:15;96,34
03/07/25 17:30;96,34
03/07/25 17:45;96,34
03/07/25 18:00;109
03/07/25 18:15;109
03/07/25 18:30;109
03/07/25 18:45;109
03/07/25 19:00;118,8
03/07/25 19:15;118,8
03/07/25 19:30;118,8
03/07/25 19:45;118,8
03/07/25 20:00;142,59
03/07/25 20:15;142,59
03/07/25 20:30;142,59
03/07/25 20:45;142,59
03/07/25 21:00;140,34
03/07/25 21:15;140,34
03/07/25 21:30;140,34
03/07/25 21:45;140,34
03/07/25 22:00;119,35
03/07/25 22:15;119,35
03/07/25 22:30;119,35
03/07/25 22:45;119,35
03/07/25 23:00;110,62
03/07/25 23:15;110,62
03/07/25 23:30;110,62
03/07/25 23:45;110,62
04/07/25 00:00;107,9
04/07/25 00:15;107,9
04/07/25 00:30;107,9
04/07/25 00:45;107,9
04/07/25 01:00;107,26
04/07/25 01:15;107,26
04/07/25 01:30;107,26
04/07/25 01:45;107,26
04/07/25 02:00;106,76
04/07/25 02:15;106,76
04/07/25 02:30;106,76
04/07/25 02:45;106,76
04/07/25 03:00;107,02
04/07/25 03:15;107,02
04/07/25 03:30;107,02
04/07/25 03:45;107,02
04/07/25 04:00;107,83
04/07/25 04:15;107,83
04/07/25 04:30;107,83
04/07/25 04:45;107,83
04/07/25 05:00;111,04
04/07/25 05:15;111,04
04/07/25 05:30;111,04
04/07/25 05:45;111,04
04/07/25 06:00;113,37
04/07/25 06:15;113,37
04/07/25 06:30;113,37
04/07/25 06:45;113,37
04/07/25 07:00;110
04/07/25 07:15;110
04/07/25 07:30;110
04/07/25 07:45;110
04/07/25 08:00;91,15
04/07/25 08:15;91,15
04/07/25 08:30;91,15
04/07/25 08:45;91,15
04/07/25 09:00;76,14
04/07/25 09:15;76,14
04/07/25 09:30;76,14
04/07/25 09:45;76,14
04/07/25 10:00;72
04/07/25 10:15;72
04/07/25 10:30;72
04/07/25 10:45;72
04/07/25 11:00;75
04/07/25 11:15;75
04/07/25 11:30;75
04/07/25 11:45;75
04/07/25 12:00;75,58
04/07/25 12:15;75,58
04/07/25 12:30;75,58
04/07/25 12:45;75,58
04/07/25 13:00;75,88
04/07/25 13:15;75,88
04/07/25 13:30;75,88
04/07/25 13:45;75,88
04/07/25 14:00;75,88
04/07/25 14:15;75,88
04/07/25 14:30;75,88
04/07/25 14:45;75,88
04/07/25 15:00;76,14
04/07/25 15:15;76,14
04/07/25 15:30;76,14
04/07/25 15:45;76,14
04/07/25 16:00;78,98
04/07/25 16:15;78,98
04/07/25 16:30;78,98
04/07/25 16:45;78,98
04/07/25 17:00;90,19
04/07/25 17:15;90,19
04/07/25 17:30;90,19
04/07/25 17:45;90,19
04/07/25 18:00;108,5
04/07/25 18:15;108,5
04/07/25 18:30;108,5
04/07/25 18:45;108,5
04/07/25 19:00;113,85
04/07/25 19:15;113,85
04/07/25 19:30;113,85
04/07/25 19:45;113,85
04/07/25 20:00;139,26
04/07/25 20:15;139,26
04/07/25 20:30;139,26
04/07/25 20:45;139,26
04/07/25 21:00;138,03
04/07/25 21:15;138,03
04/07/25 21:30;138,03
04/07/25 21:45;138,03
04/07/25 22:00;122,72
04/07/25 22:15;122,72
04/07/25 22:30;122,72
04/07/25 22:45;122,72
04/07/25 23:00;131,56
04/07/25 23:15;131,56
04/07/25 23:30;131,56
04/07/25 23:45;131,56
05/07/25 00:00;118,8
05/07/25 00:15;118,8
05/07/25 00:30;118,8
05/07/25 00:45;118,8
05/07/25 01:00;110
05/07/25 01:15;110
05/07/25 01:30;110
05/07/25 01:45;110
05/07/25 02:00;107,02
05/07/25 02:15;107,02
05/07/25 02:30;107,02
05/07/25 02:45;107,02
05/07/25 03:00;107
05/07/25 03:15;107
05/07/25 03:30;107
05/07/25 03:45;107
05/07/25 04:00;106,69
05/07/25 04:15;106,69
05/07/25 04:30;106,69
05/07/25 04:45;106,69
05/07/25 05:00;109,42
05/07/25 05:15;109,42
05/07/25 05:30;109,42
05/07/25 05:45;109,42
05/07/25 06:00;110,62
05/07/25 06:15;110,62
05/07/25 06:30;110,62
05/07/25 06:45;110,62
05/07/25 07:00;100
05/07/25 07:15;100
05/07/25 07:30;100
05/07/25 07:45;100
05/07/25 08:00;36,8
05/07/25 08:15;36,8
05/07/25 08:30;36,8
05/07/25 08:45;36,8
05/07/25 09:00;5,76
05/07/25 09:15;5,76
05/07/25 09:30;5,76
05/07/25 09:45;5,76
05/07/25 10:00;3,52
05/07/25 10:15;3,52
05/07/25 10:30;3,52
05/07/25 10:45;3,52
05/07/25 11:00;4,31
05/07/25 11:15;4,31
05/07/25 11:30;4,31
05/07/25 11:45;4,31
05/07/25 12:00;5
05/07/25 12:15;5
05/07/25 12:30;5
05/07/25 12:45;5
05/07/25 13:00;5
05/07/25 13:15;5
05/07/25 13:30;5
05/07/25 13:45;5
05/07/25 14:00;5
05/07/25 14:15;5
05/07/25 14:30;5
05/07/25 14:45;5
05/07/25 15:00;5
05/07/25 15:15;5
05/07/25 15:30;5
05/07/25 15:45;5
05/07/25 16:00;25,44
05/07/25 16:15;25,44
05/07/25 16:30;25,44
05/07/25 16:45;25,44
05/07/25 17:00;41,25
05/07/25 17:15;41,25
05/07/25 17:30;41,25
05/07/25 17:45;41,25
05/07/25 18:00;100
05/07/25 18:15;100
05/07/25 18:30;100
05/07/25 18:45;100
05/07/25 19:00;112,8
05/07/25 19:15;112,8
05/07/25 19:30;112,8
05/07/25 19:45;112,8
05/07/25 20:00;131,33
05/07/25 20:15;131,33
05/07/25 20:30;131,33
05/07/25 20:45;131,33
05/07/25 21:00;134
05/07/25 21:15;134
05/07/25 21:30;134
05/07/25 21:45;134
05/07/25 22:00;120
05/07/25 22:15;120
05/07/25 22:30;120
05/07/25 22:45;120
05/07/25 23:00;112,17
05/07/25 23:15;112,17
05/07/25 23:30;112,17
05/07/25 23:45;112,17
06/07/25 00:00;106,01
06/07/25 00:15;106,01
06/07/25 00:30;106,01
06/07/25 00:45;106,01
06/07/25 01:00;103,6
06/07/25 01:15;103,6
06/07/25 01:30;103,6
06/07/25 01:45;103,6
06/07/25 02:00;100,58
06/07/25 02:15;100,58
06/07/25 02:30;100,58
06/07/25 02:45;100,58
06/07/25 03:00;100,1
06/07/25 03:15;100,1
06/07/25 03:30;100,1
06/07/25 03:45;100,1
06/07/25 04:00;100,82
06/07/25 04:15;100,82
06/07/25 04:30;100,82
06/07/25 04:45;100,82
06/07/25 05:00;101,3
06/07/25 05:15;101,3
06/07/25 05:30;101,3
06/07/25 05:45;101,3
06/07/25 06:00;96,98
06/07/25 06:15;96,98
06/07/25 06:30;96,98
06/07/25 06:45;96,98
06/07/25 07:00;52
06/07/25 07:15;52
06/07/25 07:30;52
06/07/25 07:45;52
06/07/25 08:00;7,4
06/07/25 08:15;7,4
06/07/25 08:30;7,4
06/07/25 08:45;7,4
06/07/25 09:00;2
06/07/25 09:15;2
06/07/25 09:30;2
06/07/25 09:45;2
06/07/25 10:00;1
06/07/25 10:15;1
06/07/25 10:30;1
06/07/25 10:45;1
06/07/25 11:00;0,85
06/07/25 11:15;0,85
06/07/25 11:30;0,85
06/07/25 11:45;0,85
06/07/25 12:00;3,52
06/07/25 12:15;3,52
06/07/25 12:30;3,52
06/07/25 12:45;3,52
06/07/25 13:00;2,99
06/07/25 13:15;2,99
06/07/25 13:30;2,99
06/07/25 13:45;2,99
06/07/25 14:00;0,65
06/07/25 14:15;0,65
06/07/25 14:30;0,65
06/07/25 14:45;0,65
06/07/25 15:00;0,65
06/07/25 15:15;0,65
06/07/25 15:30;0,65
06/07/25 15:45;0,65
06/07/25 16:00;0,65
06/07/25 16:15;0,65
06/07/25 16:30;0,65
06/07/25 16:45;0,65
06/07/25 17:00;4,31
06/07/25 17:15;4,31
06/07/25 17:30;4,31
06/07/25 17:45;4,31
06/07/25 18:00;31,53
06/07/25 18:15;31,53
06/07/25 18:30;31,53
06/07/25 18:45;31,53
06/07/25 19:00;90
06/07/25 19:15;90
06/07/25 19:30;90
06/07/25 19:45;90
06/07/25 20:00;108,21
06/07/25 20:15;108,21
06/07/25 20:30;108,21
06/07/25 20:45;108,21
06/07/25 21:00;110,62
06/07/25 21:15;110,62
06/07/25 21:30;110,62
06/07/25 21:45;110,62
06/07/25 22:00;108,68
06/07/25 22:15;108,68
06/07/25 22:30;108,68
06/07/25 22:45;108,68
06/07/25 23:00;106,65
06/07/25 23:15;106,65
06/07/25 23:30;106,65
06/07/25 23:45;106,65
07/07/25 00:00;96,18
07/07/25 00:15;96,18
07/07/25 00:30;96,18
07/07/25 00:45;96,18
07/07/25 01:00;92,25
07/07/25 01:15;92,25
07/07/25 01:30;92,25
07/07/25 01:45;92,25
07/07/25 02:00;89,01
07/07/25 02:15;89,01
07/07/25 02:30;89,01
07/07/25 02:45;89,01
07/07/25 03:00;85,01
07/07/25 03:15;85,01
07/07/25 03:30;85,01
07/07/25 03:45;85,01
07/07/25 04:00;95
07/07/25 04:15;95
07/07/25 04:30;95
07/07/25 04:45;95
07/07/25 05:00;103,5
07/07/25 05:15;103,5
07/07/25 05:30;103,5
07/07/25 05:45;103,5
07/07/25 06:00;106,65
07/07/25 06:15;106,65
07/07/25 06:30;106,65
07/07/25 06:45;106,65
07/07/25 07:00;94
07/07/25 07:15;94
07/07/25 07:30;94
07/07/25 07:45;94
07/07/25 08:00;57,5
07/07/25 08:15;57,5
07/07/25 08:30;57,5
07/07/25 08:45;57,5
07/07/25 09:00;37,5
07/07/25 09:15;37,5
07/07/25 09:30;37,5
07/07/25 09:45;37,5
07/07/25 10:00;18,01
07/07/25 10:15;18,01
07/07/25 10:30;18,01
07/07/25 10:45;18,01
07/07/25 11:00;15,01
07/07/25 11:15;15,01
07/07/25 11:30;15,01
07/07/25 11:45;15,01
07/07/25 12:00;6
07/07/25 12:15;6
07/07/25 12:30;6
07/07/25 12:45;6
07/07/25 13:00;5,79
07/07/25 13:15;5,79
07/07/25 13:30;5,79
07/07/25 13:45;5,79
07/07/25 14:00;5
07/07/25 14:15;5
07/07/25 14:30;5
07/07/25 14:45;5
07/07/25 15:00;4,31
07/07/25 15:15;4,31
07/07/25 15:30;4,31
07/07/25 15:45;4,31
07/07/25 16:00;4,31
07/07/25 16:15;4,31
07/07/25 16:30;4,31
07/07/25 16:45;4,31
07/07/25 17:00;18,01
07/07/25 17:15;18,01
07/07/25 17:30;18,01
07/07/25 17:45;18,01
07/07/25 18:00;65,06
07/07/25 18:15;65,06
07/07/25 18:30;65,06
07/07/25 18:45;65,06
07/07/25 19:00;80
07/07/25 19:15;80
07/07/25 19:30;80
07/07/25 19:45;80
07/07/25 20:00;105,75
07/07/25 20:15;105,75
07/07/25 20:30;105,75
07/07/25 20:45;105,75
07/07/25 21:00;104,48
07/07/25 21:15;104,48
07/07/25 21:30;104,48
07/07/25 21:45;104,48
07/07/25 22:00;95,1
07/07/25 22:15;95,1
07/07/25 22:30;95,1
07/07/25 22:45;95,1
07/07/25 23:00;80,1
07/07/25 23:15;80,1
07/07/25 23:30;80,1
07/07/25 23:45;80,1
08/07/25 00:00;62,4
08/07/25 00:15;62,4
08/07/25 00:30;62,4
08/07/25 00:45;62,4
08/07/25 01:00;50
08/07/25 01:15;50
08/07/25 01:30;50
08/07/25 01:45;50
08/07/25 02:00;35,1
08/07/25 02:15;35,1
08/07/25 02:30;35,1
08/07/25 02:45;35,1
08/07/25 03:00;35,1
08/07/25 03:15;35,1
08/07/25 03:30;35,1
08/07/25 03:45;35,1
08/07/25 04:00;30,1
08/07/25 04:15;30,1
08/07/25 04:30;30,1
08/07/25 04:45;30,1
08/07/25 05:00;60,73
08/07/25 05:15;60,73
08/07/25 05:30;60,73
08/07/25 05:45;60,73
08/07/25 06:00;74,99
08/07/25 06:15;74,99
08/07/25 06:30;74,99
08/07/25 06:45;74,99
08/07/25 07:00;60
08/07/25 07:15;60
08/07/25 07:30;60
08/07/25 07:45;60
08/07/25 08:00;18,01
08/07/25 08:15;18,01
08/07/25 08:30;18,01
08/07/25 08:45;18,01
08/07/25 09:00;4,31
08/07/25 09:15;4,31
08/07/25 09:30;4,31
08/07/25 09:45;4,31
08/07/25 10:00;1,72
08/07/25 10:15;1,72
08/07/25 10:30;1,72
08/07/25 10:45;1,72
08/07/25 11:00;1,72
08/07/25 11:15;1,72
08/07/25 11:30;1,72
08/07/25 11:45;1,72
08/07/25 12:00;2,99
08/07/25 12:15;2,99
08/07/25 12:30;2,99
08/07/25 12:45;2,99
08/07/25 13:00;3,52
08/07/25 13:15;3,52
08/07/25 13:30;3,52
08/07/25 13:45;3,52
08/07/25 14:00;4,31
08/07/25 14:15;4,31
08/07/25 14:30;4,31
08/07/25 14:45;4,31
08/07/25 15:00;5,79
08/07/25 15:15;5,79
08/07/25 15:30;5,79
08/07/25 15:45;5,79
08/07/25 16:00;17,1
08/07/25 16:15;17,1
08/07/25 16:30;17,1
08/07/25 16:45;17,1
08/07/25 17:00;60,73
08/07/25 17:15;60,73
08/07/25 17:30;60,73
08/07/25 17:45;60,73
08/07/25 18:00;62,19
08/07/25 18:15;62,19
08/07/25 18:30;62,19
08/07/25 18:45;62,19
08/07/25 19:00;104,5
08/07/25 19:15;104,5
08/07/25 19:30;104,5
08/07/25 19:45;104,5
08/07/25 20:00;110,69
08/07/25 20:15;110,69
08/07/25 20:30;110,69
08/07/25 20:45;110,69
08/07/25 21:00;110,62
08/07/25 21:15;110,62
08/07/25 21:30;110,62
08/07/25 21:45;110,62
08/07/25 22:00;106,06
08/07/25 22:15;106,06
08/07/25 22:30;106,06
08/07/25 22:45;106,06
08/07/25 23:00;110,62
08/07/25 23:15;110,62
08/07/25 23:30;110,62
08/07/25 23:45;110,62
09/07/25 00:00;104,01
09/07/25 00:15;104,01
09/07/25 00:30;104,01
09/07/25 00:45;104,01
09/07/25 01:00;101,42
09/07/25 01:15;101,42
09/07/25 01:30;101,42
09/07/25 01:45;101,42
09/07/25 02:00;103,32
09/07/25 02:15;103,32
09/07/25 02:30;103,32
09/07/25 02:45;103,32
09/07/25 03:00;108,6
09/07/25 03:15;108,6
09/07/25 03:30;108,6
09/07/25 03:45;108,6
09/07/25 04:00;110,37
09/07/25 04:15;110,37
09/07/25 04:30;110,37
09/07/25 04:45;110,37
09/07/25 05:00;107,27
09/07/25 05:15;107,27
09/07/25 05:30;107,27
09/07/25 05:45;107,27
09/07/25 06:00;111,82
09/07/25 06:15;111,82
09/07/25 06:30;111,82
09/07/25 06:45;111,82
09/07/25 07:00;108,75
09/07/25 07:15;108,75
09/07/25 07:30;108,75
09/07/25 07:45;108,75
09/07/25 08:00;99,5
09/07/25 08:15;99,5
09/07/25 08:30;99,5
09/07/25 08:45;99,5
09/07/25 09:00;56,91
09/07/25 09:15;56,91
09/07/25 09:30;56,91
09/07/25 09:45;56,91
09/07/25 10:00;40
09/07/25 10:15;40
09/07/25 10:30;40
09/07/25 10:45;40
09/07/25 11:00;35,1
09/07/25 11:15;35,1
09/07/25 11:30;35,1
09/07/25 11:45;35,1
09/07/25 12:00;36,2
09/07/25 12:15;36,2
09/07/25 12:30;36,2
09/07/25 12:45;36,2
09/07/25 13:00;36,2
09/07/25 13:15;36,2
09/07/25 13:30;36,2
09/07/25 13:45;36,2
09/07/25 14:00;37,55
09/07/25 14:15;37,55
09/07/25 14:30;37,55
09/07/25 14:45;37,55
09/07/25 15:00;50
09/07/25 15:15;50
09/07/25 15:30;50
09/07/25 15:45;50
09/07/25 16:00;73,55
09/07/25 16:15;73,55
09/07/25 16:30;73,55
09/07/25 16:45;73,55
09/07/25 17:00;75,4
09/07/25 17:15;75,4
09/07/25 17:30;75,4
09/07/25 17:45;75,4
09/07/25 18:00;110,41
09/07/25 18:15;110,41
09/07/25 18:30;110,41
09/07/25 18:45;110,41
09/07/25 19:00;115,04
09/07/25 19:15;115,04
09/07/25 19:30;115,04
09/07/25 19:45;115,04
09/07/25 20:00;155,75
09/07/25 20:15;155,75
09/07/25 20:30;155,75
09/07/25 20:45;155,75
09/07/25 21:00;145,01
09/07/25 21:15;145,01
09/07/25 21:30;145,01
09/07/25 21:45;145,01
09/07/25 22:00;120
09/07/25 22:15;120
09/07/25 22:30;120
09/07/25 22:45;120
09/07/25 23:00;123,51
09/07/25 23:15;123,51
09/07/25 23:30;123,51
09/07/25 23:45;123,51
10/07/25 00:00;115,5
10/07/25 00:15;115,5
10/07/25 00:30;115,5
10/07/25 00:45;115,5
10/07/25 01:00;113,02
10/07/25 01:15;113,02
10/07/25 01:30;113,02
10/07/25 01:45;113,02
10/07/25 02:00;112,38
10/07/25 02:15;112,38
10/07/25 02:30;112,38
10/07/25 02:45;112,38
10/07/25 03:00;112,38
10/07/25 03:15;112,38
10/07/25 03:30;112,38
10/07/25 03:45;112,38
10/07/25 04:00;113,53
10/07/25 04:15;113,53
10/07/25 04:30;113,53
10/07/25 04:45;113,53
10/07/25 05:00;117,89
10/07/25 05:15;117,89
10/07/25 05:30;117,89
10/07/25 05:45;117,89
10/07/25 06:00;123,51
10/07/25 06:15;123,51
10/07/25 06:30;123,51
10/07/25 06:45;123,51
10/07/25 07:00;110,66
10/07/25 07:15;110,66
10/07/25 07:30;110,66
10/07/25 07:45;110,66
10/07/25 08:00;108,1
10/07/25 08:15;108,1
10/07/25 08:30;108,1
10/07/25 08:45;108,1
10/07/25 09:00;106,5
10/07/25 09:15;106,5
10/07/25 09:30;106,5
10/07/25 09:45;106,5
10/07/25 10:00;90,01
10/07/25 10:15;90,01
10/07/25 10:30;90,01
10/07/25 10:45;90,01
10/07/25 11:00;76,98
10/07/25 11:15;76,98
10/07/25 11:30;76,98
10/07/25 11:45;76,98
10/07/25 12:00;75,57
10/07/25 12:15;75,57
10/07/25 12:30;75,57
10/07/25 12:45;75,57
10/07/25 13:00;75,44
10/07/25 13:15;75,44
10/07/25 13:30;75,44
10/07/25 13:45;75,44
10/07/25 14:00;75
10/07/25 14:15;75
10/07/25 14:30;75
10/07/25 14:45;75
10/07/25 15:00;74
10/07/25 15:15;74
10/07/25 15:30;74
10/07/25 15:45;74
10/07/25 16:00;76,73
10/07/25 16:15;76,73
10/07/25 16:30;76,73
10/07/25 16:45;76,73
10/07/25 17:00;88,08
10/07/25 17:15;88,08
10/07/25 17:30;88,08
10/07/25 17:45;88,08
10/07/25 18:00;103,99
10/07/25 18:15;103,99
10/07/25 18:30;103,99
10/07/25 18:45;103,99
10/07/25 19:00;118,65
10/07/25 19:15;118,65
10/07/25 19:30;118,65
10/07/25 19:45;118,65
10/07/25 20:00;153,75
10/07/25 20:15;153,75
10/07/25 20:30;153,75
10/07/25 20:45;153,75
10/07/25 21:00;170
10/07/25 21:15;170
10/07/25 21:30;170
10/07/25 21:45;170
10/07/25 22:00;132
10/07/25 22:15;132
10/07/25 22:30;132
10/07/25 22:45;132
10/07/25 23:00;121,74
10/07/25 23:15;121,74
10/07/25 23:30;121,74
10/07/25 23:45;121,74
11/07/25 00:00;115,46
11/07/25 00:15;115,46
11/07/25 00:30;115,46
11/07/25 00:45;115,46
11/07/25 01:00;113,85
11/07/25 01:15;113,85
11/07/25 01:30;113,85
11/07/25 01:45;113,85
11/07/25 02:00;112,73
11/07/25 02:15;112,73
11/07/25 02:30;112,73
11/07/25 02:45;112,73
11/07/25 03:00;112,73
11/07/25 03:15;112,73
11/07/25 03:30;112,73
11/07/25 03:45;112,73
11/07/25 04:00;113,33
11/07/25 04:15;113,33
11/07/25 04:30;113,33
11/07/25 04:45;113,33
11/07/25 05:00;118,47
11/07/25 05:15;118,47
11/07/25 05:30;118,47
11/07/25 05:45;118,47
11/07/25 06:00;125
11/07/25 06:15;125
11/07/25 06:30;125
11/07/25 06:45;125
11/07/25 07:00;111,07
11/07/25 07:15;111,07
11/07/25 07:30;111,07
11/07/25 07:45;111,07
11/07/25 08:00;105,34
11/07/25 08:15;105,34
11/07/25 08:30;105,34
11/07/25 08:45;105,34
11/07/25 09:00;63,1
11/07/25 09:15;63,1
11/07/25 09:30;63,1
11/07/25 09:45;63,1
11/07/25 10:00;76,75
11/07/25 10:15;76,75
11/07/25 10:30;76,75
11/07/25 10:45;76,75
11/07/25 11:00;80
11/07/25 11:15;80
11/07/25 11:30;80
11/07/25 11:45;80
11/07/25 12:00;74,01
11/07/25 12:15;74,01
11/07/25 12:30;74,01
11/07/25 12:45;74,01
11/07/25 13:00;62,19
11/07/25 13:15;62,19
11/07/25 13:30;62,19
11/07/25 13:45;62,19
11/07/25 14:00;59,9
11/07/25 14:15;59,9
11/07/25 14:30;59,9
11/07/25 14:45;59,9
11/07/25 15:00;55,4
11/07/25 15:15;55,4
11/07/25 15:30;55,4
11/07/25 15:45;55,4
11/07/25 16:00;61,98
11/07/25 16:15;61,98
11/07/25 16:30;61,98
11/07/25 16:45;61,98
11/07/25 17:00;67
11/07/25 17:15;67
11/07/25 17:30;67
11/07/25 17:45;67
11/07/25 18:00;100
11/07/25 18:15;100
11/07/25 18:30;100
11/07/25 18:45;100
11/07/25 19:00;114,23
11/07/25 19:15;114,23
11/07/25 19:30;114,23
11/07/25 19:45;114,23
11/07/25 20:00;125,67
11/07/25 20:15;125,67
11/07/25 20:30;125,67
11/07/25 20:45;125,67
11/07/25 21:00;138,16
11/07/25 21:15;138,16
11/07/25 21:30;138,16
11/07/25 21:45;138,16
11/07/25 22:00;130
11/07/25 22:15;130
11/07/25 22:30;130
11/07/25 22:45;130
11/07/25 23:00;119,78
11/07/25 23:15;119,78
11/07/25 23:30;119,78
11/07/25 23:45;119,78
12/07/25 00:00;116,62
12/07/25 00:15;116,62
12/07/25 00:30;116,62
12/07/25 00:45;116,62
12/07/25 01:00;112,18
12/07/25 01:15;112,18
12/07/25 01:30;112,18
12/07/25 01:45;112,18
12/07/25 02:00;107,53
12/07/25 02:15;107,53
12/07/25 02:30;107,53
12/07/25 02:45;107,53
12/07/25 03:00;105,42
12/07/25 03:15;105,42
12/07/25 03:30;105,42
12/07/25 03:45;105,42
12/07/25 04:00;103,79
12/07/25 04:15;103,79
12/07/25 04:30;103,79
12/07/25 04:45;103,79
12/07/25 05:00;109,85
12/07/25 05:15;109,85
12/07/25 05:30;109,85
12/07/25 05:45;109,85
12/07/25 06:00;118,99
12/07/25 06:15;118,99
12/07/25 06:30;118,99
12/07/25 06:45;118,99
12/07/25 07:00;105,42
12/07/25 07:15;105,42
12/07/25 07:30;105,42
12/07/25 07:45;105,42
12/07/25 08:00;72,95
12/07/25 08:15;72,95
12/07/25 08:30;72,95
12/07/25 08:45;72,95
12/07/25 09:00;42,1
12/07/25 09:15;42,1
12/07/25 09:30;42,1
12/07/25 09:45;42,1
12/07/25 10:00;19
12/07/25 10:15;19
12/07/25 10:30;19
12/07/25 10:45;19
12/07/25 11:00;15
12/07/25 11:15;15
12/07/25 11:30;15
12/07/25 11:45;15
12/07/25 12:00;5,76
12/07/25 12:15;5,76
12/07/25 12:30;5,76
12/07/25 12:45;5,76
12/07/25 13:00;4,31
12/07/25 13:15;4,31
12/07/25 13:30;4,31
12/07/25 13:45;4,31
12/07/25 14:00;0,85
12/07/25 14:15;0,85
12/07/25 14:30;0,85
12/07/25 14:45;0,85
12/07/25 15:00;13,68
12/07/25 15:15;13,68
12/07/25 15:30;13,68
12/07/25 15:45;13,68
12/07/25 16:00;35
12/07/25 16:15;35
12/07/25 16:30;35
12/07/25 16:45;35
12/07/25 17:00;50,08
12/07/25 17:15;50,08
12/07/25 17:30;50,08
12/07/25 17:45;50,08
12/07/25 18:00;75,4
12/07/25 18:15;75,4
12/07/25 18:30;75,4
12/07/25 18:45;75,4
12/07/25 19:00;107,75
12/07/25 19:15;107,75
12/07/25 19:30;107,75
12/07/25 19:45;107,75
12/07/25 20:00;125,67
12/07/25 20:15;125,67
12/07/25 20:30;125,67
12/07/25 20:45;125,67
12/07/25 21:00;133
12/07/25 21:15;133
12/07/25 21:30;133
12/07/25 21:45;133
12/07/25 22:00;121,74
12/07/25 22:15;121,74
12/07/25 22:30;121,74
12/07/25 22:45;121,74
12/07/25 23:00;119,36
12/07/25 23:15;119,36
12/07/25 23:30;119,36
12/07/25 23:45;119,36
13/07/25 00:00;117,06
13/07/25 00:15;117,06
13/07/25 00:30;117,06
13/07/25 00:45;117,06
13/07/25 01:00;114,11
13/07/25 01:15;114,11
13/07/25 01:30;114,11
13/07/25 01:45;114,11
13/07/25 02:00;113,99
13/07/25 02:15;113,99
13/07/25 02:30;113,99
13/07/25 02:45;113,99
13/07/25 03:00;108,67
13/07/25 03:15;108,67
13/07/25 03:30;108,67
13/07/25 03:45;108,67
13/07/25 04:00;104,64
13/07/25 04:15;104,64
13/07/25 04:30;104,64
13/07/25 04:45;104,64
13/07/25 05:00;104,64
13/07/25 05:15;104,64
13/07/25 05:30;104,64
13/07/25 05:45;104,64
13/07/25 06:00;90
13/07/25 06:15;90
13/07/25 06:30;90
13/07/25 06:45;90
13/07/25 07:00;55
13/07/25 07:15;55
13/07/25 07:30;55
13/07/25 07:45;55
13/07/25 08:00;22,5
13/07/25 08:15;22,5
13/07/25 08:30;22,5
13/07/25 08:45;22,5
13/07/25 09:00;4,28
13/07/25 09:15;4,28
13/07/25 09:30;4,28
13/07/25 09:45;4,28
13/07/25 10:00;0,05
13/07/25 10:15;0,05
13/07/25 10:30;0,05
13/07/25 10:45;0,05
13/07/25 11:00;0
13/07/25 11:15;0
13/07/25 11:30;0
13/07/25 11:45;0
13/07/25 12:00;0
13/07/25 12:15;0
13/07/25 12:30;0
13/07/25 12:45;0
13/07/25 13:00;0
13/07/25 13:15;0
13/07/25 13:30;0
13/07/25 13:45;0
13/07/25 14:00;0
13/07/25 14:15;0
13/07/25 14:30;0
13/07/25 14:45;0
13/07/25 15:00;1
13/07/25 15:15;1
13/07/25 15:30;1
13/07/25 15:45;1
13/07/25 16:00;5,79
13/07/25 16:15;5,79
13/07/25 16:30;5,79
13/07/25 16:45;5,79
13/07/25 17:00;30,39
13/07/25 17:15;30,39
13/07/25 17:30;30,39
13/07/25 17:45;30,39
13/07/25 18:00;70,1
13/07/25 18:15;70,1
13/07/25 18:30;70,1
13/07/25 18:45;70,1
13/07/25 19:00;107,69
13/07/25 19:15;107,69
13/07/25 19:30;107,69
13/07/25 19:45;107,69
13/07/25 20:00;124,5
13/07/25 20:15;124,5
13/07/25 20:30;124,5
13/07/25 20:45;124,5
13/07/25 21:00;134,62
13/07/25 21:15;134,62
13/07/25 21:30;134,62
13/07/25 21:45;134,62
13/07/25 22:00;121,74
13/07/25 22:15;121,74
13/07/25 22:30;121,74
13/07/25 22:45;121,74
13/07/25 23:00;118,1
13/07/25 23:15;118,1
13/07/25 23:30;118,1
13/07/25 23:45;118,1
14/07/25 00:00;112,45
14/07/25 00:15;112,45
14/07/25 00:30;112,45
14/07/25 00:45;112,45
14/07/25 01:00;109,86
14/07/25 01:15;109,86
14/07/25 01:30;109,86
14/07/25 01:45;109,86
14/07/25 02:00;109,23
14/07/25 02:15;109,23
14/07/25 02:30;109,23
14/07/25 02:45;109,23
14/07/25 03:00;108,9
14/07/25 03:15;108,9
14/07/25 03:30;108,9
14/07/25 03:45;108,9
14/07/25 04:00;110,1
14/07/25 04:15;110,1
14/07/25 04:30;110,1
14/07/25 04:45;110,1
14/07/25 05:00;118,06
14/07/25 05:15;118,06
14/07/25 05:30;118,06
14/07/25 05:45;118,06
14/07/25 06:00;122,72
14/07/25 06:15;122,72
14/07/25 06:30;122,72
14/07/25 06:45;122,72
14/07/25 07:00;116
14/07/25 07:15;116
14/07/25 07:30;116
14/07/25 07:45;116
14/07/25 08:00;75,19
14/07/25 08:15;75,19
14/07/25 08:30;75,19
14/07/25 08:45;75,19
14/07/25 09:00;65
14/07/25 09:15;65
14/07/25 09:30;65
14/07/25 09:45;65
14/07/25 10:00;33,72
14/07/25 10:15;33,72
14/07/25 10:30;33,72
14/07/25 10:45;33,72
14/07/25 11:00;34,06
14/07/25 11:15;34,06
14/07/25 11:30;34,06
14/07/25 11:45;34,06
14/07/25 12:00;38,8
14/07/25 12:15;38,8
14/07/25 12:30;38,8
14/07/25 12:45;38,8
14/07/25 13:00;31,49
14/07/25 13:15;31,49
14/07/25 13:30;31,49
14/07/25 13:45;31,49
14/07/25 14:00;18,21
14/07/25 14:15;18,21
14/07/25 14:30;18,21
14/07/25 14:45;18,21
14/07/25 15:00;27,09
14/07/25 15:15;27,09
14/07/25 15:30;27,09
14/07/25 15:45;27,09
14/07/25 16:00;47,5
14/07/25 16:15;47,5
14/07/25 16:30;47,5
14/07/25 16:45;47,5
14/07/25 17:00;60
14/07/25 17:15;60
14/07/25 17:30;60
14/07/25 17:45;60
14/07/25 18:00;77,76
14/07/25 18:15;77,76
14/07/25 18:30;77,76
14/07/25 18:45;77,76
14/07/25 19:00;117,06
14/07/25 19:15;117,06
14/07/25 19:30;117,06
14/07/25 19:45;117,06
14/07/25 20:00;126,64
14/07/25 20:15;126,64
14/07/25 20:30;126,64
14/07/25 20:45;126,64
14/07/25 21:00;124,68
14/07/25 21:15;124,68
14/07/25 21:30;124,68
14/07/25 21:45;124,68
14/07/25 22:00;118,26
14/07/25 22:15;118,26
14/07/25 22:30;118,26
14/07/25 22:45;118,26
14/07/25 23:00;113,16
14/07/25 23:15;113,16
14/07/25 23:30;113,16
14/07/25 23:45;113,16
15/07/25 00:00;109,48
15/07/25 00:15;109,48
15/07/25 00:30;109,48
15/07/25 00:45;109,48
15/07/25 01:00;107,41
15/07/25 01:15;107,41
15/07/25 01:30;107,41
15/07/25 01:45;107,41
15/07/25 02:00;107,22
15/07/25 02:15;107,22
15/07/25 02:30;107,22
15/07/25 02:45;107,22
15/07/25 03:00;105,43
15/07/25 03:15;105,43
15/07/25 03:30;105,43
15/07/25 03:45;105,43
15/07/25 04:00;107,38
15/07/25 04:15;107,38
15/07/25 04:30;107,38
15/07/25 04:45;107,38
15/07/25 05:00;113,16
15/07/25 05:15;113,16
15/07/25 05:30;113,16
15/07/25 05:45;113,16
15/07/25 06:00;118,81
15/07/25 06:15;118,81
15/07/25 06:30;118,81
15/07/25 06:45;118,81
15/07/25 07:00;107,4
15/07/25 07:15;107,4
15/07/25 07:30;107,4
15/07/25 07:45;107,4
15/07/25 08:00;72,97
15/07/25 08:15;72,97
15/07/25 08:30;72,97
15/07/25 08:45;72,97
15/07/25 09:00;30,5
15/07/25 09:15;30,5
15/07/25 09:30;30,5
15/07/25 09:45;30,5
15/07/25 10:00;39,87
15/07/25 10:15;39,87
15/07/25 10:30;39,87
15/07/25 10:45;39,87
15/07/25 11:00;46,2
15/07/25 11:15;46,2
15/07/25 11:30;46,2
15/07/25 11:45;46,2
15/07/25 12:00;45
15/07/25 12:15;45
15/07/25 12:30;45
15/07/25 12:45;45
15/07/25 13:00;35
15/07/25 13:15;35
15/07/25 13:30;35
15/07/25 13:45;35
15/07/25 14:00;29,95
15/07/25 14:15;29,95
15/07/25 14:30;29,95
15/07/25 14:45;29,95
15/07/25 15:00;29,95
15/07/25 15:15;29,95
15/07/25 15:30;29,95
15/07/25 15:45;29,95
15/07/25 16:00;49
15/07/25 16:15;49
15/07/25 16:30;49
15/07/25 16:45;49
15/07/25 17:00;50,08
15/07/25 17:15;50,08
15/07/25 17:30;50,08
15/07/25 17:45;50,08
15/07/25 18:00;72,84
15/07/25 18:15;72,84
15/07/25 18:30;72,84
15/07/25 18:45;72,84
15/07/25 19:00;112,92
15/07/25 19:15;112,92
15/07/25 19:30;112,92
15/07/25 19:45;112,92
15/07/25 20:00;135,87
15/07/25 20:15;135,87
15/07/25 20:30;135,87
15/07/25 20:45;135,87
15/07/25 21:00;135,05
15/07/25 21:15;135,05
15/07/25 21:30;135,05
15/07/25 21:45;135,05
15/07/25 22:00;120,05
15/07/25 22:15;120,05
15/07/25 22:30;120,05
15/07/25 22:45;120,05
15/07/25 23:00;113,31
15/07/25 23:15;113,31
15/07/25 23:30;113,31
15/07/25 23:45;113,31
16/07/25 00:00;107,85
16/07/25 00:15;107,85
16/07/25 00:30;107,85
16/07/25 00:45;107,85
16/07/25 01:00;106,83
16/07/25 01:15;106,83
16/07/25 01:30;106,83
16/07/25 01:45;106,83
16/07/25 02:00;106,83
16/07/25 02:15;106,83
16/07/25 02:30;106,83
16/07/25 02:45;106,83
16/07/25 03:00;107,22
16/07/25 03:15;107,22
16/07/25 03:30;107,22
16/07/25 03:45;107,22
16/07/25 04:00;110,68
16/07/25 04:15;110,68
16/07/25 04:30;110,68
16/07/25 04:45;110,68
16/07/25 05:00;117,61
16/07/25 05:15;117,61
16/07/25 05:30;117,61
16/07/25 05:45;117,61
16/07/25 06:00;125,67
16/07/25 06:15;125,67
16/07/25 06:30;125,67
16/07/25 06:45;125,67
16/07/25 07:00;109,5
16/07/25 07:15;109,5
16/07/25 07:30;109,5
16/07/25 07:45;109,5
16/07/25 08:00;89
16/07/25 08:15;89
16/07/25 08:30;89
16/07/25 08:45;89
16/07/25 09:00;75
16/07/25 09:15;75
16/07/25 09:30;75
16/07/25 09:45;75
16/07/25 10:00;70,1
16/07/25 10:15;70,1
16/07/25 10:30;70,1
16/07/25 10:45;70,1
16/07/25 11:00;70,1
16/07/25 11:15;70,1
16/07/25 11:30;70,1
16/07/25 11:45;70,1
16/07/25 12:00;70,1
16/07/25 12:15;70,1
16/07/25 12:30;70,1
16/07/25 12:45;70,1
16/07/25 13:00;70
16/07/25 13:15;70
16/07/25 13:30;70
16/07/25 13:45;70
16/07/25 14:00;69,84
16/07/25 14:15;69,84
16/07/25 14:30;69,84
16/07/25 14:45;69,84
16/07/25 15:00;69,95
16/07/25 15:15;69,95
16/07/25 15:30;69,95
16/07/25 15:45;69,95
16/07/25 16:00;70,1
16/07/25 16:15;70,1
16/07/25 16:30;70,1
16/07/25 16:45;70,1
16/07/25 17:00;79,1
16/07/25 17:15;79,1
16/07/25 17:30;79,1
16/07/25 17:45;79,1
16/07/25 18:00;109,62
16/07/25 18:15;109,62
16/07/25 18:30;109,62
16/07/25 18:45;109,62
16/07/25 19:00;125
16/07/25 19:15;125
16/07/25 19:30;125
16/07/25 19:45;125
16/07/25 20:00;175,49
16/07/25 20:15;175,49
16/07/25 20:30;175,49
16/07/25 20:45;175,49
16/07/25 21:00;169,2
16/07/25 21:15;169,2
16/07/25 21:30;169,2
16/07/25 21:45;169,2
16/07/25 22:00;129,36
16/07/25 22:15;129,36
16/07/25 22:30;129,36
16/07/25 22:45;129,36
16/07/25 23:00;119,78
16/07/25 23:15;119,78
16/07/25 23:30;119,78
16/07/25 23:45;119,78
17/07/25 00:00;115,13
17/07/25 00:15;115,13
17/07/25 00:30;115,13
17/07/25 00:45;115,13
17/07/25 01:00;113,84
17/07/25 01:15;113,84
17/07/25 01:30;113,84
17/07/25 01:45;113,84
17/07/25 02:00;108,62
17/07/25 02:15;108,62
17/07/25 02:30;108,62
17/07/25 02:45;108,62
17/07/25 03:00;108,62
17/07/25 03:15;108,62
17/07/25 03:30;108,62
17/07/25 03:45;108,62
17/07/25 04:00;113,46
17/07/25 04:15;113,46
17/07/25 04:30;113,46
17/07/25 04:45;113,46
17/07/25 05:00;118,36
17/07/25 05:15;118,36
17/07/25 05:30;118,36
17/07/25 05:45;118,36
17/07/25 06:00;125
17/07/25 06:15;125
17/07/25 06:30;125
17/07/25 06:45;125
17/07/25 07:00;115,45
17/07/25 07:15;115,45
17/07/25 07:30;115,45
17/07/25 07:45;115,45
17/07/25 08:00;104,27
17/07/25 08:15;104,27
17/07/25 08:30;104,27
17/07/25 08:45;104,27
17/07/25 09:00;85
17/07/25 09:15;85
17/07/25 09:30;85
17/07/25 09:45;85
17/07/25 10:00;77,07
17/07/25 10:15;77,07
17/07/25 10:30;77,07
17/07/25 10:45;77,07
17/07/25 11:00;76,8
17/07/25 11:15;76,8
17/07/25 11:30;76,8
17/07/25 11:45;76,8
17/07/25 12:00;76,68
17/07/25 12:15;76,68
17/07/25 12:30;76,68
17/07/25 12:45;76,68
17/07/25 13:00;75,2
17/07/25 13:15;75,2
17/07/25 13:30;75,2
17/07/25 13:45;75,2
17/07/25 14:00;73
17/07/25 14:15;73
17/07/25 14:30;73
17/07/25 14:45;73
17/07/25 15:00;76,81
17/07/25 15:15;76,81
17/07/25 15:30;76,81
17/07/25 15:45;76,81
17/07/25 16:00;84,36
17/07/25 16:15;84,36
17/07/25 16:30;84,36
17/07/25 16:45;84,36
17/07/25 17:00;91,52
17/07/25 17:15;91,52
17/07/25 17:30;91,52
17/07/25 17:45;91,52
17/07/25 18:00;108,66
17/07/25 18:15;108,66
17/07/25 18:30;108,66
17/07/25 18:45;108,66
17/07/25 19:00;121,41
17/07/25 19:15;121,41
17/07/25 19:30;121,41
17/07/25 19:45;121,41
17/07/25 20:00;128,67
17/07/25 20:15;128,67
17/07/25 20:30;128,67
17/07/25 20:45;128,67
17/07/25 21:00;129,85
17/07/25 21:15;129,85
17/07/25 21:30;129,85
17/07/25 21:45;129,85
17/07/25 22:00;120,76
17/07/25 22:15;120,76
17/07/25 22:30;120,76
17/07/25 22:45;120,76
17/07/25 23:00;114
17/07/25 23:15;114
17/07/25 23:30;114
17/07/25 23:45;114
18/07/25 00:00;107,61
18/07/25 00:15;107,61
18/07/25 00:30;107,61
18/07/25 00:45;107,61
18/07/25 01:00;107,22
18/07/25 01:15;107,22
18/07/25 01:30;107,22
18/07/25 01:45;107,22
18/07/25 02:00;105,9
18/07/25 02:15;105,9
18/07/25 02:30;105,9
18/07/25 02:45;105,9
18/07/25 03:00;105
18/07/25 03:15;105
18/07/25 03:30;105
18/07/25 03:45;105
18/07/25 04:00;107,17
18/07/25 04:15;107,17
18/07/25 04:30;107,17
18/07/25 04:45;107,17
18/07/25 05:00;111,55
18/07/25 05:15;111,55
18/07/25 05:30;111,55
18/07/25 05:45;111,55
18/07/25 06:00;115,14
18/07/25 06:15;115,14
18/07/25 06:30;115,14
18/07/25 06:45;115,14
18/07/25 07:00;109,39
18/07/25 07:15;109,39
18/07/25 07:30;109,39
18/07/25 07:45;109,39
18/07/25 08:00;90,64
18/07/25 08:15;90,64
18/07/25 08:30;90,64
18/07/25 08:45;90,64
18/07/25 09:00;80
18/07/25 09:15;80
18/07/25 09:30;80
18/07/25 09:45;80
18/07/25 10:00;81,58
18/07/25 10:15;81,58
18/07/25 10:30;81,58
18/07/25 10:45;81,58
18/07/25 11:00;80
18/07/25 11:15;80
18/07/25 11:30;80
18/07/25 11:45;80
18/07/25 12:00;73,02
18/07/25 12:15;73,02
18/07/25 12:30;73,02
18/07/25 12:45;73,02
18/07/25 13:00;71,2
18/07/25 13:15;71,2
18/07/25 13:30;71,2
18/07/25 13:45;71,2
18/07/25 14:00;72,68
18/07/25 14:15;72,68
18/07/25 14:30;72,68
18/07/25 14:45;72,68
18/07/25 15:00;72,81
18/07/25 15:15;72,81
18/07/25 15:30;72,81
18/07/25 15:45;72,81
18/07/25 16:00;72,8
18/07/25 16:15;72,8
18/07/25 16:30;72,8
18/07/25 16:45;72,8
18/07/25 17:00;71,08
18/07/25 17:15;71,08
18/07/25 17:30;71,08
18/07/25 17:45;71,08
18/07/25 18:00;72,8
18/07/25 18:15;72,8
18/07/25 18:30;72,8
18/07/25 18:45;72,8
18/07/25 19:00;110
18/07/25 19:15;110
18/07/25 19:30;110
18/07/25 19:45;110
18/07/25 20:00;119,39
18/07/25 20:15;119,39
18/07/25 20:30;119,39
18/07/25 20:45;119,39
18/07/25 21:00;119,19
18/07/25 21:15;119,19
18/07/25 21:30;119,19
18/07/25 21:45;119,19
18/07/25 22:00;111,65
18/07/25 22:15;111,65
18/07/25 22:30;111,65
18/07/25 22:45;111,65
18/07/25 23:00;101,72
18/07/25 23:15;101,72
18/07/25 23:30;101,72
18/07/25 23:45;101,72
19/07/25 00:00;98,25
19/07/25 00:15;98,25
19/07/25 00:30;98,25
19/07/25 00:45;98,25
19/07/25 01:00;90
19/07/25 01:15;90
19/07/25 01:30;90
19/07/25 01:45;90
19/07/25 02:00;84,99
19/07/25 02:15;84,99
19/07/25 02:30;84,99
19/07/25 02:45;84,99
19/07/25 03:00;82,5
19/07/25 03:15;82,5
19/07/25 03:30;82,5
19/07/25 03:45;82,5
19/07/25 04:00;83,74
19/07/25 04:15;83,74
19/07/25 04:30;83,74
19/07/25 04:45;83,74
19/07/25 05:00;90
19/07/25 05:15;90
19/07/25 05:30;90
19/07/25 05:45;90
19/07/25 06:00;79,3
19/07/25 06:15;79,3
19/07/25 06:30;79,3
19/07/25 06:45;79,3
19/07/25 07:00;56,62
19/07/25 07:15;56,62
19/07/25 07:30;56,62
19/07/25 07:45;56,62
19/07/25 08:00;9,83
19/07/25 08:15;9,83
19/07/25 08:30;9,83
19/07/25 08:45;9,83
19/07/25 09:00;3,52
19/07/25 09:15;3,52
19/07/25 09:30;3,52
19/07/25 09:45;3,52
19/07/25 10:00;0,65
19/07/25 10:15;0,65
19/07/25 10:30;0,65
19/07/25 10:45;0,65
19/07/25 11:00;0
19/07/25 11:15;0
19/07/25 11:30;0
19/07/25 11:45;0
19/07/25 12:00;0
19/07/25 12:15;0
19/07/25 12:30;0
19/07/25 12:45;0
19/07/25 13:00;0
19/07/25 13:15;0
19/07/25 13:30;0
19/07/25 13:45;0
19/07/25 14:00;0
19/07/25 14:15;0
19/07/25 14:30;0
19/07/25 14:45;0
19/07/25 15:00;0
19/07/25 15:15;0
19/07/25 15:30;0
19/07/25 15:45;0
19/07/25 16:00;0,65
19/07/25 16:15;0,65
19/07/25 16:30;0,65
19/07/25 16:45;0,65
19/07/25 17:00;3,52
19/07/25 17:15;3,52
19/07/25 17:30;3,52
19/07/25 17:45;3,52
19/07/25 18:00;42,32
19/07/25 18:15;42,32
19/07/25 18:30;42,32
19/07/25 18:45;42,32
19/07/25 19:00;72,92
19/07/25 19:15;72,92
19/07/25 19:30;72,92
19/07/25 19:45;72,92
19/07/25 20:00;100,28
19/07/25 20:15;100,28
19/07/25 20:30;100,28
19/07/25 20:45;100,28
19/07/25 21:00;106,8
19/07/25 21:15;106,8
19/07/25 21:30;106,8
19/07/25 21:45;106,8
19/07/25 22:00;96,25
19/07/25 22:15;96,25
19/07/25 22:30;96,25
19/07/25 22:45;96,25
19/07/25 23:00;57,73
19/07/25 23:15;57,73
19/07/25 23:30;57,73
19/07/25 23:45;57,73
20/07/25 00:00;45
20/07/25 00:15;45
20/07/25 00:30;45
20/07/25 00:45;45
20/07/25 01:00;43,94
20/07/25 01:15;43,94
20/07/25 01:30;43,94
20/07/25 01:45;43,94
20/07/25 02:00;43,81
20/07/25 02:15;43,81
20/07/25 02:30;43,81
20/07/25 02:45;43,81
20/07/25 03:00;43,81
20/07/25 03:15;43,81
20/07/25 03:30;43,81
20/07/25 03:45;43,81
20/07/25 04:00;43,81
20/07/25 04:15;43,81
20/07/25 04:30;43,81
20/07/25 04:45;43,81
20/07/25 05:00;43,94
20/07/25 05:15;43,94
20/07/25 05:30;43,94
20/07/25 05:45;43,94
20/07/25 06:00;38,3
20/07/25 06:15;38,3
20/07/25 06:30;38,3
20/07/25 06:45;38,3
20/07/25 07:00;3,6
20/07/25 07:15;3,6
20/07/25 07:30;3,6
20/07/25 07:45;3,6
20/07/25 08:00;0,65
20/07/25 08:15;0,65
20/07/25 08:30;0,65
20/07/25 08:45;0,65
20/07/25 09:00;0
20/07/25 09:15;0
20/07/25 09:30;0
20/07/25 09:45;0
20/07/25 10:00;0
20/07/25 10:15;0
20/07/25 10:30;0
20/07/25 10:45;0
20/07/25 11:00;-0,01
20/07/25 11:15;-0,01
20/07/25 11:30;-0,01
20/07/25 11:45;-0,01
20/07/25 12:00;-0,01
20/07/25 12:15;-0,01
20/07/25 12:30;-0,01
20/07/25 12:45;-0,01
20/07/25 13:00;-0,01
20/07/25 13:15;-0,01
20/07/25 13:30;-0,01
20/07/25 13:45;-0,01
20/07/25 14:00;-0,66
20/07/25 14:15;-0,66
20/07/25 14:30;-0,66
20/07/25 14:45;-0,66
20/07/25 15:00;-1,01
20/07/25 15:15;-1,01
20/07/25 15:30;-1,01
20/07/25 15:45;-1,01
20/07/25 16:00;-0,62
20/07/25 16:15;-0,62
20/07/25 16:30;-0,62
20/07/25 16:45;-0,62
20/07/25 17:00;0
20/07/25 17:15;0
20/07/25 17:30;0
20/07/25 17:45;0
20/07/25 18:00;3,6
20/07/25 18:15;3,6
20/07/25 18:30;3,6
20/07/25 18:45;3,6
20/07/25 19:00;43,81
20/07/25 19:15;43,81
20/07/25 19:30;43,81
20/07/25 19:45;43,81
20/07/25 20:00;75,3
20/07/25 20:15;75,3
20/07/25 20:30;75,3
20/07/25 20:45;75,3
20/07/25 21:00;92
20/07/25 21:15;92
20/07/25 21:30;92
20/07/25 21:45;92
20/07/25 22:00;76,26
20/07/25 22:15;76,26
20/07/25 22:30;76,26
20/07/25 22:45;76,26
20/07/25 23:00;64,99
20/07/25 23:15;64,99
20/07/25 23:30;64,99
20/07/25 23:45;64,99
21/07/25 00:00;51,48
21/07/25 00:15;51,48
21/07/25 00:30;51,48
21/07/25 00:45;51,48
21/07/25 01:00;45
21/07/25 01:15;45
21/07/25 01:30;45
21/07/25 01:45;45
21/07/25 02:00;40
21/07/25 02:15;40
21/07/25 02:30;40
21/07/25 02:45;40
21/07/25 03:00;17,88
21/07/25 03:15;17,88
21/07/25 03:30;17,88
21/07/25 03:45;17,88
21/07/25 04:00;50
21/07/25 04:15;50
21/07/25 04:30;50
21/07/25 04:45;50
21/07/25 05:00;75,54
21/07/25 05:15;75,54
21/07/25 05:30;75,54
21/07/25 05:45;75,54
21/07/25 06:00;107,88
21/07/25 06:15;107,88
21/07/25 06:30;107,88
21/07/25 06:45;107,88
21/07/25 07:00;80
21/07/25 07:15;80
21/07/25 07:30;80
21/07/25 07:45;80
21/07/25 08:00;40
21/07/25 08:15;40
21/07/25 08:30;40
21/07/25 08:45;40
21/07/25 09:00;5,11
21/07/25 09:15;5,11
21/07/25 09:30;5,11
21/07/25 09:45;5,11
21/07/25 10:00;6
21/07/25 10:15;6
21/07/25 10:30;6
21/07/25 10:45;6
21/07/25 11:00;15,23
21/07/25 11:15;15,23
21/07/25 11:30;15,23
21/07/25 11:45;15,23
21/07/25 12:00;22,63
21/07/25 12:15;22,63
21/07/25 12:30;22,63
21/07/25 12:45;22,63
21/07/25 13:00;17,22
21/07/25 13:15;17,22
21/07/25 13:30;17,22
21/07/25 13:45;17,22
21/07/25 14:00;16,01
21/07/25 14:15;16,01
21/07/25 14:30;16,01
21/07/25 14:45;16,01
21/07/25 15:00;8,93
21/07/25 15:15;8,93
21/07/25 15:30;8,93
21/07/25 15:45;8,93
21/07/25 16:00;30,17
21/07/25 16:15;30,17
21/07/25 16:30;30,17
21/07/25 16:45;30,17
21/07/25 17:00;43,81
21/07/25 17:15;43,81
21/07/25 17:30;43,81
21/07/25 17:45;43,81
21/07/25 18:00;75,11
21/07/25 18:15;75,11
21/07/25 18:30;75,11
21/07/25 18:45;75,11
21/07/25 19:00;115,15
21/07/25 19:15;115,15
21/07/25 19:30;115,15
21/07/25 19:45;115,15
21/07/25 20:00;169,2
21/07/25 20:15;169,2
21/07/25 20:30;169,2
21/07/25 20:45;169,2
21/07/25 21:00;165,43
21/07/25 21:15;165,43
21/07/25 21:30;165,43
21/07/25 21:45;165,43
21/07/25 22:00;119,78
21/07/25 22:15;119,78
21/07/25 22:30;119,78
21/07/25 22:45;119,78
21/07/25 23:00;116,69
21/07/25 23:15;116,69
21/07/25 23:30;116,69
21/07/25 23:45;116,69
22/07/25 00:00;112,66
22/07/25 00:15;112,66
22/07/25 00:30;112,66
22/07/25 00:45;112,66
22/07/25 01:00;100
22/07/25 01:15;100
22/07/25 01:30;100
22/07/25 01:45;100
22/07/25 02:00;100,62
22/07/25 02:15;100,62
22/07/25 02:30;100,62
22/07/25 02:45;100,62
22/07/25 03:00;99,96
22/07/25 03:15;99,96
22/07/25 03:30;99,96
22/07/25 03:45;99,96
22/07/25 04:00;107,4
22/07/25 04:15;107,4
22/07/25 04:30;107,4
22/07/25 04:45;107,4
22/07/25 05:00;114,56
22/07/25 05:15;114,56
22/07/25 05:30;114,56
22/07/25 05:45;114,56
22/07/25 06:00;120,76
22/07/25 06:15;120,76
22/07/25 06:30;120,76
22/07/25 06:45;120,76
22/07/25 07:00;105,46
22/07/25 07:15;105,46
22/07/25 07:30;105,46
22/07/25 07:45;105,46
22/07/25 08:00;69,57
22/07/25 08:15;69,57
22/07/25 08:30;69,57
22/07/25 08:45;69,57
22/07/25 09:00;38,5
22/07/25 09:15;38,5
22/07/25 09:30;38,5
22/07/25 09:45;38,5
22/07/25 10:00;35,01
22/07/25 10:15;35,01
22/07/25 10:30;35,01
22/07/25 10:45;35,01
22/07/25 11:00;35,1
22/07/25 11:15;35,1
22/07/25 11:30;35,1
22/07/25 11:45;35,1
22/07/25 12:00;35,1
22/07/25 12:15;35,1
22/07/25 12:30;35,1
22/07/25 12:45;35,1
22/07/25 13:00;34,75
22/07/25 13:15;34,75
22/07/25 13:30;34,75
22/07/25 13:45;34,75
22/07/25 14:00;31,25
22/07/25 14:15;31,25
22/07/25 14:30;31,25
22/07/25 14:45;31,25
22/07/25 15:00;31,11
22/07/25 15:15;31,11
22/07/25 15:30;31,11
22/07/25 15:45;31,11
22/07/25 16:00;35,01
22/07/25 16:15;35,01
22/07/25 16:30;35,01
22/07/25 16:45;35,01
22/07/25 17:00;51,83
22/07/25 17:15;51,83
22/07/25 17:30;51,83
22/07/25 17:45;51,83
22/07/25 18:00;86,66
22/07/25 18:15;86,66
22/07/25 18:30;86,66
22/07/25 18:45;86,66
22/07/25 19:00;113,92
22/07/25 19:15;113,92
22/07/25 19:30;113,92
22/07/25 19:45;113,92
22/07/25 20:00;138,83
22/07/25 20:15;138,83
22/07/25 20:30;138,83
22/07/25 20:45;138,83
22/07/25 21:00;135,05
22/07/25 21:15;135,05
22/07/25 21:30;135,05
22/07/25 21:45;135,05
22/07/25 22:00;115,39
22/07/25 22:15;115,39
22/07/25 22:30;115,39
22/07/25 22:45;115,39
22/07/25 23:00;112,91
22/07/25 23:15;112,91
22/07/25 23:30;112,91
22/07/25 23:45;112,91
23/07/25 00:00;106,53
23/07/25 00:15;106,53
23/07/25 00:30;106,53
23/07/25 00:45;106,53
23/07/25 01:00;100,62
23/07/25 01:15;100,62
23/07/25 01:30;100,62
23/07/25 01:45;100,62
23/07/25 02:00;100,5
23/07/25 02:15;100,5
23/07/25 02:30;100,5
23/07/25 02:45;100,5
23/07/25 03:00;101,15
23/07/25 03:15;101,15
23/07/25 03:30;101,15
23/07/25 03:45;101,15
23/07/25 04:00;101
23/07/25 04:15;101
23/07/25 04:30;101
23/07/25 04:45;101
23/07/25 05:00;105,46
23/07/25 05:15;105,46
23/07/25 05:30;105,46
23/07/25 05:45;105,46
23/07/25 06:00;113,91
23/07/25 06:15;113,91
23/07/25 06:30;113,91
23/07/25 06:45;113,91
23/07/25 07:00;96,5
23/07/25 07:15;96,5
23/07/25 07:30;96,5
23/07/25 07:45;96,5
23/07/25 08:00;83,31
23/07/25 08:15;83,31
23/07/25 08:30;83,31
23/07/25 08:45;83,31
23/07/25 09:00;76,4
23/07/25 09:15;76,4
23/07/25 09:30;76,4
23/07/25 09:45;76,4
23/07/25 10:00;68,64
23/07/25 10:15;68,64
23/07/25 10:30;68,64
23/07/25 10:45;68,64
23/07/25 11:00;61,97
23/07/25 11:15;61,97
23/07/25 11:30;61,97
23/07/25 11:45;61,97
23/07/25 12:00;51,89
23/07/25 12:15;51,89
23/07/25 12:30;51,89
23/07/25 12:45;51,89
23/07/25 13:00;44,88
23/07/25 13:15;44,88
23/07/25 13:30;44,88
23/07/25 13:45;44,88
23/07/25 14:00;46
23/07/25 14:15;46
23/07/25 14:30;46
23/07/25 14:45;46
23/07/25 15:00;47
23/07/25 15:15;47
23/07/25 15:30;47
23/07/25 15:45;47
23/07/25 16:00;51,76
23/07/25 16:15;51,76
23/07/25 16:30;51,76
23/07/25 16:45;51,76
23/07/25 17:00;52,13
23/07/25 17:15;52,13
23/07/25 17:30;52,13
23/07/25 17:45;52,13
23/07/25 18:00;75,92
23/07/25 18:15;75,92
23/07/25 18:30;75,92
23/07/25 18:45;75,92
23/07/25 19:00;105,46
23/07/25 19:15;105,46
23/07/25 19:30;105,46
23/07/25 19:45;105,46
23/07/25 20:00;112
23/07/25 20:15;112
23/07/25 20:30;112
23/07/25 20:45;112
23/07/25 21:00;109,96
23/07/25 21:15;109,96
23/07/25 21:30;109,96
23/07/25 21:45;109,96
23/07/25 22:00;100,39
23/07/25 22:15;100,39
23/07/25 22:30;100,39
23/07/25 22:45;100,39
23/07/25 23:00;95
23/07/25 23:15;95
23/07/25 23:30;95
23/07/25 23:45;95
24/07/25 00:00;85
24/07/25 00:15;85
24/07/25 00:30;85
24/07/25 00:45;85
24/07/25 01:00;81,88
24/07/25 01:15;81,88
24/07/25 01:30;81,88
24/07/25 01:45;81,88
24/07/25 02:00;71,79
24/07/25 02:15;71,79
24/07/25 02:30;71,79
24/07/25 02:45;71,79
24/07/25 03:00;63,27
24/07/25 03:15;63,27
24/07/25 03:30;63,27
24/07/25 03:45;63,27
24/07/25 04:00;80,9
24/07/25 04:15;80,9
24/07/25 04:30;80,9
24/07/25 04:45;80,9
24/07/25 05:00;85,62
24/07/25 05:15;85,62
24/07/25 05:30;85,62
24/07/25 05:45;85,62
24/07/25 06:00;90,44
24/07/25 06:15;90,44
24/07/25 06:30;90,44
24/07/25 06:45;90,44
24/07/25 07:00;60,51
24/07/25 07:15;60,51
24/07/25 07:30;60,51
24/07/25 07:45;60,51
24/07/25 08:00;35,5
24/07/25 08:15;35,5
24/07/25 08:30;35,5
24/07/25 08:45;35,5
24/07/25 09:00;5,11
24/07/25 09:15;5,11
24/07/25 09:30;5,11
24/07/25 09:45;5,11
24/07/25 10:00;3,52
24/07/25 10:15;3,52
24/07/25 10:30;3,52
24/07/25 10:45;3,52
24/07/25 11:00;2
24/07/25 11:15;2
24/07/25 11:30;2
24/07/25 11:45;2
24/07/25 12:00;3,52
24/07/25 12:15;3,52
24/07/25 12:30;3,52
24/07/25 12:45;3,52
24/07/25 13:00;3,52
24/07/25 13:15;3,52
24/07/25 13:30;3,52
24/07/25 13:45;3,52
24/07/25 14:00;1,72
24/07/25 14:15;1,72
24/07/25 14:30;1,72
24/07/25 14:45;1,72
24/07/25 15:00;1,72
24/07/25 15:15;1,72
24/07/25 15:30;1,72
24/07/25 15:45;1,72
24/07/25 16:00;1,72
24/07/25 16:15;1,72
24/07/25 16:30;1,72
24/07/25 16:45;1,72
24/07/25 17:00;3,52
24/07/25 17:15;3,52
24/07/25 17:30;3,52
24/07/25 17:45;3,52
24/07/25 18:00;29,97
24/07/25 18:15;29,97
24/07/25 18:30;29,97
24/07/25 18:45;29,97
24/07/25 19:00;50
24/07/25 19:15;50
24/07/25 19:30;50
24/07/25 19:45;50
24/07/25 20:00;90,92
24/07/25 20:15;90,92
24/07/25 20:30;90,92
24/07/25 20:45;90,92
24/07/25 21:00;90,68
24/07/25 21:15;90,68
24/07/25 21:30;90,68
24/07/25 21:45;90,68
24/07/25 22:00;71,05
24/07/25 22:15;71,05
24/07/25 22:30;71,05
24/07/25 22:45;71,05
24/07/25 23:00;73,63
24/07/25 23:15;73,63
24/07/25 23:30;73,63
24/07/25 23:45;73,63
25/07/25 00:00;65,95
25/07/25 00:15;65,95
25/07/25 00:30;65,95
25/07/25 00:45;65,95
25/07/25 01:00;62
25/07/25 01:15;62
25/07/25 01:30;62
25/07/25 01:45;62
25/07/25 02:00;58,99
25/07/25 02:15;58,99
25/07/25 02:30;58,99
25/07/25 02:45;58,99
25/07/25 03:00;51,97
25/07/25 03:15;51,97
25/07/25 03:30;51,97
25/07/25 03:45;51,97
25/07/25 04:00;63,43
25/07/25 04:15;63,43
25/07/25 04:30;63,43
25/07/25 04:45;63,43
25/07/25 05:00;65,95
25/07/25 05:15;65,95
25/07/25 05:30;65,95
25/07/25 05:45;65,95
25/07/25 06:00;76
25/07/25 06:15;76
25/07/25 06:30;76
25/07/25 06:45;76
25/07/25 07:00;58,99
25/07/25 07:15;58,99
25/07/25 07:30;58,99
25/07/25 07:45;58,99
25/07/25 08:00;12,75
25/07/25 08:15;12,75
25/07/25 08:30;12,75
25/07/25 08:45;12,75
25/07/25 09:00;2,51
25/07/25 09:15;2,51
25/07/25 09:30;2,51
25/07/25 09:45;2,51
25/07/25 10:00;0,65
25/07/25 10:15;0,65
25/07/25 10:30;0,65
25/07/25 10:45;0,65
25/07/25 11:00;0,75
25/07/25 11:15;0,75
25/07/25 11:30;0,75
25/07/25 11:45;0,75
25/07/25 12:00;0,85
25/07/25 12:15;0,85
25/07/25 12:30;0,85
25/07/25 12:45;0,85
25/07/25 13:00;1,1
25/07/25 13:15;1,1
25/07/25 13:30;1,1
25/07/25 13:45;1,1
25/07/25 14:00;2,51
25/07/25 14:15;2,51
25/07/25 14:30;2,51
25/07/25 14:45;2,51
25/07/25 15:00;4,31
25/07/25 15:15;4,31
25/07/25 15:30;4,31
25/07/25 15:45;4,31
25/07/25 16:00;0,65
25/07/25 16:15;0,65
25/07/25 16:30;0,65
25/07/25 16:45;0,65
25/07/25 17:00;4,31
25/07/25 17:15;4,31
25/07/25 17:30;4,31
25/07/25 17:45;4,31
25/07/25 18:00;30,85
25/07/25 18:15;30,85
25/07/25 18:30;30,85
25/07/25 18:45;30,85
25/07/25 19:00;85
25/07/25 19:15;85
25/07/25 19:30;85
25/07/25 19:45;85
25/07/25 20:00;104,72
25/07/25 20:15;104,72
25/07/25 20:30;104,72
25/07/25 20:45;104,72
25/07/25 21:00;101,94
25/07/25 21:15;101,94
25/07/25 21:30;101,94
25/07/25 21:45;101,94
25/07/25 22:00;79,99
25/07/25 22:15;79,99
25/07/25 22:30;79,99
25/07/25 22:45;79,99
25/07/25 23:00;96,27
25/07/25 23:15;96,27
25/07/25 23:30;96,27
25/07/25 23:45;96,27
26/07/25 00:00;77,16
26/07/25 00:15;77,16
26/07/25 00:30;77,16
26/07/25 00:45;77,16
26/07/25 01:00;66,28
26/07/25 01:15;66,28
26/07/25 01:30;66,28
26/07/25 01:45;66,28
26/07/25 02:00;56,84
26/07/25 02:15;56,84
26/07/25 02:30;56,84
26/07/25 02:45;56,84
26/07/25 03:00;46,4
26/07/25 03:15;46,4
26/07/25 03:30;46,4
26/07/25 03:45;46,4
26/07/25 04:00;50,74
26/07/25 04:15;50,74
26/07/25 04:30;50,74
26/07/25 04:45;50,74
26/07/25 05:00;57,33
26/07/25 05:15;57,33
26/07/25 05:30;57,33
26/07/25 05:45;57,33
26/07/25 06:00;55,01
26/07/25 06:15;55,01
26/07/25 06:30;55,01
26/07/25 06:45;55,01
26/07/25 07:00;41,05
26/07/25 07:15;41,05
26/07/25 07:30;41,05
26/07/25 07:45;41,05
26/07/25 08:00;3,6
26/07/25 08:15;3,6
26/07/25 08:30;3,6
26/07/25 08:45;3,6
26/07/25 09:00;0,65
26/07/25 09:15;0,65
26/07/25 09:30;0,65
26/07/25 09:45;0,65
26/07/25 10:00;0,09
26/07/25 10:15;0,09
26/07/25 10:30;0,09
26/07/25 10:45;0,09
26/07/25 11:00;0,15
26/07/25 11:15;0,15
26/07/25 11:30;0,15
26/07/25 11:45;0,15
26/07/25 12:00;0,09
26/07/25 12:15;0,09
26/07/25 12:30;0,09
26/07/25 12:45;0,09
26/07/25 13:00;0,01
26/07/25 13:15;0,01
26/07/25 13:30;0,01
26/07/25 13:45;0,01
26/07/25 14:00;0
26/07/25 14:15;0
26/07/25 14:30;0
26/07/25 14:45;0
26/07/25 15:00;0
26/07/25 15:15;0
26/07/25 15:30;0
26/07/25 15:45;0
26/07/25 16:00;0
26/07/25 16:15;0
26/07/25 16:30;0
26/07/25 16:45;0
26/07/25 17:00;0,65
26/07/25 17:15;0,65
26/07/25 17:30;0,65
26/07/25 17:45;0,65
26/07/25 18:00;23,99
26/07/25 18:15;23,99
26/07/25 18:30;23,99
26/07/25 18:45;23,99
26/07/25 19:00;65,29
26/07/25 19:15;65,29
26/07/25 19:30;65,29
26/07/25 19:45;65,29
26/07/25 20:00;92,57
26/07/25 20:15;92,57
26/07/25 20:30;92,57
26/07/25 20:45;92,57
26/07/25 21:00;100
26/07/25 21:15;100
26/07/25 21:30;100
26/07/25 21:45;100
26/07/25 22:00;90,66
26/07/25 22:15;90,66
26/07/25 22:30;90,66
26/07/25 22:45;90,66
26/07/25 23:00;72,74
26/07/25 23:15;72,74
26/07/25 23:30;72,74
26/07/25 23:45;72,74
27/07/25 00:00;62,67
27/07/25 00:15;62,67
27/07/25 00:30;62,67
27/07/25 00:45;62,67
27/07/25 01:00;63
27/07/25 01:15;63
27/07/25 01:30;63
27/07/25 01:45;63
27/07/25 02:00;62,94
27/07/25 02:15;62,94
27/07/25 02:30;62,94
27/07/25 02:45;62,94
27/07/25 03:00;56,4
27/07/25 03:15;56,4
27/07/25 03:30;56,4
27/07/25 03:45;56,4
27/07/25 04:00;56,16
27/07/25 04:15;56,16
27/07/25 04:30;56,16
27/07/25 04:45;56,16
27/07/25 05:00;56,16
27/07/25 05:15;56,16
27/07/25 05:30;56,16
27/07/25 05:45;56,16
27/07/25 06:00;50
27/07/25 06:15;50
27/07/25 06:30;50
27/07/25 06:45;50
27/07/25 07:00;32,34
27/07/25 07:15;32,34
27/07/25 07:30;32,34
27/07/25 07:45;32,34
27/07/25 08:00;3,52
27/07/25 08:15;3,52
27/07/25 08:30;3,52
27/07/25 08:45;3,52
27/07/25 09:00;0
27/07/25 09:15;0
27/07/25 09:30;0
27/07/25 09:45;0
27/07/25 10:00;-0,01
27/07/25 10:15;-0,01
27/07/25 10:30;-0,01
27/07/25 10:45;-0,01
27/07/25 11:00;-0,01
27/07/25 11:15;-0,01
27/07/25 11:30;-0,01
27/07/25 11:45;-0,01
27/07/25 12:00;-0,01
27/07/25 12:15;-0,01
27/07/25 12:30;-0,01
27/07/25 12:45;-0,01
27/07/25 13:00;-0,01
27/07/25 13:15;-0,01
27/07/25 13:30;-0,01
27/07/25 13:45;-0,01
27/07/25 14:00;-0,5
27/07/25 14:15;-0,5
27/07/25 14:30;-0,5
27/07/25 14:45;-0,5
27/07/25 15:00;-0,6
27/07/25 15:15;-0,6
27/07/25 15:30;-0,6
27/07/25 15:45;-0,6
27/07/25 16:00;-0,5
27/07/25 16:15;-0,5
27/07/25 16:30;-0,5
27/07/25 16:45;-0,5
27/07/25 17:00;0
27/07/25 17:15;0
27/07/25 17:30;0
27/07/25 17:45;0
27/07/25 18:00;4,9
27/07/25 18:15;4,9
27/07/25 18:30;4,9
27/07/25 18:45;4,9
27/07/25 19:00;40
27/07/25 19:15;40
27/07/25 19:30;40
27/07/25 19:45;40
27/07/25 20:00;62,67
27/07/25 20:15;62,67
27/07/25 20:30;62,67
27/07/25 20:45;62,67
27/07/25 21:00;88,64
27/07/25 21:15;88,64
27/07/25 21:30;88,64
27/07/25 21:45;88,64
27/07/25 22:00;66,95
27/07/25 22:15;66,95
27/07/25 22:30;66,95
27/07/25 22:45;66,95
27/07/25 23:00;62,29
27/07/25 23:15;62,29
27/07/25 23:30;62,29
27/07/25 23:45;62,29
28/07/25 00:00;55,75
28/07/25 00:15;55,75
28/07/25 00:30;55,75
28/07/25 00:45;55,75
28/07/25 01:00;50
28/07/25 01:15;50
28/07/25 01:30;50
28/07/25 01:45;50
28/07/25 02:00;45,03
28/07/25 02:15;45,03
28/07/25 02:30;45,03
28/07/25 02:45;45,03
28/07/25 03:00;42,49
28/07/25 03:15;42,49
28/07/25 03:30;42,49
28/07/25 03:45;42,49
28/07/25 04:00;45,07
28/07/25 04:15;45,07
28/07/25 04:30;45,07
28/07/25 04:45;45,07
28/07/25 05:00;50
28/07/25 05:15;50
28/07/25 05:30;50
28/07/25 05:45;50
28/07/25 06:00;56,23
28/07/25 06:15;56,23
28/07/25 06:30;56,23
28/07/25 06:45;56,23
28/07/25 07:00;63,71
28/07/25 07:15;63,71
28/07/25 07:30;63,71
28/07/25 07:45;63,71
28/07/25 08:00;30
28/07/25 08:15;30
28/07/25 08:30;30
28/07/25 08:45;30
28/07/25 09:00;5,79
28/07/25 09:15;5,79
28/07/25 09:30;5,79
28/07/25 09:45;5,79
28/07/25 10:00;3,52
28/07/25 10:15;3,52
28/07/25 10:30;3,52
28/07/25 10:45;3,52
28/07/25 11:00;1,21
28/07/25 11:15;1,21
28/07/25 11:30;1,21
28/07/25 11:45;1,21
28/07/25 12:00;0,85
28/07/25 12:15;0,85
28/07/25 12:30;0,85
28/07/25 12:45;0,85
28/07/25 13:00;0,85
28/07/25 13:15;0,85
28/07/25 13:30;0,85
28/07/25 13:45;0,85
28/07/25 14:00;0,65
28/07/25 14:15;0,65
28/07/25 14:30;0,65
28/07/25 14:45;0,65
28/07/25 15:00;0,65
28/07/25 15:15;0,65
28/07/25 15:30;0,65
28/07/25 15:45;0,65
28/07/25 16:00;0,9
28/07/25 16:15;0,9
28/07/25 16:30;0,9
28/07/25 16:45;0,9
28/07/25 17:00;3,52
28/07/25 17:15;3,52
28/07/25 17:30;3,52
28/07/25 17:45;3,52
28/07/25 18:00;16
28/07/25 18:15;16
28/07/25 18:30;16
28/07/25 18:45;16
28/07/25 19:00;60
28/07/25 19:15;60
28/07/25 19:30;60
28/07/25 19:45;60
28/07/25 20:00;74,98
28/07/25 20:15;74,98
28/07/25 20:30;74,98
28/07/25 20:45;74,98
28/07/25 21:00;88,54
28/07/25 21:15;88,54
28/07/25 21:30;88,54
28/07/25 21:45;88,54
28/07/25 22:00;63,25
28/07/25 22:15;63,25
28/07/25 22:30;63,25
28/07/25 22:45;63,25
28/07/25 23:00;50,68
28/07/25 23:15;50,68
28/07/25 23:30;50,68
28/07/25 23:45;50,68
29/07/25 00:00;37,97
29/07/25 00:15;37,97
29/07/25 00:30;37,97
29/07/25 00:45;37,97
29/07/25 01:00;34,78
29/07/25 01:15;34,78
29/07/25 01:30;34,78
29/07/25 01:45;34,78
29/07/25 02:00;32
29/07/25 02:15;32
29/07/25 02:30;32
29/07/25 02:45;32
29/07/25 03:00;30,28
29/07/25 03:15;30,28
29/07/25 03:30;30,28
29/07/25 03:45;30,28
29/07/25 04:00;34,78
29/07/25 04:15;34,78
29/07/25 04:30;34,78
29/07/25 04:45;34,78
29/07/25 05:00;45
29/07/25 05:15;45
29/07/25 05:30;45
29/07/25 05:45;45
29/07/25 06:00;50
29/07/25 06:15;50
29/07/25 06:30;50
29/07/25 06:45;50
29/07/25 07:00;49,45
29/07/25 07:15;49,45
29/07/25 07:30;49,45
29/07/25 07:45;49,45
29/07/25 08:00;13
29/07/25 08:15;13
29/07/25 08:30;13
29/07/25 08:45;13
29/07/25 09:00;3,52
29/07/25 09:15;3,52
29/07/25 09:30;3,52
29/07/25 09:45;3,52
29/07/25 10:00;0,09
29/07/25 10:15;0,09
29/07/25 10:30;0,09
29/07/25 10:45;0,09
29/07/25 11:00;0,15
29/07/25 11:15;0,15
29/07/25 11:30;0,15
29/07/25 11:45;0,15
29/07/25 12:00;0,65
29/07/25 12:15;0,65
29/07/25 12:30;0,65
29/07/25 12:45;0,65
29/07/25 13:00;0,65
29/07/25 13:15;0,65
29/07/25 13:30;0,65
29/07/25 13:45;0,65
29/07/25 14:00;0,65
29/07/25 14:15;0,65
29/07/25 14:30;0,65
29/07/25 14:45;0,65
29/07/25 15:00;0,65
29/07/25 15:15;0,65
29/07/25 15:30;0,65
29/07/25 15:45;0,65
29/07/25 16:00;1,11
29/07/25 16:15;1,11
29/07/25 16:30;1,11
29/07/25 16:45;1,11
29/07/25 17:00;8
29/07/25 17:15;8
29/07/25 17:30;8
29/07/25 17:45;8
29/07/25 18:00;35,17
29/07/25 18:15;35,17
29/07/25 18:30;35,17
29/07/25 18:45;35,17
29/07/25 19:00;57,58
29/07/25 19:15;57,58
29/07/25 19:30;57,58
29/07/25 19:45;57,58
29/07/25 20:00;98
29/07/25 20:15;98
29/07/25 20:30;98
29/07/25 20:45;98
29/07/25 21:00;103,27
29/07/25 21:15;103,27
29/07/25 21:30;103,27
29/07/25 21:45;103,27
29/07/25 22:00;84,13
29/07/25 22:15;84,13
29/07/25 22:30;84,13
29/07/25 22:45;84,13
29/07/25 23:00;66,7
29/07/25 23:15;66,7
29/07/25 23:30;66,7
29/07/25 23:45;66,7
30/07/25 00:00;50,92
30/07/25 00:15;50,92
30/07/25 00:30;50,92
30/07/25 00:45;50,92
30/07/25 01:00;43,75
30/07/25 01:15;43,75
30/07/25 01:30;43,75
30/07/25 01:45;43,75
30/07/25 02:00;38,48
30/07/25 02:15;38,48
30/07/25 02:30;38,48
30/07/25 02:45;38,48
30/07/25 03:00;32,55
30/07/25 03:15;32,55
30/07/25 03:30;32,55
30/07/25 03:45;32,55
30/07/25 04:00;38,48
30/07/25 04:15;38,48
30/07/25 04:30;38,48
30/07/25 04:45;38,48
30/07/25 05:00;45,51
30/07/25 05:15;45,51
30/07/25 05:30;45,51
30/07/25 05:45;45,51
30/07/25 06:00;72,96
30/07/25 06:15;72,96
30/07/25 06:30;72,96
30/07/25 06:45;72,96
30/07/25 07:00;57,38
30/07/25 07:15;57,38
30/07/25 07:30;57,38
30/07/25 07:45;57,38
30/07/25 08:00;35,17
30/07/25 08:15;35,17
30/07/25 08:30;35,17
30/07/25 08:45;35,17
30/07/25 09:00;9,07
30/07/25 09:15;9,07
30/07/25 09:30;9,07
30/07/25 09:45;9,07
30/07/25 10:00;3,52
30/07/25 10:15;3,52
30/07/25 10:30;3,52
30/07/25 10:45;3,52
30/07/25 11:00;4,31
30/07/25 11:15;4,31
30/07/25 11:30;4,31
30/07/25 11:45;4,31
30/07/25 12:00;5,11
30/07/25 12:15;5,11
30/07/25 12:30;5,11
30/07/25 12:45;5,11
30/07/25 13:00;5,79
30/07/25 13:15;5,79
30/07/25 13:30;5,79
30/07/25 13:45;5,79
30/07/25 14:00;4,31
30/07/25 14:15;4,31
30/07/25 14:30;4,31
30/07/25 14:45;4,31
30/07/25 15:00;5
30/07/25 15:15;5
30/07/25 15:30;5
30/07/25 15:45;5
30/07/25 16:00;6
30/07/25 16:15;6
30/07/25 16:30;6
30/07/25 16:45;6
30/07/25 17:00;30,5
30/07/25 17:15;30,5
30/07/25 17:30;30,5
30/07/25 17:45;30,5
30/07/25 18:00;39,6
30/07/25 18:15;39,6
30/07/25 18:30;39,6
30/07/25 18:45;39,6
30/07/25 19:00;77,99
30/07/25 19:15;77,99
30/07/25 19:30;77,99
30/07/25 19:45;77,99
30/07/25 20:00;101,49
30/07/25 20:15;101,49
30/07/25 20:30;101,49
30/07/25 20:45;101,49
30/07/25 21:00;104,36
30/07/25 21:15;104,36
30/07/25 21:30;104,36
30/07/25 21:45;104,36
30/07/25 22:00;92,18
30/07/25 22:15;92,18
30/07/25 22:30;92,18
30/07/25 22:45;92,18
30/07/25 23:00;90
30/07/25 23:15;90
30/07/25 23:30;90
30/07/25 23:45;90
31/07/25 00:00;77,37
31/07/25 00:15;77,37
31/07/25 00:30;77,37
31/07/25 00:45;77,37
31/07/25 01:00;71,07
31/07/25 01:15;71,07
31/07/25 01:30;71,07
31/07/25 01:45;71,07
31/07/25 02:00;58,38
31/07/25 02:15;58,38
31/07/25 02:30;58,38
31/07/25 02:45;58,38
31/07/25 03:00;57,75
31/07/25 03:15;57,75
31/07/25 03:30;57,75
31/07/25 03:45;57,75
31/07/25 04:00;59,01
31/07/25 04:15;59,01
31/07/25 04:30;59,01
31/07/25 04:45;59,01
31/07/25 05:00;81,96
31/07/25 05:15;81,96
31/07/25 05:30;81,96
31/07/25 05:45;81,96
31/07/25 06:00;100,46
31/07/25 06:15;100,46
31/07/25 06:30;100,46
31/07/25 06:45;100,46
31/07/25 07:00;91,55
31/07/25 07:15;91,55
31/07/25 07:30;91,55
31/07/25 07:45;91,55
31/07/25 08:00;51,31
31/07/25 08:15;51,31
31/07/25 08:30;51,31
31/07/25 08:45;51,31
31/07/25 09:00;30,5
31/07/25 09:15;30,5
31/07/25 09:30;30,5
31/07/25 09:45;30,5
31/07/25 10:00;23,92
31/07/25 10:15;23,92
31/07/25 10:30;23,92
31/07/25 10:45;23,92
31/07/25 11:00;29,01
31/07/25 11:15;29,01
31/07/25 11:30;29,01
31/07/25 11:45;29,01
31/07/25 12:00;23,5
31/07/25 12:15;23,5
31/07/25 12:30;23,5
31/07/25 12:45;23,5
31/07/25 13:00;25,26
31/07/25 13:15;25,26
31/07/25 13:30;25,26
31/07/25 13:45;25,26
31/07/25 14:00;28,5
31/07/25 14:15;28,5
31/07/25 14:30;28,5
31/07/25 14:45;28,5
31/07/25 15:00;30
31/07/25 15:15;30
31/07/25 15:30;30
31/07/25 15:45;30
31/07/25 16:00;39,1
31/07/25 16:15;39,1
31/07/25 16:30;39,1
31/07/25 16:45;39,1
31/07/25 17:00;54,92
31/07/25 17:15;54,92
31/07/25 17:30;54,92
31/07/25 17:45;54,92
31/07/25 18:00;86,71
31/07/25 18:15;86,71
31/07/25 18:30;86,71
31/07/25 18:45;86,71
31/07/25 19:00;107,99
31/07/25 19:15;107,99
31/07/25 19:30;107,99
31/07/25 19:45;107,99
31/07/25 20:00;114,45
31/07/25 20:15;114,45
31/07/25 20:30;114,45
31/07/25 20:45;114,45
31/07/25 21:00;110,27
31/07/25 21:15;110,27
31/07/25 21:30;110,27
31/07/25 21:45;110,27
31/07/25 22:00;98,32
31/07/25 22:15;98,32
31/07/25 22:30;98,32
31/07/25 22:45;98,32
31/07/25 23:00;102,22
31/07/25 23:15;102,22
31/07/25 23:30;102,22
31/07/25 23:45;102,22
01/08/25 00:00;93,47
01/08/25 00:15;93,47
01/08/25 00:30;93,47
01/08/25 00:45;93,47
01/08/25 01:00;81
01/08/25 01:15;81
01/08/25 01:30;81
01/08/25 01:45;81
01/08/25 02:00;72,55
01/08/25 02:15;72,55
01/08/25 02:30;72,55
01/08/25 02:45;72,55
01/08/25 03:00;63,98
01/08/25 03:15;63,98
01/08/25 03:30;63,98
01/08/25 03:45;63,98
01/08/25 04:00;73,6
01/08/25 04:15;73,6
01/08/25 04:30;73,6
01/08/25 04:45;73,6
01/08/25 05:00;83,14
01/08/25 05:15;83,14
01/08/25 05:30;83,14
01/08/25 05:45;83,14
01/08/25 06:00;100,62
01/08/25 06:15;100,62
01/08/25 06:30;100,62
01/08/25 06:45;100,62
01/08/25 07:00;100
01/08/25 07:15;100
01/08/25 07:30;100
01/08/25 07:45;100
01/08/25 08:00;65,06
01/08/25 08:15;65,06
01/08/25 08:30;65,06
01/08/25 08:45;65,06
01/08/25 09:00;45,81
01/08/25 09:15;45,81
01/08/25 09:30;45,81
01/08/25 09:45;45,81
01/08/25 10:00;35,08
01/08/25 10:15;35,08
01/08/25 10:30;35,08
01/08/25 10:45;35,08
01/08/25 11:00;31,87
01/08/25 11:15;31,87
01/08/25 11:30;31,87
01/08/25 11:45;31,87
01/08/25 12:00;25,06
01/08/25 12:15;25,06
01/08/25 12:30;25,06
01/08/25 12:45;25,06
01/08/25 13:00;20,01
01/08/25 13:15;20,01
01/08/25 13:30;20,01
01/08/25 13:45;20,01
01/08/25 14:00;13,43
01/08/25 14:15;13,43
01/08/25 14:30;13,43
01/08/25 14:45;13,43
01/08/25 15:00;17,42
01/08/25 15:15;17,42
01/08/25 15:30;17,42
01/08/25 15:45;17,42
01/08/25 16:00;27,47
01/08/25 16:15;27,47
01/08/25 16:30;27,47
01/08/25 16:45;27,47
01/08/25 17:00;44,8
01/08/25 17:15;44,8
01/08/25 17:30;44,8
01/08/25 17:45;44,8
01/08/25 18:00;70,12
01/08/25 18:15;70,12
01/08/25 18:30;70,12
01/08/25 18:45;70,12
01/08/25 19:00;87,34
01/08/25 19:15;87,34
01/08/25 19:30;87,34
01/08/25 19:45;87,34
01/08/25 20:00;103,02
01/08/25 20:15;103,02
01/08/25 20:30;103,02
01/08/25 20:45;103,02
01/08/25 21:00;102,52
01/08/25 21:15;102,52
01/08/25 21:30;102,52
01/08/25 21:45;102,52
01/08/25 22:00;95,41
01/08/25 22:15;95,41
01/08/25 22:30;95,41
01/08/25 22:45;95,41
01/08/25 23:00;97,8
01/08/25 23:15;97,8
01/08/25 23:30;97,8
01/08/25 23:45;97,8
02/08/25 00:00;77,08
02/08/25 00:15;77,08
02/08/25 00:30;77,08
02/08/25 00:45;77,08
02/08/25 01:00;65,27
02/08/25 01:15;65,27
02/08/25 01:30;65,27
02/08/25 01:45;65,27
02/08/25 02:00;49,56
02/08/25 02:15;49,56
02/08/25 02:30;49,56
02/08/25 02:45;49,56
02/08/25 03:00;43,33
02/08/25 03:15;43,33
02/08/25 03:30;43,33
02/08/25 03:45;43,33
02/08/25 04:00;44,29
02/08/25 04:15;44,29
02/08/25 04:30;44,29
02/08/25 04:45;44,29
02/08/25 05:00;51,08
02/08/25 05:15;51,08
02/08/25 05:30;51,08
02/08/25 05:45;51,08
02/08/25 06:00;49,81
02/08/25 06:15;49,81
02/08/25 06:30;49,81
02/08/25 06:45;49,81
02/08/25 07:00;37,33
02/08/25 07:15;37,33
02/08/25 07:30;37,33
02/08/25 07:45;37,33
02/08/25 08:00;3,52
02/08/25 08:15;3,52
02/08/25 08:30;3,52
02/08/25 08:45;3,52
02/08/25 09:00;1,06
02/08/25 09:15;1,06
02/08/25 09:30;1,06
02/08/25 09:45;1,06
02/08/25 10:00;0
02/08/25 10:15;0
02/08/25 10:30;0
02/08/25 10:45;0
02/08/25 11:00;0
02/08/25 11:15;0
02/08/25 11:30;0
02/08/25 11:45;0
02/08/25 12:00;0
02/08/25 12:15;0
02/08/25 12:30;0
02/08/25 12:45;0
02/08/25 13:00;0
02/08/25 13:15;0
02/08/25 13:30;0
02/08/25 13:45;0
02/08/25 14:00;0
02/08/25 14:15;0
02/08/25 14:30;0
02/08/25 14:45;0
02/08/25 15:00;0
02/08/25 15:15;0
02/08/25 15:30;0
02/08/25 15:45;0
02/08/25 16:00;0,65
02/08/25 16:15;0,65
02/08/25 16:30;0,65
02/08/25 16:45;0,65
02/08/25 17:00;4,31
02/08/25 17:15;4,31
02/08/25 17:30;4,31
02/08/25 17:45;4,31
02/08/25 18:00;15,2
02/08/25 18:15;15,2
02/08/25 18:30;15,2
02/08/25 18:45;15,2
02/08/25 19:00;74,53
02/08/25 19:15;74,53
02/08/25 19:30;74,53
02/08/25 19:45;74,53
02/08/25 20:00;99,64
02/08/25 20:15;99,64
02/08/25 20:30;99,64
02/08/25 20:45;99,64
02/08/25 21:00;99,64
02/08/25 21:15;99,64
02/08/25 21:30;99,64
02/08/25 21:45;99,64
02/08/25 22:00;80,5
02/08/25 22:15;80,5
02/08/25 22:30;80,5
02/08/25 22:45;80,5
02/08/25 23:00;80,4
02/08/25 23:15;80,4
02/08/25 23:30;80,4
02/08/25 23:45;80,4
03/08/25 00:00;69,26
03/08/25 00:15;69,26
03/08/25 00:30;69,26
03/08/25 00:45;69,26
03/08/25 01:00;42,96
03/08/25 01:15;42,96
03/08/25 01:30;42,96
03/08/25 01:45;42,96
03/08/25 02:00;37,38
03/08/25 02:15;37,38
03/08/25 02:30;37,38
03/08/25 02:45;37,38
03/08/25 03:00;30,02
03/08/25 03:15;30,02
03/08/25 03:30;30,02
03/08/25 03:45;30,02
03/08/25 04:00;30,2
03/08/25 04:15;30,2
03/08/25 04:30;30,2
03/08/25 04:45;30,2
03/08/25 05:00;32,03
03/08/25 05:15;32,03
03/08/25 05:30;32,03
03/08/25 05:45;32,03
03/08/25 06:00;26,28
03/08/25 06:15;26,28
03/08/25 06:30;26,28
03/08/25 06:45;26,28
03/08/25 07:00;6,16
03/08/25 07:15;6,16
03/08/25 07:30;6,16
03/08/25 07:45;6,16
03/08/25 08:00;0
03/08/25 08:15;0
03/08/25 08:30;0
03/08/25 08:45;0
03/08/25 09:00;-1,01
03/08/25 09:15;-1,01
03/08/25 09:30;-1,01
03/08/25 09:45;-1,01
03/08/25 10:00;-2,1
03/08/25 10:15;-2,1
03/08/25 10:30;-2,1
03/08/25 10:45;-2,1
03/08/25 11:00;-2
03/08/25 11:15;-2
03/08/25 11:30;-2
03/08/25 11:45;-2
03/08/25 12:00;0
03/08/25 12:15;0
03/08/25 12:30;0
03/08/25 12:45;0
03/08/25 13:00;0
03/08/25 13:15;0
03/08/25 13:30;0
03/08/25 13:45;0
03/08/25 14:00;-0,01
03/08/25 14:15;-0,01
03/08/25 14:30;-0,01
03/08/25 14:45;-0,01
03/08/25 15:00;-1,2
03/08/25 15:15;-1,2
03/08/25 15:30;-1,2
03/08/25 15:45;-1,2
03/08/25 16:00;0
03/08/25 16:15;0
03/08/25 16:30;0
03/08/25 16:45;0
03/08/25 17:00;0,05
03/08/25 17:15;0,05
03/08/25 17:30;0,05
03/08/25 17:45;0,05
03/08/25 18:00;27,08
03/08/25 18:15;27,08
03/08/25 18:30;27,08
03/08/25 18:45;27,08
03/08/25 19:00;78,2
03/08/25 19:15;78,2
03/08/25 19:30;78,2
03/08/25 19:45;78,2
03/08/25 20:00;96,13
03/08/25 20:15;96,13
03/08/25 20:30;96,13
03/08/25 20:45;96,13
03/08/25 21:00;97,4
03/08/25 21:15;97,4
03/08/25 21:30;97,4
03/08/25 21:45;97,4
03/08/25 22:00;85,09
03/08/25 22:15;85,09
03/08/25 22:30;85,09
03/08/25 22:45;85,09
03/08/25 23:00;80,99
03/08/25 23:15;80,99
03/08/25 23:30;80,99
03/08/25 23:45;80,99
04/08/25 00:00;80,4
04/08/25 00:15;80,4
04/08/25 00:30;80,4
04/08/25 00:45;80,4
04/08/25 01:00;80
04/08/25 01:15;80
04/08/25 01:30;80
04/08/25 01:45;80
04/08/25 02:00;80,4
04/08/25 02:15;80,4
04/08/25 02:30;80,4
04/08/25 02:45;80,4
04/08/25 03:00;85,27
04/08/25 03:15;85,27
04/08/25 03:30;85,27
04/08/25 03:45;85,27
04/08/25 04:00;85,27
04/08/25 04:15;85,27
04/08/25 04:30;85,27
04/08/25 04:45;85,27
04/08/25 05:00;95,67
04/08/25 05:15;95,67
04/08/25 05:30;95,67
04/08/25 05:45;95,67
04/08/25 06:00;106,23
04/08/25 06:15;106,23
04/08/25 06:30;106,23
04/08/25 06:45;106,23
04/08/25 07:00;97,81
04/08/25 07:15;97,81
04/08/25 07:30;97,81
04/08/25 07:45;97,81
04/08/25 08:00;52,57
04/08/25 08:15;52,57
04/08/25 08:30;52,57
04/08/25 08:45;52,57
04/08/25 09:00;30
04/08/25 09:15;30
04/08/25 09:30;30
04/08/25 09:45;30
04/08/25 10:00;13,75
04/08/25 10:15;13,75
04/08/25 10:30;13,75
04/08/25 10:45;13,75
04/08/25 11:00;6,76
04/08/25 11:15;6,76
04/08/25 11:30;6,76
04/08/25 11:45;6,76
04/08/25 12:00;4,31
04/08/25 12:15;4,31
04/08/25 12:30;4,31
04/08/25 12:45;4,31
04/08/25 13:00;4,31
04/08/25 13:15;4,31
04/08/25 13:30;4,31
04/08/25 13:45;4,31
04/08/25 14:00;4,31
04/08/25 14:15;4,31
04/08/25 14:30;4,31
04/08/25 14:45;4,31
04/08/25 15:00;5,79
04/08/25 15:15;5,79
04/08/25 15:30;5,79
04/08/25 15:45;5,79
04/08/25 16:00;26,35
04/08/25 16:15;26,35
04/08/25 16:30;26,35
04/08/25 16:45;26,35
04/08/25 17:00;38,94
04/08/25 17:15;38,94
04/08/25 17:30;38,94
04/08/25 17:45;38,94
04/08/25 18:00;70,77
04/08/25 18:15;70,77
04/08/25 18:30;70,77
04/08/25 18:45;70,77
04/08/25 19:00;103,25
04/08/25 19:15;103,25
04/08/25 19:30;103,25
04/08/25 19:45;103,25
04/08/25 20:00;168,02
04/08/25 20:15;168,02
04/08/25 20:30;168,02
04/08/25 20:45;168,02
04/08/25 21:00;138,8
04/08/25 21:15;138,8
04/08/25 21:30;138,8
04/08/25 21:45;138,8
04/08/25 22:00;115,04
04/08/25 22:15;115,04
04/08/25 22:30;115,04
04/08/25 22:45;115,04
04/08/25 23:00;140,7
04/08/25 23:15;140,7
04/08/25 23:30;140,7
04/08/25 23:45;140,7
05/08/25 00:00;107,94
05/08/25 00:15;107,94
05/08/25 00:30;107,94
05/08/25 00:45;107,94
05/08/25 01:00;95,4
05/08/25 01:15;95,4
05/08/25 01:30;95,4
05/08/25 01:45;95,4
05/08/25 02:00;95,4
05/08/25 02:15;95,4
05/08/25 02:30;95,4
05/08/25 02:45;95,4
05/08/25 03:00;94,5
05/08/25 03:15;94,5
05/08/25 03:30;94,5
05/08/25 03:45;94,5
05/08/25 04:00;91,25
05/08/25 04:15;91,25
05/08/25 04:30;91,25
05/08/25 04:45;91,25
05/08/25 05:00;101,42
05/08/25 05:15;101,42
05/08/25 05:30;101,42
05/08/25 05:45;101,42
05/08/25 06:00;106,22
05/08/25 06:15;106,22
05/08/25 06:30;106,22
05/08/25 06:45;106,22
05/08/25 07:00;80
05/08/25 07:15;80
05/08/25 07:30;80
05/08/25 07:45;80
05/08/25 08:00;30,1
05/08/25 08:15;30,1
05/08/25 08:30;30,1
05/08/25 08:45;30,1
05/08/25 09:00;18,1
05/08/25 09:15;18,1
05/08/25 09:30;18,1
05/08/25 09:45;18,1
05/08/25 10:00;1,72
05/08/25 10:15;1,72
05/08/25 10:30;1,72
05/08/25 10:45;1,72
05/08/25 11:00;0,8
05/08/25 11:15;0,8
05/08/25 11:30;0,8
05/08/25 11:45;0,8
05/08/25 12:00;0,85
05/08/25 12:15;0,85
05/08/25 12:30;0,85
05/08/25 12:45;0,85
05/08/25 13:00;1
05/08/25 13:15;1
05/08/25 13:30;1
05/08/25 13:45;1
05/08/25 14:00;1,01
05/08/25 14:15;1,01
05/08/25 14:30;1,01
05/08/25 14:45;1,01
05/08/25 15:00;1,72
05/08/25 15:15;1,72
05/08/25 15:30;1,72
05/08/25 15:45;1,72
05/08/25 16:00;0,66
05/08/25 16:15;0,66
05/08/25 16:30;0,66
05/08/25 16:45;0,66
05/08/25 17:00;18,1
05/08/25 17:15;18,1
05/08/25 17:30;18,1
05/08/25 17:45;18,1
05/08/25 18:00;56
05/08/25 18:15;56
05/08/25 18:30;56
05/08/25 18:45;56
05/08/25 19:00;84,21
05/08/25 19:15;84,21
05/08/25 19:30;84,21
05/08/25 19:45;84,21
05/08/25 20:00;102,62
05/08/25 20:15;102,62
05/08/25 20:30;102,62
05/08/25 20:45;102,62
05/08/25 21:00;98,36
05/08/25 21:15;98,36
05/08/25 21:30;98,36
05/08/25 21:45;98,36
05/08/25 22:00;83,16
05/08/25 22:15;83,16
05/08/25 22:30;83,16
05/08/25 22:45;83,16
05/08/25 23:00;81,35
05/08/25 23:15;81,35
05/08/25 23:30;81,35
05/08/25 23:45;81,35
06/08/25 00:00;80,32
06/08/25 00:15;80,32
06/08/25 00:30;80,32
06/08/25 00:45;80,32
06/08/25 01:00;80
06/08/25 01:15;80
06/08/25 01:30;80
06/08/25 01:45;80
06/08/25 02:00;80,4
06/08/25 02:15;80,4
06/08/25 02:30;80,4
06/08/25 02:45;80,4
06/08/25 03:00;85,72
06/08/25 03:15;85,72
06/08/25 03:30;85,72
06/08/25 03:45;85,72
06/08/25 04:00;97,35
06/08/25 04:15;97,35
06/08/25 04:30;97,35
06/08/25 04:45;97,35
06/08/25 05:00;94
06/08/25 05:15;94
06/08/25 05:30;94
06/08/25 05:45;94
06/08/25 06:00;104,41
06/08/25 06:15;104,41
06/08/25 06:30;104,41
06/08/25 06:45;104,41
06/08/25 07:00;97,35
06/08/25 07:15;97,35
06/08/25 07:30;97,35
06/08/25 07:45;97,35
06/08/25 08:00;76,95
06/08/25 08:15;76,95
06/08/25 08:30;76,95
06/08/25 08:45;76,95
06/08/25 09:00;51
06/08/25 09:15;51
06/08/25 09:30;51
06/08/25 09:45;51
06/08/25 10:00;27,67
06/08/25 10:15;27,67
06/08/25 10:30;27,67
06/08/25 10:45;27,67
06/08/25 11:00;28,4
06/08/25 11:15;28,4
06/08/25 11:30;28,4
06/08/25 11:45;28,4
06/08/25 12:00;27,2
06/08/25 12:15;27,2
06/08/25 12:30;27,2
06/08/25 12:45;27,2
06/08/25 13:00;27,2
06/08/25 13:15;27,2
06/08/25 13:30;27,2
06/08/25 13:45;27,2
06/08/25 14:00;27,2
06/08/25 14:15;27,2
06/08/25 14:30;27,2
06/08/25 14:45;27,2
06/08/25 15:00;28,8
06/08/25 15:15;28,8
06/08/25 15:30;28,8
06/08/25 15:45;28,8
06/08/25 16:00;52
06/08/25 16:15;52
06/08/25 16:30;52
06/08/25 16:45;52
06/08/25 17:00;80,32
06/08/25 17:15;80,32
06/08/25 17:30;80,32
06/08/25 17:45;80,32
06/08/25 18:00;106,22
06/08/25 18:15;106,22
06/08/25 18:30;106,22
06/08/25 18:45;106,22
06/08/25 19:00;114,64
06/08/25 19:15;114,64
06/08/25 19:30;114,64
06/08/25 19:45;114,64
06/08/25 20:00;170
06/08/25 20:15;170
06/08/25 20:30;170
06/08/25 20:45;170
06/08/25 21:00;150,01
06/08/25 21:15;150,01
06/08/25 21:30;150,01
06/08/25 21:45;150,01
06/08/25 22:00;115,43
06/08/25 22:15;115,43
06/08/25 22:30;115,43
06/08/25 22:45;115,43
06/08/25 23:00;116,95
06/08/25 23:15;116,95
06/08/25 23:30;116,95
06/08/25 23:45;116,95
07/08/25 00:00;108,66
07/08/25 00:15;108,66
07/08/25 00:30;108,66
07/08/25 00:45;108,66
07/08/25 01:00;105
07/08/25 01:15;105
07/08/25 01:30;105
07/08/25 01:45;105
07/08/25 02:00;108,62
07/08/25 02:15;108,62
07/08/25 02:30;108,62
07/08/25 02:45;108,62
07/08/25 03:00;107,96
07/08/25 03:15;107,96
07/08/25 03:30;107,96
07/08/25 03:45;107,96
07/08/25 04:00;108,59
07/08/25 04:15;108,59
07/08/25 04:30;108,59
07/08/25 04:45;108,59
07/08/25 05:00;114,7
07/08/25 05:15;114,7
07/08/25 05:30;114,7
07/08/25 05:45;114,7
07/08/25 06:00;119,28
07/08/25 06:15;119,28
07/08/25 06:30;119,28
07/08/25 06:45;119,28
07/08/25 07:00;119,22
07/08/25 07:15;119,22
07/08/25 07:30;119,22
07/08/25 07:45;119,22
07/08/25 08:00;80,43
07/08/25 08:15;80,43
07/08/25 08:30;80,43
07/08/25 08:45;80,43
07/08/25 09:00;50
07/08/25 09:15;50
07/08/25 09:30;50
07/08/25 09:45;50
07/08/25 10:00;26,39
07/08/25 10:15;26,39
07/08/25 10:30;26,39
07/08/25 10:45;26,39
07/08/25 11:00;26,39
07/08/25 11:15;26,39
07/08/25 11:30;26,39
07/08/25 11:45;26,39
07/08/25 12:00;28,42
07/08/25 12:15;28,42
07/08/25 12:30;28,42
07/08/25 12:45;28,42
07/08/25 13:00;27,2
07/08/25 13:15;27,2
07/08/25 13:30;27,2
07/08/25 13:45;27,2
07/08/25 14:00;26,39
07/08/25 14:15;26,39
07/08/25 14:30;26,39
07/08/25 14:45;26,39
07/08/25 15:00;27,2
07/08/25 15:15;27,2
07/08/25 15:30;27,2
07/08/25 15:45;27,2
07/08/25 16:00;48,97
07/08/25 16:15;48,97
07/08/25 16:30;48,97
07/08/25 16:45;48,97
07/08/25 17:00;70
07/08/25 17:15;70
07/08/25 17:30;70
07/08/25 17:45;70
07/08/25 18:00;101,53
07/08/25 18:15;101,53
07/08/25 18:30;101,53
07/08/25 18:45;101,53
07/08/25 19:00;115,42
07/08/25 19:15;115,42
07/08/25 19:30;115,42
07/08/25 19:45;115,42
07/08/25 20:00;145,01
07/08/25 20:15;145,01
07/08/25 20:30;145,01
07/08/25 20:45;145,01
07/08/25 21:00;125,16
07/08/25 21:15;125,16
07/08/25 21:30;125,16
07/08/25 21:45;125,16
07/08/25 22:00;110
07/08/25 22:15;110
07/08/25 22:30;110
07/08/25 22:45;110
07/08/25 23:00;106,54
07/08/25 23:15;106,54
07/08/25 23:30;106,54
07/08/25 23:45;106,54
08/08/25 00:00;103,4
08/08/25 00:15;103,4
08/08/25 00:30;103,4
08/08/25 00:45;103,4
08/08/25 01:00;104,4
08/08/25 01:15;104,4
08/08/25 01:30;104,4
08/08/25 01:45;104,4
08/08/25 02:00;103,52
08/08/25 02:15;103,52
08/08/25 02:30;103,52
08/08/25 02:45;103,52
08/08/25 03:00;102,39
08/08/25 03:15;102,39
08/08/25 03:30;102,39
08/08/25 03:45;102,39
08/08/25 04:00;104,72
08/08/25 04:15;104,72
08/08/25 04:30;104,72
08/08/25 04:45;104,72
08/08/25 05:00;105,68
08/08/25 05:15;105,68
08/08/25 05:30;105,68
08/08/25 05:45;105,68
08/08/25 06:00;110,46
08/08/25 06:15;110,46
08/08/25 06:30;110,46
08/08/25 06:45;110,46
08/08/25 07:00;104,72
08/08/25 07:15;104,72
08/08/25 07:30;104,72
08/08/25 07:45;104,72
08/08/25 08:00;68,65
08/08/25 08:15;68,65
08/08/25 08:30;68,65
08/08/25 08:45;68,65
08/08/25 09:00;41,13
08/08/25 09:15;41,13
08/08/25 09:30;41,13
08/08/25 09:45;41,13
08/08/25 10:00;20,75
08/08/25 10:15;20,75
08/08/25 10:30;20,75
08/08/25 10:45;20,75
08/08/25 11:00;20,35
08/08/25 11:15;20,35
08/08/25 11:30;20,35
08/08/25 11:45;20,35
08/08/25 12:00;6
08/08/25 12:15;6
08/08/25 12:30;6
08/08/25 12:45;6
08/08/25 13:00;5,79
08/08/25 13:15;5,79
08/08/25 13:30;5,79
08/08/25 13:45;5,79
08/08/25 14:00;20,35
08/08/25 14:15;20,35
08/08/25 14:30;20,35
08/08/25 14:45;20,35
08/08/25 15:00;20,35
08/08/25 15:15;20,35
08/08/25 15:30;20,35
08/08/25 15:45;20,35
08/08/25 16:00;69,6
08/08/25 16:15;69,6
08/08/25 16:30;69,6
08/08/25 16:45;69,6
08/08/25 17:00;68,62
08/08/25 17:15;68,62
08/08/25 17:30;68,62
08/08/25 17:45;68,62
08/08/25 18:00;104,07
08/08/25 18:15;104,07
08/08/25 18:30;104,07
08/08/25 18:45;104,07
08/08/25 19:00;109,9
08/08/25 19:15;109,9
08/08/25 19:30;109,9
08/08/25 19:45;109,9
08/08/25 20:00;136,87
08/08/25 20:15;136,87
08/08/25 20:30;136,87
08/08/25 20:45;136,87
08/08/25 21:00;115,97
08/08/25 21:15;115,97
08/08/25 21:30;115,97
08/08/25 21:45;115,97
08/08/25 22:00;109
08/08/25 22:15;109
08/08/25 22:30;109
08/08/25 22:45;109
08/08/25 23:00;105,43
08/08/25 23:15;105,43
08/08/25 23:30;105,43
08/08/25 23:45;105,43
09/08/25 00:00;105,43
09/08/25 00:15;105,43
09/08/25 00:30;105,43
09/08/25 00:45;105,43
09/08/25 01:00;105,43
09/08/25 01:15;105,43
09/08/25 01:30;105,43
09/08/25 01:45;105,43
09/08/25 02:00;105,41
09/08/25 02:15;105,41
09/08/25 02:30;105,41
09/08/25 02:45;105,41
09/08/25 03:00;104,72
09/08/25 03:15;104,72
09/08/25 03:30;104,72
09/08/25 03:45;104,72
09/08/25 04:00;104,72
09/08/25 04:15;104,72
09/08/25 04:30;104,72
09/08/25 04:45;104,72
09/08/25 05:00;110,7
09/08/25 05:15;110,7
09/08/25 05:30;110,7
09/08/25 05:45;110,7
09/08/25 06:00;113,12
09/08/25 06:15;113,12
09/08/25 06:30;113,12
09/08/25 06:45;113,12
09/08/25 07:00;102,07
09/08/25 07:15;102,07
09/08/25 07:30;102,07
09/08/25 07:45;102,07
09/08/25 08:00;43,09
09/08/25 08:15;43,09
09/08/25 08:30;43,09
09/08/25 08:45;43,09
09/08/25 09:00;0,85
09/08/25 09:15;0,85
09/08/25 09:30;0,85
09/08/25 09:45;0,85
09/08/25 10:00;0,2
09/08/25 10:15;0,2
09/08/25 10:30;0,2
09/08/25 10:45;0,2
09/08/25 11:00;0,1
09/08/25 11:15;0,1
09/08/25 11:30;0,1
09/08/25 11:45;0,1
09/08/25 12:00;0
09/08/25 12:15;0
09/08/25 12:30;0
09/08/25 12:45;0
09/08/25 13:00;0
09/08/25 13:15;0
09/08/25 13:30;0
09/08/25 13:45;0
09/08/25 14:00;0
09/08/25 14:15;0
09/08/25 14:30;0
09/08/25 14:45;0
09/08/25 15:00;0
09/08/25 15:15;0
09/08/25 15:30;0
09/08/25 15:45;0
09/08/25 16:00;3,52
09/08/25 16:15;3,52
09/08/25 16:30;3,52
09/08/25 16:45;3,52
09/08/25 17:00;28,61
09/08/25 17:15;28,61
09/08/25 17:30;28,61
09/08/25 17:45;28,61
09/08/25 18:00;69,99
09/08/25 18:15;69,99
09/08/25 18:30;69,99
09/08/25 18:45;69,99
09/08/25 19:00;94
09/08/25 19:15;94
09/08/25 19:30;94
09/08/25 19:45;94
09/08/25 20:00;100,26
09/08/25 20:15;100,26
09/08/25 20:30;100,26
09/08/25 20:45;100,26
09/08/25 21:00;96,64
09/08/25 21:15;96,64
09/08/25 21:30;96,64
09/08/25 21:45;96,64
09/08/25 22:00;94,78
09/08/25 22:15;94,78
09/08/25 22:30;94,78
09/08/25 22:45;94,78
09/08/25 23:00;104,72
09/08/25 23:15;104,72
09/08/25 23:30;104,72
09/08/25 23:45;104,72
10/08/25 00:00;85,44
10/08/25 00:15;85,44
10/08/25 00:30;85,44
10/08/25 00:45;85,44
10/08/25 01:00;79
10/08/25 01:15;79
10/08/25 01:30;79
10/08/25 01:45;79
10/08/25 02:00;68
10/08/25 02:15;68
10/08/25 02:30;68
10/08/25 02:45;68
10/08/25 03:00;85
10/08/25 03:15;85
10/08/25 03:30;85
10/08/25 03:45;85
10/08/25 04:00;90,5
10/08/25 04:15;90,5
10/08/25 04:30;90,5
10/08/25 04:45;90,5
10/08/25 05:00;96,44
10/08/25 05:15;96,44
10/08/25 05:30;96,44
10/08/25 05:45;96,44
10/08/25 06:00;90
10/08/25 06:15;90
10/08/25 06:30;90
10/08/25 06:45;90
10/08/25 07:00;49,9
10/08/25 07:15;49,9
10/08/25 07:30;49,9
10/08/25 07:45;49,9
10/08/25 08:00;0
10/08/25 08:15;0
10/08/25 08:30;0
10/08/25 08:45;0
10/08/25 09:00;-0,25
10/08/25 09:15;-0,25
10/08/25 09:30;-0,25
10/08/25 09:45;-0,25
10/08/25 10:00;-0,25
10/08/25 10:15;-0,25
10/08/25 10:30;-0,25
10/08/25 10:45;-0,25
10/08/25 11:00;-0,5
10/08/25 11:15;-0,5
10/08/25 11:30;-0,5
10/08/25 11:45;-0,5
10/08/25 12:00;-0,62
10/08/25 12:15;-0,62
10/08/25 12:30;-0,62
10/08/25 12:45;-0,62
10/08/25 13:00;-0,6
10/08/25 13:15;-0,6
10/08/25 13:30;-0,6
10/08/25 13:45;-0,6
10/08/25 14:00;-0,6
10/08/25 14:15;-0,6
10/08/25 14:30;-0,6
10/08/25 14:45;-0,6
10/08/25 15:00;-0,5
10/08/25 15:15;-0,5
10/08/25 15:30;-0,5
10/08/25 15:45;-0,5
10/08/25 16:00;1,72
10/08/25 16:15;1,72
10/08/25 16:30;1,72
10/08/25 16:45;1,72
10/08/25 17:00;26,5
10/08/25 17:15;26,5
10/08/25 17:30;26,5
10/08/25 17:45;26,5
10/08/25 18:00;80,5
10/08/25 18:15;80,5
10/08/25 18:30;80,5
10/08/25 18:45;80,5
10/08/25 19:00;98,01
10/08/25 19:15;98,01
10/08/25 19:30;98,01
10/08/25 19:45;98,01
10/08/25 20:00;130
10/08/25 20:15;130
10/08/25 20:30;130
10/08/25 20:45;130
10/08/25 21:00;136,87
10/08/25 21:15;136,87
10/08/25 21:30;136,87
10/08/25 21:45;136,87
10/08/25 22:00;112,98
10/08/25 22:15;112,98
10/08/25 22:30;112,98
10/08/25 22:45;112,98
10/08/25 23:00;109,7
10/08/25 23:15;109,7
10/08/25 23:30;109,7
10/08/25 23:45;109,7
11/08/25 00:00;100,43
11/08/25 00:15;100,43
11/08/25 00:30;100,43
11/08/25 00:45;100,43
11/08/25 01:00;100
11/08/25 01:15;100
11/08/25 01:30;100
11/08/25 01:45;100
11/08/25 02:00;99,89
11/08/25 02:15;99,89
11/08/25 02:30;99,89
11/08/25 02:45;99,89
11/08/25 03:00;99,18
11/08/25 03:15;99,18
11/08/25 03:30;99,18
11/08/25 03:45;99,18
11/08/25 04:00;99,89
11/08/25 04:15;99,89
11/08/25 04:30;99,89
11/08/25 04:45;99,89
11/08/25 05:00;99,65
11/08/25 05:15;99,65
11/08/25 05:30;99,65
11/08/25 05:45;99,65
11/08/25 06:00;105,43
11/08/25 06:15;105,43
11/08/25 06:30;105,43
11/08/25 06:45;105,43
11/08/25 07:00;100,61
11/08/25 07:15;100,61
11/08/25 07:30;100,61
11/08/25 07:45;100,61
11/08/25 08:00;63,6
11/08/25 08:15;63,6
11/08/25 08:30;63,6
11/08/25 08:45;63,6
11/08/25 09:00;45
11/08/25 09:15;45
11/08/25 09:30;45
11/08/25 09:45;45
11/08/25 10:00;22,51
11/08/25 10:15;22,51
11/08/25 10:30;22,51
11/08/25 10:45;22,51
11/08/25 11:00;15
11/08/25 11:15;15
11/08/25 11:30;15
11/08/25 11:45;15
11/08/25 12:00;15
11/08/25 12:15;15
11/08/25 12:30;15
11/08/25 12:45;15
11/08/25 13:00;10
11/08/25 13:15;10
11/08/25 13:30;10
11/08/25 13:45;10
11/08/25 14:00;9
11/08/25 14:15;9
11/08/25 14:30;9
11/08/25 14:45;9
11/08/25 15:00;44,5
11/08/25 15:15;44,5
11/08/25 15:30;44,5
11/08/25 15:45;44,5
11/08/25 16:00;57,97
11/08/25 16:15;57,97
11/08/25 16:30;57,97
11/08/25 16:45;57,97
11/08/25 17:00;90
11/08/25 17:15;90
11/08/25 17:30;90
11/08/25 17:45;90
11/08/25 18:00;111,24
11/08/25 18:15;111,24
11/08/25 18:30;111,24
11/08/25 18:45;111,24
11/08/25 19:00;135,09
11/08/25 19:15;135,09
11/08/25 19:30;135,09
11/08/25 19:45;135,09
11/08/25 20:00;144,41
11/08/25 20:15;144,41
11/08/25 20:30;144,41
11/08/25 20:45;144,41
11/08/25 21:00;133,51
11/08/25 21:15;133,51
11/08/25 21:30;133,51
11/08/25 21:45;133,51
11/08/25 22:00;110,91
11/08/25 22:15;110,91
11/08/25 22:30;110,91
11/08/25 22:45;110,91
11/08/25 23:00;109,13
11/08/25 23:15;109,13
11/08/25 23:30;109,13
11/08/25 23:45;109,13
12/08/25 00:00;99,94
12/08/25 00:15;99,94
12/08/25 00:30;99,94
12/08/25 00:45;99,94
12/08/25 01:00;104,72
12/08/25 01:15;104,72
12/08/25 01:30;104,72
12/08/25 01:45;104,72
12/08/25 02:00;104,38
12/08/25 02:15;104,38
12/08/25 02:30;104,38
12/08/25 02:45;104,38
12/08/25 03:00;103
12/08/25 03:15;103
12/08/25 03:30;103
12/08/25 03:45;103
12/08/25 04:00;104,38
12/08/25 04:15;104,38
12/08/25 04:30;104,38
12/08/25 04:45;104,38
12/08/25 05:00;99,18
12/08/25 05:15;99,18
12/08/25 05:30;99,18
12/08/25 05:45;99,18
12/08/25 06:00;109,7
12/08/25 06:15;109,7
12/08/25 06:30;109,7
12/08/25 06:45;109,7
12/08/25 07:00;98,69
12/08/25 07:15;98,69
12/08/25 07:30;98,69
12/08/25 07:45;98,69
12/08/25 08:00;96,13
12/08/25 08:15;96,13
12/08/25 08:30;96,13
12/08/25 08:45;96,13
12/08/25 09:00;66,34
12/08/25 09:15;66,34
12/08/25 09:30;66,34
12/08/25 09:45;66,34
12/08/25 10:00;40,94
12/08/25 10:15;40,94
12/08/25 10:30;40,94
12/08/25 10:45;40,94
12/08/25 11:00;27,2
12/08/25 11:15;27,2
12/08/25 11:30;27,2
12/08/25 11:45;27,2
12/08/25 12:00;26,28
12/08/25 12:15;26,28
12/08/25 12:30;26,28
12/08/25 12:45;26,28
12/08/25 13:00;27,2
12/08/25 13:15;27,2
12/08/25 13:30;27,2
12/08/25 13:45;27,2
12/08/25 14:00;35,05
12/08/25 14:15;35,05
12/08/25 14:30;35,05
12/08/25 14:45;35,05
12/08/25 15:00;63,8
12/08/25 15:15;63,8
12/08/25 15:30;63,8
12/08/25 15:45;63,8
12/08/25 16:00;85,82
12/08/25 16:15;85,82
12/08/25 16:30;85,82
12/08/25 16:45;85,82
12/08/25 17:00;96,78
12/08/25 17:15;96,78
12/08/25 17:30;96,78
12/08/25 17:45;96,78
12/08/25 18:00;121,86
12/08/25 18:15;121,86
12/08/25 18:30;121,86
12/08/25 18:45;121,86
12/08/25 19:00;154,93
12/08/25 19:15;154,93
12/08/25 19:30;154,93
12/08/25 19:45;154,93
12/08/25 20:00;140,81
12/08/25 20:15;140,81
12/08/25 20:30;140,81
12/08/25 20:45;140,81
12/08/25 21:00;126,87
12/08/25 21:15;126,87
12/08/25 21:30;126,87
12/08/25 21:45;126,87
12/08/25 22:00;109,7
12/08/25 22:15;109,7
12/08/25 22:30;109,7
12/08/25 22:45;109,7
12/08/25 23:00;109,73
12/08/25 23:15;109,73
12/08/25 23:30;109,73
12/08/25 23:45;109,73
13/08/25 00:00;110,7
13/08/25 00:15;110,7
13/08/25 00:30;110,7
13/08/25 00:45;110,7
13/08/25 01:00;109,98
13/08/25 01:15;109,98
13/08/25 01:30;109,98
13/08/25 01:45;109,98
13/08/25 02:00;105,55
13/08/25 02:15;105,55
13/08/25 02:30;105,55
13/08/25 02:45;105,55
13/08/25 03:00;104,32
13/08/25 03:15;104,32
13/08/25 03:30;104,32
13/08/25 03:45;104,32
13/08/25 04:00;104,32
13/08/25 04:15;104,32
13/08/25 04:30;104,32
13/08/25 04:45;104,32
13/08/25 05:00;105
13/08/25 05:15;105
13/08/25 05:30;105
13/08/25 05:45;105
13/08/25 06:00;121,17
13/08/25 06:15;121,17
13/08/25 06:30;121,17
13/08/25 06:45;121,17
13/08/25 07:00;118,24
13/08/25 07:15;118,24
13/08/25 07:30;118,24
13/08/25 07:45;118,24
13/08/25 08:00;94,1
13/08/25 08:15;94,1
13/08/25 08:30;94,1
13/08/25 08:45;94,1
13/08/25 09:00;90
13/08/25 09:15;90
13/08/25 09:30;90
13/08/25 09:45;90
13/08/25 10:00;71
13/08/25 10:15;71
13/08/25 10:30;71
13/08/25 10:45;71
13/08/25 11:00;63,48
13/08/25 11:15;63,48
13/08/25 11:30;63,48
13/08/25 11:45;63,48
13/08/25 12:00;60
13/08/25 12:15;60
13/08/25 12:30;60
13/08/25 12:45;60
13/08/25 13:00;63,22
13/08/25 13:15;63,22
13/08/25 13:30;63,22
13/08/25 13:45;63,22
13/08/25 14:00;70,9
13/08/25 14:15;70,9
13/08/25 14:30;70,9
13/08/25 14:45;70,9
13/08/25 15:00;84,15
13/08/25 15:15;84,15
13/08/25 15:30;84,15
13/08/25 15:45;84,15
13/08/25 16:00;93,1
13/08/25 16:15;93,1
13/08/25 16:30;93,1
13/08/25 16:45;93,1
13/08/25 17:00;105
13/08/25 17:15;105
13/08/25 17:30;105
13/08/25 17:45;105
13/08/25 18:00;107,23
13/08/25 18:15;107,23
13/08/25 18:30;107,23
13/08/25 18:45;107,23
13/08/25 19:00;155,1
13/08/25 19:15;155,1
13/08/25 19:30;155,1
13/08/25 19:45;155,1
13/08/25 20:00;153
13/08/25 20:15;153
13/08/25 20:30;153
13/08/25 20:45;153
13/08/25 21:00;123,21
13/08/25 21:15;123,21
13/08/25 21:30;123,21
13/08/25 21:45;123,21
13/08/25 22:00;106,27
13/08/25 22:15;106,27
13/08/25 22:30;106,27
13/08/25 22:45;106,27
13/08/25 23:00;126,87
13/08/25 23:15;126,87
13/08/25 23:30;126,87
13/08/25 23:45;126,87
14/08/25 00:00;115,7
14/08/25 00:15;115,7
14/08/25 00:30;115,7
14/08/25 00:45;115,7
14/08/25 01:00;110,28
14/08/25 01:15;110,28
14/08/25 01:30;110,28
14/08/25 01:45;110,28
14/08/25 02:00;105,27
14/08/25 02:15;105,27
14/08/25 02:30;105,27
14/08/25 02:45;105,27
14/08/25 03:00;102
14/08/25 03:15;102
14/08/25 03:30;102
14/08/25 03:45;102
14/08/25 04:00;101,12
14/08/25 04:15;101,12
14/08/25 04:30;101,12
14/08/25 04:45;101,12
14/08/25 05:00;107
14/08/25 05:15;107
14/08/25 05:30;107
14/08/25 05:45;107
14/08/25 06:00;109,65
14/08/25 06:15;109,65
14/08/25 06:30;109,65
14/08/25 06:45;109,65
14/08/25 07:00;99,31
14/08/25 07:15;99,31
14/08/25 07:30;99,31
14/08/25 07:45;99,31
14/08/25 08:00;90,92
14/08/25 08:15;90,92
14/08/25 08:30;90,92
14/08/25 08:45;90,92
14/08/25 09:00;71,67
14/08/25 09:15;71,67
14/08/25 09:30;71,67
14/08/25 09:45;71,67
14/08/25 10:00;67,4
14/08/25 10:15;67,4
14/08/25 10:30;67,4
14/08/25 10:45;67,4
14/08/25 11:00;54,01
14/08/25 11:15;54,01
14/08/25 11:30;54,01
14/08/25 11:45;54,01
14/08/25 12:00;40,91
14/08/25 12:15;40,91
14/08/25 12:30;40,91
14/08/25 12:45;40,91
14/08/25 13:00;54,9
14/08/25 13:15;54,9
14/08/25 13:30;54,9
14/08/25 13:45;54,9
14/08/25 14:00;69,43
14/08/25 14:15;69,43
14/08/25 14:30;69,43
14/08/25 14:45;69,43
14/08/25 15:00;71,67
14/08/25 15:15;71,67
14/08/25 15:30;71,67
14/08/25 15:45;71,67
14/08/25 16:00;80
14/08/25 16:15;80
14/08/25 16:30;80
14/08/25 16:45;80
14/08/25 17:00;102
14/08/25 17:15;102
14/08/25 17:30;102
14/08/25 17:45;102
14/08/25 18:00;115,78
14/08/25 18:15;115,78
14/08/25 18:30;115,78
14/08/25 18:45;115,78
14/08/25 19:00;137,99
14/08/25 19:15;137,99
14/08/25 19:30;137,99
14/08/25 19:45;137,99
14/08/25 20:00;149,02
14/08/25 20:15;149,02
14/08/25 20:30;149,02
14/08/25 20:45;149,02
14/08/25 21:00;125,88
14/08/25 21:15;125,88
14/08/25 21:30;125,88
14/08/25 21:45;125,88
14/08/25 22:00;111,92
14/08/25 22:15;111,92
14/08/25 22:30;111,92
14/08/25 22:45;111,92
14/08/25 23:00;119,07
14/08/25 23:15;119,07
14/08/25 23:30;119,07
14/08/25 23:45;119,07
15/08/25 00:00;105,3
15/08/25 00:15;105,3
15/08/25 00:30;105,3
15/08/25 00:45;105,3
15/08/25 01:00;99,9
15/08/25 01:15;99,9
15/08/25 01:30;99,9
15/08/25 01:45;99,9
15/08/25 02:00;96,22
15/08/25 02:15;96,22
15/08/25 02:30;96,22
15/08/25 02:45;96,22
15/08/25 03:00;93,66
15/08/25 03:15;93,66
15/08/25 03:30;93,66
15/08/25 03:45;93,66
15/08/25 04:00;91,16
15/08/25 04:15;91,16
15/08/25 04:30;91,16
15/08/25 04:45;91,16
15/08/25 05:00;98,5
15/08/25 05:15;98,5
15/08/25 05:30;98,5
15/08/25 05:45;98,5
15/08/25 06:00;97,52
15/08/25 06:15;97,52
15/08/25 06:30;97,52
15/08/25 06:45;97,52
15/08/25 07:00;71,89
15/08/25 07:15;71,89
15/08/25 07:30;71,89
15/08/25 07:45;71,89
15/08/25 08:00;43,97
15/08/25 08:15;43,97
15/08/25 08:30;43,97
15/08/25 08:45;43,97
15/08/25 09:00;6
15/08/25 09:15;6
15/08/25 09:30;6
15/08/25 09:45;6
15/08/25 10:00;3
15/08/25 10:15;3
15/08/25 10:30;3
15/08/25 10:45;3
15/08/25 11:00;0,08
15/08/25 11:15;0,08
15/08/25 11:30;0,08
15/08/25 11:45;0,08
15/08/25 12:00;0
15/08/25 12:15;0
15/08/25 12:30;0
15/08/25 12:45;0
15/08/25 13:00;0
15/08/25 13:15;0
15/08/25 13:30;0
15/08/25 13:45;0
15/08/25 14:00;1,72
15/08/25 14:15;1,72
15/08/25 14:30;1,72
15/08/25 14:45;1,72
15/08/25 15:00;23,53
15/08/25 15:15;23,53
15/08/25 15:30;23,53
15/08/25 15:45;23,53
15/08/25 16:00;33,23
15/08/25 16:15;33,23
15/08/25 16:30;33,23
15/08/25 16:45;33,23
15/08/25 17:00;61,12
15/08/25 17:15;61,12
15/08/25 17:30;61,12
15/08/25 17:45;61,12
15/08/25 18:00;100,82
15/08/25 18:15;100,82
15/08/25 18:30;100,82
15/08/25 18:45;100,82
15/08/25 19:00;111,39
15/08/25 19:15;111,39
15/08/25 19:30;111,39
15/08/25 19:45;111,39
15/08/25 20:00;144,75
15/08/25 20:15;144,75
15/08/25 20:30;144,75
15/08/25 20:45;144,75
15/08/25 21:00;142
15/08/25 21:15;142
15/08/25 21:30;142
15/08/25 21:45;142
15/08/25 22:00;117,63
15/08/25 22:15;117,63
15/08/25 22:30;117,63
15/08/25 22:45;117,63
15/08/25 23:00;118,82
15/08/25 23:15;118,82
15/08/25 23:30;118,82
15/08/25 23:45;118,82
16/08/25 00:00;114,32
16/08/25 00:15;114,32
16/08/25 00:30;114,32
16/08/25 00:45;114,32
16/08/25 01:00;109,69
16/08/25 01:15;109,69
16/08/25 01:30;109,69
16/08/25 01:45;109,69
16/08/25 02:00;105
16/08/25 02:15;105
16/08/25 02:30;105
16/08/25 02:45;105
16/08/25 03:00;104,28
16/08/25 03:15;104,28
16/08/25 03:30;104,28
16/08/25 03:45;104,28
16/08/25 04:00;105,35
16/08/25 04:15;105,35
16/08/25 04:30;105,35
16/08/25 04:45;105,35
16/08/25 05:00;108,43
16/08/25 05:15;108,43
16/08/25 05:30;108,43
16/08/25 05:45;108,43
16/08/25 06:00;111,19
16/08/25 06:15;111,19
16/08/25 06:30;111,19
16/08/25 06:45;111,19
16/08/25 07:00;103,67
16/08/25 07:15;103,67
16/08/25 07:30;103,67
16/08/25 07:45;103,67
16/08/25 08:00;60,93
16/08/25 08:15;60,93
16/08/25 08:30;60,93
16/08/25 08:45;60,93
16/08/25 09:00;26,28
16/08/25 09:15;26,28
16/08/25 09:30;26,28
16/08/25 09:45;26,28
16/08/25 10:00;3,8
16/08/25 10:15;3,8
16/08/25 10:30;3,8
16/08/25 10:45;3,8
16/08/25 11:00;2,01
16/08/25 11:15;2,01
16/08/25 11:30;2,01
16/08/25 11:45;2,01
16/08/25 12:00;2,01
16/08/25 12:15;2,01
16/08/25 12:30;2,01
16/08/25 12:45;2,01
16/08/25 13:00;0,66
16/08/25 13:15;0,66
16/08/25 13:30;0,66
16/08/25 13:45;0,66
16/08/25 14:00;1,1
16/08/25 14:15;1,1
16/08/25 14:30;1,1
16/08/25 14:45;1,1
16/08/25 15:00;3,6
16/08/25 15:15;3,6
16/08/25 15:30;3,6
16/08/25 15:45;3,6
16/08/25 16:00;21,52
16/08/25 16:15;21,52
16/08/25 16:30;21,52
16/08/25 16:45;21,52
16/08/25 17:00;68,8
16/08/25 17:15;68,8
16/08/25 17:30;68,8
16/08/25 17:45;68,8
16/08/25 18:00;100
16/08/25 18:15;100
16/08/25 18:30;100
16/08/25 18:45;100
16/08/25 19:00;111,05
16/08/25 19:15;111,05
16/08/25 19:30;111,05
16/08/25 19:45;111,05
16/08/25 20:00;144
16/08/25 20:15;144
16/08/25 20:30;144
16/08/25 20:45;144
16/08/25 21:00;137
16/08/25 21:15;137
16/08/25 21:30;137
16/08/25 21:45;137
16/08/25 22:00;117,65
16/08/25 22:15;117,65
16/08/25 22:30;117,65
16/08/25 22:45;117,65
16/08/25 23:00;118,58
16/08/25 23:15;118,58
16/08/25 23:30;118,58
16/08/25 23:45;118,58
17/08/25 00:00;113,12
17/08/25 00:15;113,12
17/08/25 00:30;113,12
17/08/25 00:45;113,12
17/08/25 01:00;106,27
17/08/25 01:15;106,27
17/08/25 01:30;106,27
17/08/25 01:45;106,27
17/08/25 02:00;104,59
17/08/25 02:15;104,59
17/08/25 02:30;104,59
17/08/25 02:45;104,59
17/08/25 03:00;104,66
17/08/25 03:15;104,66
17/08/25 03:30;104,66
17/08/25 03:45;104,66
17/08/25 04:00;105,01
17/08/25 04:15;105,01
17/08/25 04:30;105,01
17/08/25 04:45;105,01
17/08/25 05:00;104,34
17/08/25 05:15;104,34
17/08/25 05:30;104,34
17/08/25 05:45;104,34
17/08/25 06:00;96,99
17/08/25 06:15;96,99
17/08/25 06:30;96,99
17/08/25 06:45;96,99
17/08/25 07:00;101,12
17/08/25 07:15;101,12
17/08/25 07:30;101,12
17/08/25 07:45;101,12
17/08/25 08:00;27,2
17/08/25 08:15;27,2
17/08/25 08:30;27,2
17/08/25 08:45;27,2
17/08/25 09:00;9,7
17/08/25 09:15;9,7
17/08/25 09:30;9,7
17/08/25 09:45;9,7
17/08/25 10:00;2,01
17/08/25 10:15;2,01
17/08/25 10:30;2,01
17/08/25 10:45;2,01
17/08/25 11:00;0,65
17/08/25 11:15;0,65
17/08/25 11:30;0,65
17/08/25 11:45;0,65
17/08/25 12:00;0,65
17/08/25 12:15;0,65
17/08/25 12:30;0,65
17/08/25 12:45;0,65
17/08/25 13:00;0,65
17/08/25 13:15;0,65
17/08/25 13:30;0,65
17/08/25 13:45;0,65
17/08/25 14:00;0,65
17/08/25 14:15;0,65
17/08/25 14:30;0,65
17/08/25 14:45;0,65
17/08/25 15:00;5,13
17/08/25 15:15;5,13
17/08/25 15:30;5,13
17/08/25 15:45;5,13
17/08/25 16:00;16,72
17/08/25 16:15;16,72
17/08/25 16:30;16,72
17/08/25 16:45;16,72
17/08/25 17:00;51,45
17/08/25 17:15;51,45
17/08/25 17:30;51,45
17/08/25 17:45;51,45
17/08/25 18:00;94,03
17/08/25 18:15;94,03
17/08/25 18:30;94,03
17/08/25 18:45;94,03
17/08/25 19:00;113,12
17/08/25 19:15;113,12
17/08/25 19:30;113,12
17/08/25 19:45;113,12
17/08/25 20:00;124,65
17/08/25 20:15;124,65
17/08/25 20:30;124,65
17/08/25 20:45;124,65
17/08/25 21:00;131,25
17/08/25 21:15;131,25
17/08/25 21:30;131,25
17/08/25 21:45;131,25
17/08/25 22:00;117,67
17/08/25 22:15;117,67
17/08/25 22:30;117,67
17/08/25 22:45;117,67
17/08/25 23:00;109,52
17/08/25 23:15;109,52
17/08/25 23:30;109,52
17/08/25 23:45;109,52
18/08/25 00:00;105,54
18/08/25 00:15;105,54
18/08/25 00:30;105,54
18/08/25 00:45;105,54
18/08/25 01:00;104,3
18/08/25 01:15;104,3
18/08/25 01:30;104,3
18/08/25 01:45;104,3
18/08/25 02:00;103,1
18/08/25 02:15;103,1
18/08/25 02:30;103,1
18/08/25 02:45;103,1
18/08/25 03:00;99,82
18/08/25 03:15;99,82
18/08/25 03:30;99,82
18/08/25 03:45;99,82
18/08/25 04:00;101,12
18/08/25 04:15;101,12
18/08/25 04:30;101,12
18/08/25 04:45;101,12
18/08/25 05:00;105,34
18/08/25 05:15;105,34
18/08/25 05:30;105,34
18/08/25 05:45;105,34
18/08/25 06:00;106,54
18/08/25 06:15;106,54
18/08/25 06:30;106,54
18/08/25 06:45;106,54
18/08/25 07:00;106,54
18/08/25 07:15;106,54
18/08/25 07:30;106,54
18/08/25 07:45;106,54
18/08/25 08:00;104,56
18/08/25 08:15;104,56
18/08/25 08:30;104,56
18/08/25 08:45;104,56
18/08/25 09:00;97,52
18/08/25 09:15;97,52
18/08/25 09:30;97,52
18/08/25 09:45;97,52
18/08/25 10:00;75,59
18/08/25 10:15;75,59
18/08/25 10:30;75,59
18/08/25 10:45;75,59
18/08/25 11:00;69
18/08/25 11:15;69
18/08/25 11:30;69
18/08/25 11:45;69
18/08/25 12:00;69
18/08/25 12:15;69
18/08/25 12:30;69
18/08/25 12:45;69
18/08/25 13:00;67,9
18/08/25 13:15;67,9
18/08/25 13:30;67,9
18/08/25 13:45;67,9
18/08/25 14:00;60
18/08/25 14:15;60
18/08/25 14:30;60
18/08/25 14:45;60
18/08/25 15:00;69,26
18/08/25 15:15;69,26
18/08/25 15:30;69,26
18/08/25 15:45;69,26
18/08/25 16:00;84,53
18/08/25 16:15;84,53
18/08/25 16:30;84,53
18/08/25 16:45;84,53
18/08/25 17:00;104,07
18/08/25 17:15;104,07
18/08/25 17:30;104,07
18/08/25 17:45;104,07
18/08/25 18:00;115,06
18/08/25 18:15;115,06
18/08/25 18:30;115,06
18/08/25 18:45;115,06
18/08/25 19:00;120
18/08/25 19:15;120
18/08/25 19:30;120
18/08/25 19:45;120
18/08/25 20:00;120,76
18/08/25 20:15;120,76
18/08/25 20:30;120,76
18/08/25 20:45;120,76
18/08/25 21:00;114,32
18/08/25 21:15;114,32
18/08/25 21:30;114,32
18/08/25 21:45;114,32
18/08/25 22:00;106,84
18/08/25 22:15;106,84
18/08/25 22:30;106,84
18/08/25 22:45;106,84
18/08/25 23:00;103,06
18/08/25 23:15;103,06
18/08/25 23:30;103,06
18/08/25 23:45;103,06
19/08/25 00:00;101,12
19/08/25 00:15;101,12
19/08/25 00:30;101,12
19/08/25 00:45;101,12
19/08/25 01:00;98,1
19/08/25 01:15;98,1
19/08/25 01:30;98,1
19/08/25 01:45;98,1
19/08/25 02:00;92,41
19/08/25 02:15;92,41
19/08/25 02:30;92,41
19/08/25 02:45;92,41
19/08/25 03:00;90,37
19/08/25 03:15;90,37
19/08/25 03:30;90,37
19/08/25 03:45;90,37
19/08/25 04:00;91,4
19/08/25 04:15;91,4
19/08/25 04:30;91,4
19/08/25 04:45;91,4
19/08/25 05:00;99
19/08/25 05:15;99
19/08/25 05:30;99
19/08/25 05:45;99
19/08/25 06:00;102,82
19/08/25 06:15;102,82
19/08/25 06:30;102,82
19/08/25 06:45;102,82
19/08/25 07:00;98,1
19/08/25 07:15;98,1
19/08/25 07:30;98,1
19/08/25 07:45;98,1
19/08/25 08:00;88,57
19/08/25 08:15;88,57
19/08/25 08:30;88,57
19/08/25 08:45;88,57
19/08/25 09:00;69,64
19/08/25 09:15;69,64
19/08/25 09:30;69,64
19/08/25 09:45;69,64
19/08/25 10:00;43,23
19/08/25 10:15;43,23
19/08/25 10:30;43,23
19/08/25 10:45;43,23
19/08/25 11:00;30
19/08/25 11:15;30
19/08/25 11:30;30
19/08/25 11:45;30
19/08/25 12:00;29,14
19/08/25 12:15;29,14
19/08/25 12:30;29,14
19/08/25 12:45;29,14
19/08/25 13:00;30,91
19/08/25 13:15;30,91
19/08/25 13:30;30,91
19/08/25 13:45;30,91
19/08/25 14:00;40,54
19/08/25 14:15;40,54
19/08/25 14:30;40,54
19/08/25 14:45;40,54
19/08/25 15:00;46,8
19/08/25 15:15;46,8
19/08/25 15:30;46,8
19/08/25 15:45;46,8
19/08/25 16:00;48,7
19/08/25 16:15;48,7
19/08/25 16:30;48,7
19/08/25 16:45;48,7
19/08/25 17:00;62,2
19/08/25 17:15;62,2
19/08/25 17:30;62,2
19/08/25 17:45;62,2
19/08/25 18:00;88,97
19/08/25 18:15;88,97
19/08/25 18:30;88,97
19/08/25 18:45;88,97
19/08/25 19:00;97,74
19/08/25 19:15;97,74
19/08/25 19:30;97,74
19/08/25 19:45;97,74
19/08/25 20:00;106,85
19/08/25 20:15;106,85
19/08/25 20:30;106,85
19/08/25 20:45;106,85
19/08/25 21:00;106,54
19/08/25 21:15;106,54
19/08/25 21:30;106,54
19/08/25 21:45;106,54
19/08/25 22:00;99
19/08/25 22:15;99
19/08/25 22:30;99
19/08/25 22:45;99
19/08/25 23:00;95,58
19/08/25 23:15;95,58
19/08/25 23:30;95,58
19/08/25 23:45;95,58
20/08/25 00:00;88,03
20/08/25 00:15;88,03
20/08/25 00:30;88,03
20/08/25 00:45;88,03
20/08/25 01:00;83
20/08/25 01:15;83
20/08/25 01:30;83
20/08/25 01:45;83
20/08/25 02:00;81
20/08/25 02:15;81
20/08/25 02:30;81
20/08/25 02:45;81
20/08/25 03:00;76,2
20/08/25 03:15;76,2
20/08/25 03:30;76,2
20/08/25 03:45;76,2
20/08/25 04:00;82
20/08/25 04:15;82
20/08/25 04:30;82
20/08/25 04:45;82
20/08/25 05:00;88,46
20/08/25 05:15;88,46
20/08/25 05:30;88,46
20/08/25 05:45;88,46
20/08/25 06:00;96,54
20/08/25 06:15;96,54
20/08/25 06:30;96,54
20/08/25 06:45;96,54
20/08/25 07:00;89,81
20/08/25 07:15;89,81
20/08/25 07:30;89,81
20/08/25 07:45;89,81
20/08/25 08:00;71,55
20/08/25 08:15;71,55
20/08/25 08:30;71,55
20/08/25 08:45;71,55
20/08/25 09:00;49,8
20/08/25 09:15;49,8
20/08/25 09:30;49,8
20/08/25 09:45;49,8
20/08/25 10:00;49,9
20/08/25 10:15;49,9
20/08/25 10:30;49,9
20/08/25 10:45;49,9
20/08/25 11:00;49,02
20/08/25 11:15;49,02
20/08/25 11:30;49,02
20/08/25 11:45;49,02
20/08/25 12:00;35
20/08/25 12:15;35
20/08/25 12:30;35
20/08/25 12:45;35
20/08/25 13:00;31,53
20/08/25 13:15;31,53
20/08/25 13:30;31,53
20/08/25 13:45;31,53
20/08/25 14:00;27,2
20/08/25 14:15;27,2
20/08/25 14:30;27,2
20/08/25 14:45;27,2
20/08/25 15:00;27,99
20/08/25 15:15;27,99
20/08/25 15:30;27,99
20/08/25 15:45;27,99
20/08/25 16:00;37
20/08/25 16:15;37
20/08/25 16:30;37
20/08/25 16:45;37
20/08/25 17:00;49,27
20/08/25 17:15;49,27
20/08/25 17:30;49,27
20/08/25 17:45;49,27
20/08/25 18:00;69,27
20/08/25 18:15;69,27
20/08/25 18:30;69,27
20/08/25 18:45;69,27
20/08/25 19:00;78,73
20/08/25 19:15;78,73
20/08/25 19:30;78,73
20/08/25 19:45;78,73
20/08/25 20:00;100,07
20/08/25 20:15;100,07
20/08/25 20:30;100,07
20/08/25 20:45;100,07
20/08/25 21:00;97,52
20/08/25 21:15;97,52
20/08/25 21:30;97,52
20/08/25 21:45;97,52
20/08/25 22:00;84,98
20/08/25 22:15;84,98
20/08/25 22:30;84,98
20/08/25 22:45;84,98
20/08/25 23:00;95,28
20/08/25 23:15;95,28
20/08/25 23:30;95,28
20/08/25 23:45;95,28
21/08/25 00:00;88,88
21/08/25 00:15;88,88
21/08/25 00:30;88,88
21/08/25 00:45;88,88
21/08/25 01:00;85,26
21/08/25 01:15;85,26
21/08/25 01:30;85,26
21/08/25 01:45;85,26
21/08/25 02:00;83,68
21/08/25 02:15;83,68
21/08/25 02:30;83,68
21/08/25 02:45;83,68
21/08/25 03:00;82,1
21/08/25 03:15;82,1
21/08/25 03:30;82,1
21/08/25 03:45;82,1
21/08/25 04:00;84
21/08/25 04:15;84
21/08/25 04:30;84
21/08/25 04:45;84
21/08/25 05:00;85,82
21/08/25 05:15;85,82
21/08/25 05:30;85,82
21/08/25 05:45;85,82
21/08/25 06:00;101,12
21/08/25 06:15;101,12
21/08/25 06:30;101,12
21/08/25 06:45;101,12
21/08/25 07:00;85,26
21/08/25 07:15;85,26
21/08/25 07:30;85,26
21/08/25 07:45;85,26
21/08/25 08:00;50,2
21/08/25 08:15;50,2
21/08/25 08:30;50,2
21/08/25 08:45;50,2
21/08/25 09:00;25,67
21/08/25 09:15;25,67
21/08/25 09:30;25,67
21/08/25 09:45;25,67
21/08/25 10:00;10
21/08/25 10:15;10
21/08/25 10:30;10
21/08/25 10:45;10
21/08/25 11:00;7,89
21/08/25 11:15;7,89
21/08/25 11:30;7,89
21/08/25 11:45;7,89
21/08/25 12:00;5,11
21/08/25 12:15;5,11
21/08/25 12:30;5,11
21/08/25 12:45;5,11
21/08/25 13:00;5,11
21/08/25 13:15;5,11
21/08/25 13:30;5,11
21/08/25 13:45;5,11
21/08/25 14:00;4,31
21/08/25 14:15;4,31
21/08/25 14:30;4,31
21/08/25 14:45;4,31
21/08/25 15:00;5,79
21/08/25 15:15;5,79
21/08/25 15:30;5,79
21/08/25 15:45;5,79
21/08/25 16:00;6
21/08/25 16:15;6
21/08/25 16:30;6
21/08/25 16:45;6
21/08/25 17:00;25
21/08/25 17:15;25
21/08/25 17:30;25
21/08/25 17:45;25
21/08/25 18:00;50
21/08/25 18:15;50
21/08/25 18:30;50
21/08/25 18:45;50
21/08/25 19:00;77,84
21/08/25 19:15;77,84
21/08/25 19:30;77,84
21/08/25 19:45;77,84
21/08/25 20:00;83,26
21/08/25 20:15;83,26
21/08/25 20:30;83,26
21/08/25 20:45;83,26
21/08/25 21:00;75
21/08/25 21:15;75
21/08/25 21:30;75
21/08/25 21:45;75
21/08/25 22:00;71,6
21/08/25 22:15;71,6
21/08/25 22:30;71,6
21/08/25 22:45;71,6
21/08/25 23:00;77,1
21/08/25 23:15;77,1
21/08/25 23:30;77,1
21/08/25 23:45;77,1
22/08/25 00:00;72
22/08/25 00:15;72
22/08/25 00:30;72
22/08/25 00:45;72
22/08/25 01:00;68,01
22/08/25 01:15;68,01
22/08/25 01:30;68,01
22/08/25 01:45;68,01
22/08/25 02:00;65,2
22/08/25 02:15;65,2
22/08/25 02:30;65,2
22/08/25 02:45;65,2
22/08/25 03:00;70,01
22/08/25 03:15;70,01
22/08/25 03:30;70,01
22/08/25 03:45;70,01
22/08/25 04:00;69,81
22/08/25 04:15;69,81
22/08/25 04:30;69,81
22/08/25 04:45;69,81
22/08/25 05:00;71,03
22/08/25 05:15;71,03
22/08/25 05:30;71,03
22/08/25 05:45;71,03
22/08/25 06:00;78,06
22/08/25 06:15;78,06
22/08/25 06:30;78,06
22/08/25 06:45;78,06
22/08/25 07:00;75,1
22/08/25 07:15;75,1
22/08/25 07:30;75,1
22/08/25 07:45;75,1
22/08/25 08:00;49,67
22/08/25 08:15;49,67
22/08/25 08:30;49,67
22/08/25 08:45;49,67
22/08/25 09:00;15,57
22/08/25 09:15;15,57
22/08/25 09:30;15,57
22/08/25 09:45;15,57
22/08/25 10:00;5,11
22/08/25 10:15;5,11
22/08/25 10:30;5,11
22/08/25 10:45;5,11
22/08/25 11:00;4,31
22/08/25 11:15;4,31
22/08/25 11:30;4,31
22/08/25 11:45;4,31
22/08/25 12:00;5,79
22/08/25 12:15;5,79
22/08/25 12:30;5,79
22/08/25 12:45;5,79
22/08/25 13:00;5,37
22/08/25 13:15;5,37
22/08/25 13:30;5,37
22/08/25 13:45;5,37
22/08/25 14:00;5,01
22/08/25 14:15;5,01
22/08/25 14:30;5,01
22/08/25 14:45;5,01
22/08/25 15:00;5,79
22/08/25 15:15;5,79
22/08/25 15:30;5,79
22/08/25 15:45;5,79
22/08/25 16:00;20
22/08/25 16:15;20
22/08/25 16:30;20
22/08/25 16:45;20
22/08/25 17:00;35,2
22/08/25 17:15;35,2
22/08/25 17:30;35,2
22/08/25 17:45;35,2
22/08/25 18:00;84,56
22/08/25 18:15;84,56
22/08/25 18:30;84,56
22/08/25 18:45;84,56
22/08/25 19:00;104,53
22/08/25 19:15;104,53
22/08/25 19:30;104,53
22/08/25 19:45;104,53
22/08/25 20:00;103,49
22/08/25 20:15;103,49
22/08/25 20:30;103,49
22/08/25 20:45;103,49
22/08/25 21:00;101,59
22/08/25 21:15;101,59
22/08/25 21:30;101,59
22/08/25 21:45;101,59
22/08/25 22:00;94,37
22/08/25 22:15;94,37
22/08/25 22:30;94,37
22/08/25 22:45;94,37
22/08/25 23:00;95,33
22/08/25 23:15;95,33
22/08/25 23:30;95,33
22/08/25 23:45;95,33
23/08/25 00:00;89,32
23/08/25 00:15;89,32
23/08/25 00:30;89,32
23/08/25 00:45;89,32
23/08/25 01:00;80,94
23/08/25 01:15;80,94
23/08/25 01:30;80,94
23/08/25 01:45;80,94
23/08/25 02:00;78,21
23/08/25 02:15;78,21
23/08/25 02:30;78,21
23/08/25 02:45;78,21
23/08/25 03:00;76,06
23/08/25 03:15;76,06
23/08/25 03:30;76,06
23/08/25 03:45;76,06
23/08/25 04:00;79,1
23/08/25 04:15;79,1
23/08/25 04:30;79,1
23/08/25 04:45;79,1
23/08/25 05:00;84,28
23/08/25 05:15;84,28
23/08/25 05:30;84,28
23/08/25 05:45;84,28
23/08/25 06:00;86,42
23/08/25 06:15;86,42
23/08/25 06:30;86,42
23/08/25 06:45;86,42
23/08/25 07:00;79,15
23/08/25 07:15;79,15
23/08/25 07:30;79,15
23/08/25 07:45;79,15
23/08/25 08:00;55,02
23/08/25 08:15;55,02
23/08/25 08:30;55,02
23/08/25 08:45;55,02
23/08/25 09:00;15,85
23/08/25 09:15;15,85
23/08/25 09:30;15,85
23/08/25 09:45;15,85
23/08/25 10:00;3,46
23/08/25 10:15;3,46
23/08/25 10:30;3,46
23/08/25 10:45;3,46
23/08/25 11:00;1,82
23/08/25 11:15;1,82
23/08/25 11:30;1,82
23/08/25 11:45;1,82
23/08/25 12:00;3
23/08/25 12:15;3
23/08/25 12:30;3
23/08/25 12:45;3
23/08/25 13:00;0,65
23/08/25 13:15;0,65
23/08/25 13:30;0,65
23/08/25 13:45;0,65
23/08/25 14:00;3,52
23/08/25 14:15;3,52
23/08/25 14:30;3,52
23/08/25 14:45;3,52
23/08/25 15:00;11,99
23/08/25 15:15;11,99
23/08/25 15:30;11,99
23/08/25 15:45;11,99
23/08/25 16:00;38,38
23/08/25 16:15;38,38
23/08/25 16:30;38,38
23/08/25 16:45;38,38
23/08/25 17:00;64,64
23/08/25 17:15;64,64
23/08/25 17:30;64,64
23/08/25 17:45;64,64
23/08/25 18:00;106,96
23/08/25 18:15;106,96
23/08/25 18:30;106,96
23/08/25 18:45;106,96
23/08/25 19:00;118,85
23/08/25 19:15;118,85
23/08/25 19:30;118,85
23/08/25 19:45;118,85
23/08/25 20:00;130,87
23/08/25 20:15;130,87
23/08/25 20:30;130,87
23/08/25 20:45;130,87
23/08/25 21:00;111,16
23/08/25 21:15;111,16
23/08/25 21:30;111,16
23/08/25 21:45;111,16
23/08/25 22:00;108,96
23/08/25 22:15;108,96
23/08/25 22:30;108,96
23/08/25 22:45;108,96
23/08/25 23:00;106
23/08/25 23:15;106
23/08/25 23:30;106
23/08/25 23:45;106
24/08/25 00:00;101,12
24/08/25 00:15;101,12
24/08/25 00:30;101,12
24/08/25 00:45;101,12
24/08/25 01:00;97,52
24/08/25 01:15;97,52
24/08/25 01:30;97,52
24/08/25 01:45;97,52
24/08/25 02:00;94,24
24/08/25 02:15;94,24
24/08/25 02:30;94,24
24/08/25 02:45;94,24
24/08/25 03:00;93,76
24/08/25 03:15;93,76
24/08/25 03:30;93,76
24/08/25 03:45;93,76
24/08/25 04:00;94
24/08/25 04:15;94
24/08/25 04:30;94
24/08/25 04:45;94
24/08/25 05:00;94,24
24/08/25 05:15;94,24
24/08/25 05:30;94,24
24/08/25 05:45;94,24
24/08/25 06:00;95,96
24/08/25 06:15;95,96
24/08/25 06:30;95,96
24/08/25 06:45;95,96
24/08/25 07:00;75
24/08/25 07:15;75
24/08/25 07:30;75
24/08/25 07:45;75
24/08/25 08:00;25
24/08/25 08:15;25
24/08/25 08:30;25
24/08/25 08:45;25
24/08/25 09:00;0
24/08/25 09:15;0
24/08/25 09:30;0
24/08/25 09:45;0
24/08/25 10:00;-0,01
24/08/25 10:15;-0,01
24/08/25 10:30;-0,01
24/08/25 10:45;-0,01
24/08/25 11:00;-0,01
24/08/25 11:15;-0,01
24/08/25 11:30;-0,01
24/08/25 11:45;-0,01
24/08/25 12:00;0
24/08/25 12:15;0
24/08/25 12:30;0
24/08/25 12:45;0
24/08/25 13:00;-0,01
24/08/25 13:15;-0,01
24/08/25 13:30;-0,01
24/08/25 13:45;-0,01
24/08/25 14:00;-0,1
24/08/25 14:15;-0,1
24/08/25 14:30;-0,1
24/08/25 14:45;-0,1
24/08/25 15:00;0
24/08/25 15:15;0
24/08/25 15:30;0
24/08/25 15:45;0
24/08/25 16:00;12,93
24/08/25 16:15;12,93
24/08/25 16:30;12,93
24/08/25 16:45;12,93
24/08/25 17:00;61,15
24/08/25 17:15;61,15
24/08/25 17:30;61,15
24/08/25 17:45;61,15
24/08/25 18:00;98,57
24/08/25 18:15;98,57
24/08/25 18:30;98,57
24/08/25 18:45;98,57
24/08/25 19:00;114,99
24/08/25 19:15;114,99
24/08/25 19:30;114,99
24/08/25 19:45;114,99
24/08/25 20:00;114,32
24/08/25 20:15;114,32
24/08/25 20:30;114,32
24/08/25 20:45;114,32
24/08/25 21:00;111,92
24/08/25 21:15;111,92
24/08/25 21:30;111,92
24/08/25 21:45;111,92
24/08/25 22:00;105,77
24/08/25 22:15;105,77
24/08/25 22:30;105,77
24/08/25 22:45;105,77
24/08/25 23:00;111,92
24/08/25 23:15;111,92
24/08/25 23:30;111,92
24/08/25 23:45;111,92
25/08/25 00:00;107,5
25/08/25 00:15;107,5
25/08/25 00:30;107,5
25/08/25 00:45;107,5
25/08/25 01:00;104,99
25/08/25 01:15;104,99
25/08/25 01:30;104,99
25/08/25 01:45;104,99
25/08/25 02:00;101,12
25/08/25 02:15;101,12
25/08/25 02:30;101,12
25/08/25 02:45;101,12
25/08/25 03:00;98,35
25/08/25 03:15;98,35
25/08/25 03:30;98,35
25/08/25 03:45;98,35
25/08/25 04:00;104,99
25/08/25 04:15;104,99
25/08/25 04:30;104,99
25/08/25 04:45;104,99
25/08/25 05:00;108,73
25/08/25 05:15;108,73
25/08/25 05:30;108,73
25/08/25 05:45;108,73
25/08/25 06:00;114,32
25/08/25 06:15;114,32
25/08/25 06:30;114,32
25/08/25 06:45;114,32
25/08/25 07:00;114,32
25/08/25 07:15;114,32
25/08/25 07:30;114,32
25/08/25 07:45;114,32
25/08/25 08:00;108,32
25/08/25 08:15;108,32
25/08/25 08:30;108,32
25/08/25 08:45;108,32
25/08/25 09:00;89,51
25/08/25 09:15;89,51
25/08/25 09:30;89,51
25/08/25 09:45;89,51
25/08/25 10:00;65,01
25/08/25 10:15;65,01
25/08/25 10:30;65,01
25/08/25 10:45;65,01
25/08/25 11:00;55,2
25/08/25 11:15;55,2
25/08/25 11:30;55,2
25/08/25 11:45;55,2
25/08/25 12:00;35
25/08/25 12:15;35
25/08/25 12:30;35
25/08/25 12:45;35
25/08/25 13:00;26,17
25/08/25 13:15;26,17
25/08/25 13:30;26,17
25/08/25 13:45;26,17
25/08/25 14:00;25,2
25/08/25 14:15;25,2
25/08/25 14:30;25,2
25/08/25 14:45;25,2
25/08/25 15:00;56,43
25/08/25 15:15;56,43
25/08/25 15:30;56,43
25/08/25 15:45;56,43
25/08/25 16:00;70,1
25/08/25 16:15;70,1
25/08/25 16:30;70,1
25/08/25 16:45;70,1
25/08/25 17:00;97,43
25/08/25 17:15;97,43
25/08/25 17:30;97,43
25/08/25 17:45;97,43
25/08/25 18:00;114,78
25/08/25 18:15;114,78
25/08/25 18:30;114,78
25/08/25 18:45;114,78
25/08/25 19:00;125,95
25/08/25 19:15;125,95
25/08/25 19:30;125,95
25/08/25 19:45;125,95
25/08/25 20:00;142
25/08/25 20:15;142
25/08/25 20:30;142
25/08/25 20:45;142
25/08/25 21:00;123,11
25/08/25 21:15;123,11
25/08/25 21:30;123,11
25/08/25 21:45;123,11
25/08/25 22:00;114,68
25/08/25 22:15;114,68
25/08/25 22:30;114,68
25/08/25 22:45;114,68
25/08/25 23:00;106,76
25/08/25 23:15;106,76
25/08/25 23:30;106,76
25/08/25 23:45;106,76
26/08/25 00:00;102,4
26/08/25 00:15;102,4
26/08/25 00:30;102,4
26/08/25 00:45;102,4
26/08/25 01:00;99,99
26/08/25 01:15;99,99
26/08/25 01:30;99,99
26/08/25 01:45;99,99
26/08/25 02:00;99,6
26/08/25 02:15;99,6
26/08/25 02:30;99,6
26/08/25 02:45;99,6
26/08/25 03:00;100,78
26/08/25 03:15;100,78
26/08/25 03:30;100,78
26/08/25 03:45;100,78
26/08/25 04:00;102,4
26/08/25 04:15;102,4
26/08/25 04:30;102,4
26/08/25 04:45;102,4
26/08/25 05:00;109,52
26/08/25 05:15;109,52
26/08/25 05:30;109,52
26/08/25 05:45;109,52
26/08/25 06:00;125,95
26/08/25 06:15;125,95
26/08/25 06:30;125,95
26/08/25 06:45;125,95
26/08/25 07:00;112,79
26/08/25 07:15;112,79
26/08/25 07:30;112,79
26/08/25 07:45;112,79
26/08/25 08:00;97,52
26/08/25 08:15;97,52
26/08/25 08:30;97,52
26/08/25 08:45;97,52
26/08/25 09:00;70
26/08/25 09:15;70
26/08/25 09:30;70
26/08/25 09:45;70
26/08/25 10:00;60,65
26/08/25 10:15;60,65
26/08/25 10:30;60,65
26/08/25 10:45;60,65
26/08/25 11:00;41,25
26/08/25 11:15;41,25
26/08/25 11:30;41,25
26/08/25 11:45;41,25
26/08/25 12:00;26,28
26/08/25 12:15;26,28
26/08/25 12:30;26,28
26/08/25 12:45;26,28
26/08/25 13:00;38,05
26/08/25 13:15;38,05
26/08/25 13:30;38,05
26/08/25 13:45;38,05
26/08/25 14:00;47,44
26/08/25 14:15;47,44
26/08/25 14:30;47,44
26/08/25 14:45;47,44
26/08/25 15:00;60
26/08/25 15:15;60
26/08/25 15:30;60
26/08/25 15:45;60
26/08/25 16:00;65,03
26/08/25 16:15;65,03
26/08/25 16:30;65,03
26/08/25 16:45;65,03
26/08/25 17:00;76,1
26/08/25 17:15;76,1
26/08/25 17:30;76,1
26/08/25 17:45;76,1
26/08/25 18:00;103,14
26/08/25 18:15;103,14
26/08/25 18:30;103,14
26/08/25 18:45;103,14
26/08/25 19:00;117
26/08/25 19:15;117
26/08/25 19:30;117
26/08/25 19:45;117
26/08/25 20:00;123,46
26/08/25 20:15;123,46
26/08/25 20:30;123,46
26/08/25 20:45;123,46
26/08/25 21:00;113,12
26/08/25 21:15;113,12
26/08/25 21:30;113,12
26/08/25 21:45;113,12
26/08/25 22:00;106,79
26/08/25 22:15;106,79
26/08/25 22:30;106,79
26/08/25 22:45;106,79
26/08/25 23:00;109,1
26/08/25 23:15;109,1
26/08/25 23:30;109,1
26/08/25 23:45;109,1
27/08/25 00:00;102,84
27/08/25 00:15;102,84
27/08/25 00:30;102,84
27/08/25 00:45;102,84
27/08/25 01:00;101,12
27/08/25 01:15;101,12
27/08/25 01:30;101,12
27/08/25 01:45;101,12
27/08/25 02:00;97,54
27/08/25 02:15;97,54
27/08/25 02:30;97,54
27/08/25 02:45;97,54
27/08/25 03:00;93,05
27/08/25 03:15;93,05
27/08/25 03:30;93,05
27/08/25 03:45;93,05
27/08/25 04:00;93,05
27/08/25 04:15;93,05
27/08/25 04:30;93,05
27/08/25 04:45;93,05
27/08/25 05:00;102,84
27/08/25 05:15;102,84
27/08/25 05:30;102,84
27/08/25 05:45;102,84
27/08/25 06:00;113,12
27/08/25 06:15;113,12
27/08/25 06:30;113,12
27/08/25 06:45;113,12
27/08/25 07:00;113,64
27/08/25 07:15;113,64
27/08/25 07:30;113,64
27/08/25 07:45;113,64
27/08/25 08:00;101,63
27/08/25 08:15;101,63
27/08/25 08:30;101,63
27/08/25 08:45;101,63
27/08/25 09:00;85,21
27/08/25 09:15;85,21
27/08/25 09:30;85,21
27/08/25 09:45;85,21
27/08/25 10:00;77,75
27/08/25 10:15;77,75
27/08/25 10:30;77,75
27/08/25 10:45;77,75
27/08/25 11:00;63,65
27/08/25 11:15;63,65
27/08/25 11:30;63,65
27/08/25 11:45;63,65
27/08/25 12:00;49,85
27/08/25 12:15;49,85
27/08/25 12:30;49,85
27/08/25 12:45;49,85
27/08/25 13:00;50,62
27/08/25 13:15;50,62
27/08/25 13:30;50,62
27/08/25 13:45;50,62
27/08/25 14:00;50,62
27/08/25 14:15;50,62
27/08/25 14:30;50,62
27/08/25 14:45;50,62
27/08/25 15:00;51,14
27/08/25 15:15;51,14
27/08/25 15:30;51,14
27/08/25 15:45;51,14
27/08/25 16:00;51,4
27/08/25 16:15;51,4
27/08/25 16:30;51,4
27/08/25 16:45;51,4
27/08/25 17:00;64,9
27/08/25 17:15;64,9
27/08/25 17:30;64,9
27/08/25 17:45;64,9
27/08/25 18:00;99
27/08/25 18:15;99
27/08/25 18:30;99
27/08/25 18:45;99
27/08/25 19:00;109,1
27/08/25 19:15;109,1
27/08/25 19:30;109,1
27/08/25 19:45;109,1
27/08/25 20:00;114,32
27/08/25 20:15;114,32
27/08/25 20:30;114,32
27/08/25 20:45;114,32
27/08/25 21:00;113,63
27/08/25 21:15;113,63
27/08/25 21:30;113,63
27/08/25 21:45;113,63
27/08/25 22:00;103,57
27/08/25 22:15;103,57
27/08/25 22:30;103,57
27/08/25 22:45;103,57
27/08/25 23:00;97,15
27/08/25 23:15;97,15
27/08/25 23:30;97,15
27/08/25 23:45;97,15
28/08/25 00:00;90,14
28/08/25 00:15;90,14
28/08/25 00:30;90,14
28/08/25 00:45;90,14
28/08/25 01:00;86,07
28/08/25 01:15;86,07
28/08/25 01:30;86,07
28/08/25 01:45;86,07
28/08/25 02:00;73,25
28/08/25 02:15;73,25
28/08/25 02:30;73,25
28/08/25 02:45;73,25
28/08/25 03:00;69,4
28/08/25 03:15;69,4
28/08/25 03:30;69,4
28/08/25 03:45;69,4
28/08/25 04:00;76,42
28/08/25 04:15;76,42
28/08/25 04:30;76,42
28/08/25 04:45;76,42
28/08/25 05:00;83,38
28/08/25 05:15;83,38
28/08/25 05:30;83,38
28/08/25 05:45;83,38
28/08/25 06:00;90,38
28/08/25 06:15;90,38
28/08/25 06:30;90,38
28/08/25 06:45;90,38
28/08/25 07:00;90,38
28/08/25 07:15;90,38
28/08/25 07:30;90,38
28/08/25 07:45;90,38
28/08/25 08:00;69,4
28/08/25 08:15;69,4
28/08/25 08:30;69,4
28/08/25 08:45;69,4
28/08/25 09:00;17,35
28/08/25 09:15;17,35
28/08/25 09:30;17,35
28/08/25 09:45;17,35
28/08/25 10:00;9,65
28/08/25 10:15;9,65
28/08/25 10:30;9,65
28/08/25 10:45;9,65
28/08/25 11:00;5,64
28/08/25 11:15;5,64
28/08/25 11:30;5,64
28/08/25 11:45;5,64
28/08/25 12:00;4,31
28/08/25 12:15;4,31
28/08/25 12:30;4,31
28/08/25 12:45;4,31
28/08/25 13:00;0,65
28/08/25 13:15;0,65
28/08/25 13:30;0,65
28/08/25 13:45;0,65
28/08/25 14:00;0,01
28/08/25 14:15;0,01
28/08/25 14:30;0,01
28/08/25 14:45;0,01
28/08/25 15:00;0,65
28/08/25 15:15;0,65
28/08/25 15:30;0,65
28/08/25 15:45;0,65
28/08/25 16:00;1,5
28/08/25 16:15;1,5
28/08/25 16:30;1,5
28/08/25 16:45;1,5
28/08/25 17:00;5,11
28/08/25 17:15;5,11
28/08/25 17:30;5,11
28/08/25 17:45;5,11
28/08/25 18:00;65,28
28/08/25 18:15;65,28
28/08/25 18:30;65,28
28/08/25 18:45;65,28
28/08/25 19:00;90
28/08/25 19:15;90
28/08/25 19:30;90
28/08/25 19:45;90
28/08/25 20:00;97,08
28/08/25 20:15;97,08
28/08/25 20:30;97,08
28/08/25 20:45;97,08
28/08/25 21:00;93,77
28/08/25 21:15;93,77
28/08/25 21:30;93,77
28/08/25 21:45;93,77
28/08/25 22:00;88,09
28/08/25 22:15;88,09
28/08/25 22:30;88,09
28/08/25 22:45;88,09
28/08/25 23:00;82,7
28/08/25 23:15;82,7
28/08/25 23:30;82,7
28/08/25 23:45;82,7
29/08/25 00:00;79,64
29/08/25 00:15;79,64
29/08/25 00:30;79,64
29/08/25 00:45;79,64
29/08/25 01:00;72,2
29/08/25 01:15;72,2
29/08/25 01:30;72,2
29/08/25 01:45;72,2
29/08/25 02:00;60
29/08/25 02:15;60
29/08/25 02:30;60
29/08/25 02:45;60
29/08/25 03:00;54,43
29/08/25 03:15;54,43
29/08/25 03:30;54,43
29/08/25 03:45;54,43
29/08/25 04:00;54,6
29/08/25 04:15;54,6
29/08/25 04:30;54,6
29/08/25 04:45;54,6
29/08/25 05:00;75,01
29/08/25 05:15;75,01
29/08/25 05:30;75,01
29/08/25 05:45;75,01
29/08/25 06:00;80,2
29/08/25 06:15;80,2
29/08/25 06:30;80,2
29/08/25 06:45;80,2
29/08/25 07:00;70,09
29/08/25 07:15;70,09
29/08/25 07:30;70,09
29/08/25 07:45;70,09
29/08/25 08:00;42,47
29/08/25 08:15;42,47
29/08/25 08:30;42,47
29/08/25 08:45;42,47
29/08/25 09:00;5
29/08/25 09:15;5
29/08/25 09:30;5
29/08/25 09:45;5
29/08/25 10:00;0,83
29/08/25 10:15;0,83
29/08/25 10:30;0,83
29/08/25 10:45;0,83
29/08/25 11:00;0,65
29/08/25 11:15;0,65
29/08/25 11:30;0,65
29/08/25 11:45;0,65
29/08/25 12:00;0,01
29/08/25 12:15;0,01
29/08/25 12:30;0,01
29/08/25 12:45;0,01
29/08/25 13:00;0
29/08/25 13:15;0
29/08/25 13:30;0
29/08/25 13:45;0
29/08/25 14:00;0
29/08/25 14:15;0
29/08/25 14:30;0
29/08/25 14:45;0
29/08/25 15:00;0
29/08/25 15:15;0
29/08/25 15:30;0
29/08/25 15:45;0
29/08/25 16:00;0
29/08/25 16:15;0
29/08/25 16:30;0
29/08/25 16:45;0
29/08/25 17:00;3,52
29/08/25 17:15;3,52
29/08/25 17:30;3,52
29/08/25 17:45;3,52
29/08/25 18:00;53,55
29/08/25 18:15;53,55
29/08/25 18:30;53,55
29/08/25 18:45;53,55
29/08/25 19:00;81,8
29/08/25 19:15;81,8
29/08/25 19:30;81,8
29/08/25 19:45;81,8
29/08/25 20:00;100,01
29/08/25 20:15;100,01
29/08/25 20:30;100,01
29/08/25 20:45;100,01
29/08/25 21:00;95,14
29/08/25 21:15;95,14
29/08/25 21:30;95,14
29/08/25 21:45;95,14
29/08/25 22:00;86,17
29/08/25 22:15;86,17
29/08/25 22:30;86,17
29/08/25 22:45;86,17
29/08/25 23:00;91,56
29/08/25 23:15;91,56
29/08/25 23:30;91,56
29/08/25 23:45;91,56
30/08/25 00:00;86,64
30/08/25 00:15;86,64
30/08/25 00:30;86,64
30/08/25 00:45;86,64
30/08/25 01:00;87,56
30/08/25 01:15;87,56
30/08/25 01:30;87,56
30/08/25 01:45;87,56
30/08/25 02:00;83,48
30/08/25 02:15;83,48
30/08/25 02:30;83,48
30/08/25 02:45;83,48
30/08/25 03:00;80,88
30/08/25 03:15;80,88
30/08/25 03:30;80,88
30/08/25 03:45;80,88
30/08/25 04:00;80,64
30/08/25 04:15;80,64
30/08/25 04:30;80,64
30/08/25 04:45;80,64
30/08/25 05:00;85,06
30/08/25 05:15;85,06
30/08/25 05:30;85,06
30/08/25 05:45;85,06
30/08/25 06:00;88,29
30/08/25 06:15;88,29
30/08/25 06:30;88,29
30/08/25 06:45;88,29
30/08/25 07:00;77
30/08/25 07:15;77
30/08/25 07:30;77
30/08/25 07:45;77
30/08/25 08:00;32
30/08/25 08:15;32
30/08/25 08:30;32
30/08/25 08:45;32
30/08/25 09:00;9,5
30/08/25 09:15;9,5
30/08/25 09:30;9,5
30/08/25 09:45;9,5
30/08/25 10:00;1,99
30/08/25 10:15;1,99
30/08/25 10:30;1,99
30/08/25 10:45;1,99
30/08/25 11:00;0
30/08/25 11:15;0
30/08/25 11:30;0
30/08/25 11:45;0
30/08/25 12:00;0
30/08/25 12:15;0
30/08/25 12:30;0
30/08/25 12:45;0
30/08/25 13:00;-0,01
30/08/25 13:15;-0,01
30/08/25 13:30;-0,01
30/08/25 13:45;-0,01
30/08/25 14:00;0
30/08/25 14:15;0
30/08/25 14:30;0
30/08/25 14:45;0
30/08/25 15:00;0
30/08/25 15:15;0
30/08/25 15:30;0
30/08/25 15:45;0
30/08/25 16:00;0
30/08/25 16:15;0
30/08/25 16:30;0
30/08/25 16:45;0
30/08/25 17:00;8,16
30/08/25 17:15;8,16
30/08/25 17:30;8,16
30/08/25 17:45;8,16
30/08/25 18:00;57,97
30/08/25 18:15;57,97
30/08/25 18:30;57,97
30/08/25 18:45;57,97
30/08/25 19:00;89,93
30/08/25 19:15;89,93
30/08/25 19:30;89,93
30/08/25 19:45;89,93
30/08/25 20:00;107,12
30/08/25 20:15;107,12
30/08/25 20:30;107,12
30/08/25 20:45;107,12
30/08/25 21:00;101,12
30/08/25 21:15;101,12
30/08/25 21:30;101,12
30/08/25 21:45;101,12
30/08/25 22:00;95
30/08/25 22:15;95
30/08/25 22:30;95
30/08/25 22:45;95
30/08/25 23:00;81,06
30/08/25 23:15;81,06
30/08/25 23:30;81,06
30/08/25 23:45;81,06
31/08/25 00:00;75,4
31/08/25 00:15;75,4
31/08/25 00:30;75,4
31/08/25 00:45;75,4
31/08/25 01:00;70,5
31/08/25 01:15;70,5
31/08/25 01:30;70,5
31/08/25 01:45;70,5
31/08/25 02:00;67
31/08/25 02:15;67
31/08/25 02:30;67
31/08/25 02:45;67
31/08/25 03:00;70,12
31/08/25 03:15;70,12
31/08/25 03:30;70,12
31/08/25 03:45;70,12
31/08/25 04:00;70,12
31/08/25 04:15;70,12
31/08/25 04:30;70,12
31/08/25 04:45;70,12
31/08/25 05:00;70,12
31/08/25 05:15;70,12
31/08/25 05:30;70,12
31/08/25 05:45;70,12
31/08/25 06:00;75,4
31/08/25 06:15;75,4
31/08/25 06:30;75,4
31/08/25 06:45;75,4
31/08/25 07:00;45
31/08/25 07:15;45
31/08/25 07:30;45
31/08/25 07:45;45
31/08/25 08:00;3,6
31/08/25 08:15;3,6
31/08/25 08:30;3,6
31/08/25 08:45;3,6
31/08/25 09:00;0
31/08/25 09:15;0
31/08/25 09:30;0
31/08/25 09:45;0
31/08/25 10:00;-0,01
31/08/25 10:15;-0,01
31/08/25 10:30;-0,01
31/08/25 10:45;-0,01
31/08/25 11:00;-0,08
31/08/25 11:15;-0,08
31/08/25 11:30;-0,08
31/08/25 11:45;-0,08
31/08/25 12:00;-0,95
31/08/25 12:15;-0,95
31/08/25 12:30;-0,95
31/08/25 12:45;-0,95
31/08/25 13:00;-0,6
31/08/25 13:15;-0,6
31/08/25 13:30;-0,6
31/08/25 13:45;-0,6
31/08/25 14:00;-0,62
31/08/25 14:15;-0,62
31/08/25 14:30;-0,62
31/08/25 14:45;-0,62
31/08/25 15:00;-0,98
31/08/25 15:15;-0,98
31/08/25 15:30;-0,98
31/08/25 15:45;-0,98
31/08/25 16:00;-0,27
31/08/25 16:15;-0,27
31/08/25 16:30;-0,27
31/08/25 16:45;-0,27
31/08/25 17:00;0
31/08/25 17:15;0
31/08/25 17:30;0
31/08/25 17:45;0
31/08/25 18:00;3,52
31/08/25 18:15;3,52
31/08/25 18:30;3,52
31/08/25 18:45;3,52
31/08/25 19:00;59,55
31/08/25 19:15;59,55
31/08/25 19:30;59,55
31/08/25 19:45;59,55
31/08/25 20:00;73,88
31/08/25 20:15;73,88
31/08/25 20:30;73,88
31/08/25 20:45;73,88
31/08/25 21:00;71,4
31/08/25 21:15;71,4
31/08/25 21:30;71,4
31/08/25 21:45;71,4
31/08/25 22:00;62
31/08/25 22:15;62
31/08/25 22:30;62
31/08/25 22:45;62
31/08/25 23:00;35,79
31/08/25 23:15;35,79
31/08/25 23:30;35,79
31/08/25 23:45;35,79
01/09/25 00:00;18,07
01/09/25 00:15;18,07
01/09/25 00:30;18,07
01/09/25 00:45;18,07
01/09/25 01:00;22,34
01/09/25 01:15;22,34
01/09/25 01:30;22,34
01/09/25 01:45;22,34
01/09/25 02:00;17,64
01/09/25 02:15;17,64
01/09/25 02:30;17,64
01/09/25 02:45;17,64
01/09/25 03:00;15
01/09/25 03:15;15
01/09/25 03:30;15
01/09/25 03:45;15
01/09/25 04:00;25,21
01/09/25 04:15;25,21
01/09/25 04:30;25,21
01/09/25 04:45;25,21
01/09/25 05:00;33,23
01/09/25 05:15;33,23
01/09/25 05:30;33,23
01/09/25 05:45;33,23
01/09/25 06:00;53,18
01/09/25 06:15;53,18
01/09/25 06:30;53,18
01/09/25 06:45;53,18
01/09/25 07:00;64
01/09/25 07:15;64
01/09/25 07:30;64
01/09/25 07:45;64
01/09/25 08:00;35,79
01/09/25 08:15;35,79
01/09/25 08:30;35,79
01/09/25 08:45;35,79
01/09/25 09:00;3,52
01/09/25 09:15;3,52
01/09/25 09:30;3,52
01/09/25 09:45;3,52
01/09/25 10:00;0,5
01/09/25 10:15;0,5
01/09/25 10:30;0,5
01/09/25 10:45;0,5
01/09/25 11:00;0,05
01/09/25 11:15;0,05
01/09/25 11:30;0,05
01/09/25 11:45;0,05
01/09/25 12:00;0
01/09/25 12:15;0
01/09/25 12:30;0
01/09/25 12:45;0
01/09/25 13:00;0
01/09/25 13:15;0
01/09/25 13:30;0
01/09/25 13:45;0
01/09/25 14:00;0
01/09/25 14:15;0
01/09/25 14:30;0
01/09/25 14:45;0
01/09/25 15:00;0
01/09/25 15:15;0
01/09/25 15:30;0
01/09/25 15:45;0
01/09/25 16:00;0
01/09/25 16:15;0
01/09/25 16:30;0
01/09/25 16:45;0
01/09/25 17:00;3,52
01/09/25 17:15;3,52
01/09/25 17:30;3,52
01/09/25 17:45;3,52
01/09/25 18:00;55
01/09/25 18:15;55
01/09/25 18:30;55
01/09/25 18:45;55
01/09/25 19:00;80
01/09/25 19:15;80
01/09/25 19:30;80
01/09/25 19:45;80
01/09/25 20:00;100,01
01/09/25 20:15;100,01
01/09/25 20:30;100,01
01/09/25 20:45;100,01
01/09/25 21:00;92,8
01/09/25 21:15;92,8
01/09/25 21:30;92,8
01/09/25 21:45;92,8
01/09/25 22:00;80
01/09/25 22:15;80
01/09/25 22:30;80
01/09/25 22:45;80
01/09/25 23:00;100,86
01/09/25 23:15;100,86
01/09/25 23:30;100,86
01/09/25 23:45;100,86
02/09/25 00:00;95
02/09/25 00:15;95
02/09/25 00:30;95
02/09/25 00:45;95
02/09/25 01:00;87,2
02/09/25 01:15;87,2
02/09/25 01:30;87,2
02/09/25 01:45;87,2
02/09/25 02:00;81,88
02/09/25 02:15;81,88
02/09/25 02:30;81,88
02/09/25 02:45;81,88
02/09/25 03:00;80,3
02/09/25 03:15;80,3
02/09/25 03:30;80,3
02/09/25 03:45;80,3
02/09/25 04:00;80,3
02/09/25 04:15;80,3
02/09/25 04:30;80,3
02/09/25 04:45;80,3
02/09/25 05:00;81,55
02/09/25 05:15;81,55
02/09/25 05:30;81,55
02/09/25 05:45;81,55
02/09/25 06:00;95,15
02/09/25 06:15;95,15
02/09/25 06:30;95,15
02/09/25 06:45;95,15
02/09/25 07:00;87,2
02/09/25 07:15;87,2
02/09/25 07:30;87,2
02/09/25 07:45;87,2
02/09/25 08:00;39
02/09/25 08:15;39
02/09/25 08:30;39
02/09/25 08:45;39
02/09/25 09:00;7,96
02/09/25 09:15;7,96
02/09/25 09:30;7,96
02/09/25 09:45;7,96
02/09/25 10:00;4,01
02/09/25 10:15;4,01
02/09/25 10:30;4,01
02/09/25 10:45;4,01
02/09/25 11:00;4,31
02/09/25 11:15;4,31
02/09/25 11:30;4,31
02/09/25 11:45;4,31
02/09/25 12:00;4,01
02/09/25 12:15;4,01
02/09/25 12:30;4,01
02/09/25 12:45;4,01
02/09/25 13:00;4,01
02/09/25 13:15;4,01
02/09/25 13:30;4,01
02/09/25 13:45;4,01
02/09/25 14:00;4,31
02/09/25 14:15;4,31
02/09/25 14:30;4,31
02/09/25 14:45;4,31
02/09/25 15:00;4,01
02/09/25 15:15;4,01
02/09/25 15:30;4,01
02/09/25 15:45;4,01
02/09/25 16:00;14
02/09/25 16:15;14
02/09/25 16:30;14
02/09/25 16:45;14
02/09/25 17:00;32,89
02/09/25 17:15;32,89
02/09/25 17:30;32,89
02/09/25 17:45;32,89
02/09/25 18:00;84
02/09/25 18:15;84
02/09/25 18:30;84
02/09/25 18:45;84
02/09/25 19:00;109,52
02/09/25 19:15;109,52
02/09/25 19:30;109,52
02/09/25 19:45;109,52
02/09/25 20:00;160
02/09/25 20:15;160
02/09/25 20:30;160
02/09/25 20:45;160
02/09/25 21:00;116,72
02/09/25 21:15;116,72
02/09/25 21:30;116,72
02/09/25 21:45;116,72
02/09/25 22:00;104,22
02/09/25 22:15;104,22
02/09/25 22:30;104,22
02/09/25 22:45;104,22
02/09/25 23:00;105,23
02/09/25 23:15;105,23
02/09/25 23:30;105,23
02/09/25 23:45;105,23
03/09/25 00:00;95
03/09/25 00:15;95
03/09/25 00:30;95
03/09/25 00:45;95
03/09/25 01:00;85
03/09/25 01:15;85
03/09/25 01:30;85
03/09/25 01:45;85
03/09/25 02:00;80,5
03/09/25 02:15;80,5
03/09/25 02:30;80,5
03/09/25 02:45;80,5
03/09/25 03:00;76,05
03/09/25 03:15;76,05
03/09/25 03:30;76,05
03/09/25 03:45;76,05
03/09/25 04:00;76,05
03/09/25 04:15;76,05
03/09/25 04:30;76,05
03/09/25 04:45;76,05
03/09/25 05:00;83,22
03/09/25 05:15;83,22
03/09/25 05:30;83,22
03/09/25 05:45;83,22
03/09/25 06:00;93
03/09/25 06:15;93
03/09/25 06:30;93
03/09/25 06:45;93
03/09/25 07:00;83,22
03/09/25 07:15;83,22
03/09/25 07:30;83,22
03/09/25 07:45;83,22
03/09/25 08:00;17,5
03/09/25 08:15;17,5
03/09/25 08:30;17,5
03/09/25 08:45;17,5
03/09/25 09:00;2,01
03/09/25 09:15;2,01
03/09/25 09:30;2,01
03/09/25 09:45;2,01
03/09/25 10:00;2,01
03/09/25 10:15;2,01
03/09/25 10:30;2,01
03/09/25 10:45;2,01
03/09/25 11:00;0,5
03/09/25 11:15;0,5
03/09/25 11:30;0,5
03/09/25 11:45;0,5
03/09/25 12:00;0,5
03/09/25 12:15;0,5
03/09/25 12:30;0,5
03/09/25 12:45;0,5
03/09/25 13:00;0,05
03/09/25 13:15;0,05
03/09/25 13:30;0,05
03/09/25 13:45;0,05
03/09/25 14:00;0,05
03/09/25 14:15;0,05
03/09/25 14:30;0,05
03/09/25 14:45;0,05
03/09/25 15:00;0
03/09/25 15:15;0
03/09/25 15:30;0
03/09/25 15:45;0
03/09/25 16:00;0,05
03/09/25 16:15;0,05
03/09/25 16:30;0,05
03/09/25 16:45;0,05
03/09/25 17:00;12,85
03/09/25 17:15;12,85
03/09/25 17:30;12,85
03/09/25 17:45;12,85
03/09/25 18:00;70
03/09/25 18:15;70
03/09/25 18:30;70
03/09/25 18:45;70
03/09/25 19:00;103,13
03/09/25 19:15;103,13
03/09/25 19:30;103,13
03/09/25 19:45;103,13
03/09/25 20:00;133,45
03/09/25 20:15;133,45
03/09/25 20:30;133,45
03/09/25 20:45;133,45
03/09/25 21:00;107,43
03/09/25 21:15;107,43
03/09/25 21:30;107,43
03/09/25 21:45;107,43
03/09/25 22:00;100,86
03/09/25 22:15;100,86
03/09/25 22:30;100,86
03/09/25 22:45;100,86
03/09/25 23:00;91,24
03/09/25 23:15;91,24
03/09/25 23:30;91,24
03/09/25 23:45;91,24
04/09/25 00:00;85
04/09/25 00:15;85
04/09/25 00:30;85
04/09/25 00:45;85
04/09/25 01:00;79,91
04/09/25 01:15;79,91
04/09/25 01:30;79,91
04/09/25 01:45;79,91
04/09/25 02:00;72,27
04/09/25 02:15;72,27
04/09/25 02:30;72,27
04/09/25 02:45;72,27
04/09/25 03:00;70
04/09/25 03:15;70
04/09/25 03:30;70
04/09/25 03:45;70
04/09/25 04:00;70,7
04/09/25 04:15;70,7
04/09/25 04:30;70,7
04/09/25 04:45;70,7
04/09/25 05:00;81,02
04/09/25 05:15;81,02
04/09/25 05:30;81,02
04/09/25 05:45;81,02
04/09/25 06:00;103,55
04/09/25 06:15;103,55
04/09/25 06:30;103,55
04/09/25 06:45;103,55
04/09/25 07:00;93,53
04/09/25 07:15;93,53
04/09/25 07:30;93,53
04/09/25 07:45;93,53
04/09/25 08:00;50
04/09/25 08:15;50
04/09/25 08:30;50
04/09/25 08:45;50
04/09/25 09:00;18,07
04/09/25 09:15;18,07
04/09/25 09:30;18,07
04/09/25 09:45;18,07
04/09/25 10:00;5,79
04/09/25 10:15;5,79
04/09/25 10:30;5,79
04/09/25 10:45;5,79
04/09/25 11:00;3,2
04/09/25 11:15;3,2
04/09/25 11:30;3,2
04/09/25 11:45;3,2
04/09/25 12:00;2,01
04/09/25 12:15;2,01
04/09/25 12:30;2,01
04/09/25 12:45;2,01
04/09/25 13:00;1,6
04/09/25 13:15;1,6
04/09/25 13:30;1,6
04/09/25 13:45;1,6
04/09/25 14:00;2,01
04/09/25 14:15;2,01
04/09/25 14:30;2,01
04/09/25 14:45;2,01
04/09/25 15:00;3,7
04/09/25 15:15;3,7
04/09/25 15:30;3,7
04/09/25 15:45;3,7
04/09/25 16:00;7,01
04/09/25 16:15;7,01
04/09/25 16:30;7,01
04/09/25 16:45;7,01
04/09/25 17:00;28,19
04/09/25 17:15;28,19
04/09/25 17:30;28,19
04/09/25 17:45;28,19
04/09/25 18:00;66,04
04/09/25 18:15;66,04
04/09/25 18:30;66,04
04/09/25 18:45;66,04
04/09/25 19:00;102,5
04/09/25 19:15;102,5
04/09/25 19:30;102,5
04/09/25 19:45;102,5
04/09/25 20:00;112,99
04/09/25 20:15;112,99
04/09/25 20:30;112,99
04/09/25 20:45;112,99
04/09/25 21:00;100,45
04/09/25 21:15;100,45
04/09/25 21:30;100,45
04/09/25 21:45;100,45
04/09/25 22:00;85,5
04/09/25 22:15;85,5
04/09/25 22:30;85,5
04/09/25 22:45;85,5
04/09/25 23:00;89,25
04/09/25 23:15;89,25
04/09/25 23:30;89,25
04/09/25 23:45;89,25
05/09/25 00:00;79,02
05/09/25 00:15;79,02
05/09/25 00:30;79,02
05/09/25 00:45;79,02
05/09/25 01:00;65
05/09/25 01:15;65
05/09/25 01:30;65
05/09/25 01:45;65
05/09/25 02:00;60
05/09/25 02:15;60
05/09/25 02:30;60
05/09/25 02:45;60
05/09/25 03:00;53,31
05/09/25 03:15;53,31
05/09/25 03:30;53,31
05/09/25 03:45;53,31
05/09/25 04:00;60
05/09/25 04:15;60
05/09/25 04:30;60
05/09/25 04:45;60
05/09/25 05:00;76,79
05/09/25 05:15;76,79
05/09/25 05:30;76,79
05/09/25 05:45;76,79
05/09/25 06:00;89,99
05/09/25 06:15;89,99
05/09/25 06:30;89,99
05/09/25 06:45;89,99
05/09/25 07:00;88,22
05/09/25 07:15;88,22
05/09/25 07:30;88,22
05/09/25 07:45;88,22
05/09/25 08:00;79,1
05/09/25 08:15;79,1
05/09/25 08:30;79,1
05/09/25 08:45;79,1
05/09/25 09:00;35
05/09/25 09:15;35
05/09/25 09:30;35
05/09/25 09:45;35
05/09/25 10:00;10
05/09/25 10:15;10
05/09/25 10:30;10
05/09/25 10:45;10
05/09/25 11:00;3,52
05/09/25 11:15;3,52
05/09/25 11:30;3,52
05/09/25 11:45;3,52
05/09/25 12:00;3,52
05/09/25 12:15;3,52
05/09/25 12:30;3,52
05/09/25 12:45;3,52
05/09/25 13:00;3
05/09/25 13:15;3
05/09/25 13:30;3
05/09/25 13:45;3
05/09/25 14:00;4,31
05/09/25 14:15;4,31
05/09/25 14:30;4,31
05/09/25 14:45;4,31
05/09/25 15:00;4,31
05/09/25 15:15;4,31
05/09/25 15:30;4,31
05/09/25 15:45;4,31
05/09/25 16:00;4,31
05/09/25 16:15;4,31
05/09/25 16:30;4,31
05/09/25 16:45;4,31
05/09/25 17:00;45,23
05/09/25 17:15;45,23
05/09/25 17:30;45,23
05/09/25 17:45;45,23
05/09/25 18:00;89,25
05/09/25 18:15;89,25
05/09/25 18:30;89,25
05/09/25 18:45;89,25
05/09/25 19:00;103,97
05/09/25 19:15;103,97
05/09/25 19:30;103,97
05/09/25 19:45;103,97
05/09/25 20:00;107,1
05/09/25 20:15;107,1
05/09/25 20:30;107,1
05/09/25 20:45;107,1
05/09/25 21:00;95
05/09/25 21:15;95
05/09/25 21:30;95
05/09/25 21:45;95
05/09/25 22:00;88,38
05/09/25 22:15;88,38
05/09/25 22:30;88,38
05/09/25 22:45;88,38
05/09/25 23:00;74,64
05/09/25 23:15;74,64
05/09/25 23:30;74,64
05/09/25 23:45;74,64
06/09/25 00:00;58,78
06/09/25 00:15;58,78
06/09/25 00:30;58,78
06/09/25 00:45;58,78
06/09/25 01:00;48,71
06/09/25 01:15;48,71
06/09/25 01:30;48,71
06/09/25 01:45;48,71
06/09/25 02:00;39,9
06/09/25 02:15;39,9
06/09/25 02:30;39,9
06/09/25 02:45;39,9
06/09/25 03:00;34,8
06/09/25 03:15;34,8
06/09/25 03:30;34,8
06/09/25 03:45;34,8
06/09/25 04:00;33,46
06/09/25 04:15;33,46
06/09/25 04:30;33,46
06/09/25 04:45;33,46
06/09/25 05:00;35
06/09/25 05:15;35
06/09/25 05:30;35
06/09/25 05:45;35
06/09/25 06:00;42
06/09/25 06:15;42
06/09/25 06:30;42
06/09/25 06:45;42
06/09/25 07:00;34,9
06/09/25 07:15;34,9
06/09/25 07:30;34,9
06/09/25 07:45;34,9
06/09/25 08:00;15,23
06/09/25 08:15;15,23
06/09/25 08:30;15,23
06/09/25 08:45;15,23
06/09/25 09:00;1,72
06/09/25 09:15;1,72
06/09/25 09:30;1,72
06/09/25 09:45;1,72
06/09/25 10:00;0
06/09/25 10:15;0
06/09/25 10:30;0
06/09/25 10:45;0
06/09/25 11:00;-0,02
06/09/25 11:15;-0,02
06/09/25 11:30;-0,02
06/09/25 11:45;-0,02
06/09/25 12:00;-0,86
06/09/25 12:15;-0,86
06/09/25 12:30;-0,86
06/09/25 12:45;-0,86
06/09/25 13:00;-0,99
06/09/25 13:15;-0,99
06/09/25 13:30;-0,99
06/09/25 13:45;-0,99
06/09/25 14:00;-0,16
06/09/25 14:15;-0,16
06/09/25 14:30;-0,16
06/09/25 14:45;-0,16
06/09/25 15:00;-0,02
06/09/25 15:15;-0,02
06/09/25 15:30;-0,02
06/09/25 15:45;-0,02
06/09/25 16:00;0
06/09/25 16:15;0
06/09/25 16:30;0
06/09/25 16:45;0
06/09/25 17:00;0
06/09/25 17:15;0
06/09/25 17:30;0
06/09/25 17:45;0
06/09/25 18:00;24,37
06/09/25 18:15;24,37
06/09/25 18:30;24,37
06/09/25 18:45;24,37
06/09/25 19:00;42
06/09/25 19:15;42
06/09/25 19:30;42
06/09/25 19:45;42
06/09/25 20:00;58,54
06/09/25 20:15;58,54
06/09/25 20:30;58,54
06/09/25 20:45;58,54
06/09/25 21:00;55,44
06/09/25 21:15;55,44
06/09/25 21:30;55,44
06/09/25 21:45;55,44
06/09/25 22:00;39,5
06/09/25 22:15;39,5
06/09/25 22:30;39,5
06/09/25 22:45;39,5
06/09/25 23:00;23
06/09/25 23:15;23
06/09/25 23:30;23
06/09/25 23:45;23
07/09/25 00:00;14
07/09/25 00:15;14
07/09/25 00:30;14
07/09/25 00:45;14
07/09/25 01:00;25,15
07/09/25 01:15;25,15
07/09/25 01:30;25,15
07/09/25 01:45;25,15
07/09/25 02:00;21
07/09/25 02:15;21
07/09/25 02:30;21
07/09/25 02:45;21
07/09/25 03:00;18,32
07/09/25 03:15;18,32
07/09/25 03:30;18,32
07/09/25 03:45;18,32
07/09/25 04:00;26,28
07/09/25 04:15;26,28
07/09/25 04:30;26,28
07/09/25 04:45;26,28
07/09/25 05:00;14
07/09/25 05:15;14
07/09/25 05:30;14
07/09/25 05:45;14
07/09/25 06:00;19,99
07/09/25 06:15;19,99
07/09/25 06:30;19,99
07/09/25 06:45;19,99
07/09/25 07:00;26,5
07/09/25 07:15;26,5
07/09/25 07:30;26,5
07/09/25 07:45;26,5
07/09/25 08:00;25,3
07/09/25 08:15;25,3
07/09/25 08:30;25,3
07/09/25 08:45;25,3
07/09/25 09:00;4,96
07/09/25 09:15;4,96
07/09/25 09:30;4,96
07/09/25 09:45;4,96
07/09/25 10:00;0,66
07/09/25 10:15;0,66
07/09/25 10:30;0,66
07/09/25 10:45;0,66
07/09/25 11:00;0
07/09/25 11:15;0
07/09/25 11:30;0
07/09/25 11:45;0
07/09/25 12:00;0,01
07/09/25 12:15;0,01
07/09/25 12:30;0,01
07/09/25 12:45;0,01
07/09/25 13:00;0,16
07/09/25 13:15;0,16
07/09/25 13:30;0,16
07/09/25 13:45;0,16
07/09/25 14:00;0
07/09/25 14:15;0
07/09/25 14:30;0
07/09/25 14:45;0
07/09/25 15:00;0,65
07/09/25 15:15;0,65
07/09/25 15:30;0,65
07/09/25 15:45;0,65
07/09/25 16:00;6,08
07/09/25 16:15;6,08
07/09/25 16:30;6,08
07/09/25 16:45;6,08
07/09/25 17:00;47,5
07/09/25 17:15;47,5
07/09/25 17:30;47,5
07/09/25 17:45;47,5
07/09/25 18:00;79,02
07/09/25 18:15;79,02
07/09/25 18:30;79,02
07/09/25 18:45;79,02
07/09/25 19:00;98,21
07/09/25 19:15;98,21
07/09/25 19:30;98,21
07/09/25 19:45;98,21
07/09/25 20:00;111,56
07/09/25 20:15;111,56
07/09/25 20:30;111,56
07/09/25 20:45;111,56
07/09/25 21:00;104,9
07/09/25 21:15;104,9
07/09/25 21:30;104,9
07/09/25 21:45;104,9
07/09/25 22:00;97
07/09/25 22:15;97
07/09/25 22:30;97
07/09/25 22:45;97
07/09/25 23:00;104,5
07/09/25 23:15;104,5
07/09/25 23:30;104,5
07/09/25 23:45;104,5
08/09/25 00:00;94,5
08/09/25 00:15;94,5
08/09/25 00:30;94,5
08/09/25 00:45;94,5
08/09/25 01:00;91,54
08/09/25 01:15;91,54
08/09/25 01:30;91,54
08/09/25 01:45;91,54
08/09/25 02:00;85,52
08/09/25 02:15;85,52
08/09/25 02:30;85,52
08/09/25 02:45;85,52
08/09/25 03:00;80,94
08/09/25 03:15;80,94
08/09/25 03:30;80,94
08/09/25 03:45;80,94
08/09/25 04:00;81,97
08/09/25 04:15;81,97
08/09/25 04:30;81,97
08/09/25 04:45;81,97
08/09/25 05:00;92,02
08/09/25 05:15;92,02
08/09/25 05:30;92,02
08/09/25 05:45;92,02
08/09/25 06:00;104,45
08/09/25 06:15;104,45
08/09/25 06:30;104,45
08/09/25 06:45;104,45
08/09/25 07:00;108,36
08/09/25 07:15;108,36
08/09/25 07:30;108,36
08/09/25 07:45;108,36
08/09/25 08:00;98,21
08/09/25 08:15;98,21
08/09/25 08:30;98,21
08/09/25 08:45;98,21
08/09/25 09:00;85,83
08/09/25 09:15;85,83
08/09/25 09:30;85,83
08/09/25 09:45;85,83
08/09/25 10:00;63
08/09/25 10:15;63
08/09/25 10:30;63
08/09/25 10:45;63
08/09/25 11:00;52,01
08/09/25 11:15;52,01
08/09/25 11:30;52,01
08/09/25 11:45;52,01
08/09/25 12:00;38,56
08/09/25 12:15;38,56
08/09/25 12:30;38,56
08/09/25 12:45;38,56
08/09/25 13:00;27,2
08/09/25 13:15;27,2
08/09/25 13:30;27,2
08/09/25 13:45;27,2
08/09/25 14:00;27,08
08/09/25 14:15;27,08
08/09/25 14:30;27,08
08/09/25 14:45;27,08
08/09/25 15:00;27,2
08/09/25 15:15;27,2
08/09/25 15:30;27,2
08/09/25 15:45;27,2
08/09/25 16:00;48,64
08/09/25 16:15;48,64
08/09/25 16:30;48,64
08/09/25 16:45;48,64
08/09/25 17:00;73,08
08/09/25 17:15;73,08
08/09/25 17:30;73,08
08/09/25 17:45;73,08
08/09/25 18:00;91,15
08/09/25 18:15;91,15
08/09/25 18:30;91,15
08/09/25 18:45;91,15
08/09/25 19:00;98,21
08/09/25 19:15;98,21
08/09/25 19:30;98,21
08/09/25 19:45;98,21
08/09/25 20:00;95,26
08/09/25 20:15;95,26
08/09/25 20:30;95,26
08/09/25 20:45;95,26
08/09/25 21:00;90,51
08/09/25 21:15;90,51
08/09/25 21:30;90,51
08/09/25 21:45;90,51
08/09/25 22:00;73,08
08/09/25 22:15;73,08
08/09/25 22:30;73,08
08/09/25 22:45;73,08
08/09/25 23:00;63,33
08/09/25 23:15;63,33
08/09/25 23:30;63,33
08/09/25 23:45;63,33
09/09/25 00:00;63,33
09/09/25 00:15;63,33
09/09/25 00:30;63,33
09/09/25 00:45;63,33
09/09/25 01:00;61,51
09/09/25 01:15;61,51
09/09/25 01:30;61,51
09/09/25 01:45;61,51
09/09/25 02:00;61,51
09/09/25 02:15;61,51
09/09/25 02:30;61,51
09/09/25 02:45;61,51
09/09/25 03:00;61,51
09/09/25 03:15;61,51
09/09/25 03:30;61,51
09/09/25 03:45;61,51
09/09/25 04:00;69,45
09/09/25 04:15;69,45
09/09/25 04:30;69,45
09/09/25 04:45;69,45
09/09/25 05:00;83,09
09/09/25 05:15;83,09
09/09/25 05:30;83,09
09/09/25 05:45;83,09
09/09/25 06:00;96,1
09/09/25 06:15;96,1
09/09/25 06:30;96,1
09/09/25 06:45;96,1
09/09/25 07:00;96,44
09/09/25 07:15;96,44
09/09/25 07:30;96,44
09/09/25 07:45;96,44
09/09/25 08:00;80,71
09/09/25 08:15;80,71
09/09/25 08:30;80,71
09/09/25 08:45;80,71
09/09/25 09:00;54,93
09/09/25 09:15;54,93
09/09/25 09:30;54,93
09/09/25 09:45;54,93
09/09/25 10:00;30,22
09/09/25 10:15;30,22
09/09/25 10:30;30,22
09/09/25 10:45;30,22
09/09/25 11:00;26
09/09/25 11:15;26
09/09/25 11:30;26
09/09/25 11:45;26
09/09/25 12:00;19,25
09/09/25 12:15;19,25
09/09/25 12:30;19,25
09/09/25 12:45;19,25
09/09/25 13:00;17,19
09/09/25 13:15;17,19
09/09/25 13:30;17,19
09/09/25 13:45;17,19
09/09/25 14:00;8,91
09/09/25 14:15;8,91
09/09/25 14:30;8,91
09/09/25 14:45;8,91
09/09/25 15:00;16,57
09/09/25 15:15;16,57
09/09/25 15:30;16,57
09/09/25 15:45;16,57
09/09/25 16:00;30
09/09/25 16:15;30
09/09/25 16:30;30
09/09/25 16:45;30
09/09/25 17:00;56
09/09/25 17:15;56
09/09/25 17:30;56
09/09/25 17:45;56
09/09/25 18:00;90
09/09/25 18:15;90
09/09/25 18:30;90
09/09/25 18:45;90
09/09/25 19:00;111,37
09/09/25 19:15;111,37
09/09/25 19:30;111,37
09/09/25 19:45;111,37
09/09/25 20:00;120
09/09/25 20:15;120
09/09/25 20:30;120
09/09/25 20:45;120
09/09/25 21:00;110
09/09/25 21:15;110
09/09/25 21:30;110
09/09/25 21:45;110
09/09/25 22:00;98,07
09/09/25 22:15;98,07
09/09/25 22:30;98,07
09/09/25 22:45;98,07
09/09/25 23:00;89,94
09/09/25 23:15;89,94
09/09/25 23:30;89,94
09/09/25 23:45;89,94
10/09/25 00:00;83,09
10/09/25 00:15;83,09
10/09/25 00:30;83,09
10/09/25 00:45;83,09
10/09/25 01:00;83,09
10/09/25 01:15;83,09
10/09/25 01:30;83,09
10/09/25 01:45;83,09
10/09/25 02:00;81,1
10/09/25 02:15;81,1
10/09/25 02:30;81,1
10/09/25 02:45;81,1
10/09/25 03:00;72,99
10/09/25 03:15;72,99
10/09/25 03:30;72,99
10/09/25 03:45;72,99
10/09/25 04:00;66
10/09/25 04:15;66
10/09/25 04:30;66
10/09/25 04:45;66
10/09/25 05:00;77,5
10/09/25 05:15;77,5
10/09/25 05:30;77,5
10/09/25 05:45;77,5
10/09/25 06:00;84,26
10/09/25 06:15;84,26
10/09/25 06:30;84,26
10/09/25 06:45;84,26
10/09/25 07:00;75,99
10/09/25 07:15;75,99
10/09/25 07:30;75,99
10/09/25 07:45;75,99
10/09/25 08:00;45,1
10/09/25 08:15;45,1
10/09/25 08:30;45,1
10/09/25 08:45;45,1
10/09/25 09:00;8
10/09/25 09:15;8
10/09/25 09:30;8
10/09/25 09:45;8
10/09/25 10:00;0
10/09/25 10:15;0
10/09/25 10:30;0
10/09/25 10:45;0
10/09/25 11:00;0
10/09/25 11:15;0
10/09/25 11:30;0
10/09/25 11:45;0
10/09/25 12:00;0
10/09/25 12:15;0
10/09/25 12:30;0
10/09/25 12:45;0
10/09/25 13:00;0
10/09/25 13:15;0
10/09/25 13:30;0
10/09/25 13:45;0
10/09/25 14:00;0
10/09/25 14:15;0
10/09/25 14:30;0
10/09/25 14:45;0
10/09/25 15:00;0
10/09/25 15:15;0
10/09/25 15:30;0
10/09/25 15:45;0
10/09/25 16:00;4,9
10/09/25 16:15;4,9
10/09/25 16:30;4,9
10/09/25 16:45;4,9
10/09/25 17:00;23,09
10/09/25 17:15;23,09
10/09/25 17:30;23,09
10/09/25 17:45;23,09
10/09/25 18:00;62,17
10/09/25 18:15;62,17
10/09/25 18:30;62,17
10/09/25 18:45;62,17
10/09/25 19:00;96
10/09/25 19:15;96
10/09/25 19:30;96
10/09/25 19:45;96
10/09/25 20:00;105,01
10/09/25 20:15;105,01
10/09/25 20:30;105,01
10/09/25 20:45;105,01
10/09/25 21:00;96,26
10/09/25 21:15;96,26
10/09/25 21:30;96,26
10/09/25 21:45;96,26
10/09/25 22:00;83,09
10/09/25 22:15;83,09
10/09/25 22:30;83,09
10/09/25 22:45;83,09
10/09/25 23:00;85
10/09/25 23:15;85
10/09/25 23:30;85
10/09/25 23:45;85
11/09/25 00:00;78,35
11/09/25 00:15;78,35
11/09/25 00:30;78,35
11/09/25 00:45;78,35
11/09/25 01:00;67,3
11/09/25 01:15;67,3
11/09/25 01:30;67,3
11/09/25 01:45;67,3
11/09/25 02:00;67,3
11/09/25 02:15;67,3
11/09/25 02:30;67,3
11/09/25 02:45;67,3
11/09/25 03:00;70
11/09/25 03:15;70
11/09/25 03:30;70
11/09/25 03:45;70
11/09/25 04:00;74
11/09/25 04:15;74
11/09/25 04:30;74
11/09/25 04:45;74
11/09/25 05:00;78,84
11/09/25 05:15;78,84
11/09/25 05:30;78,84
11/09/25 05:45;78,84
11/09/25 06:00;98,3
11/09/25 06:15;98,3
11/09/25 06:30;98,3
11/09/25 06:45;98,3
11/09/25 07:00;88,07
11/09/25 07:15;88,07
11/09/25 07:30;88,07
11/09/25 07:45;88,07
11/09/25 08:00;45,1
11/09/25 08:15;45,1
11/09/25 08:30;45,1
11/09/25 08:45;45,1
11/09/25 09:00;0,03
11/09/25 09:15;0,03
11/09/25 09:30;0,03
11/09/25 09:45;0,03
11/09/25 10:00;4,31
11/09/25 10:15;4,31
11/09/25 10:30;4,31
11/09/25 10:45;4,31
11/09/25 11:00;1,02
11/09/25 11:15;1,02
11/09/25 11:30;1,02
11/09/25 11:45;1,02
11/09/25 12:00;0
11/09/25 12:15;0
11/09/25 12:30;0
11/09/25 12:45;0
11/09/25 13:00;0
11/09/25 13:15;0
11/09/25 13:30;0
11/09/25 13:45;0
11/09/25 14:00;1,02
11/09/25 14:15;1,02
11/09/25 14:30;1,02
11/09/25 14:45;1,02
11/09/25 15:00;0
11/09/25 15:15;0
11/09/25 15:30;0
11/09/25 15:45;0
11/09/25 16:00;0
11/09/25 16:15;0
11/09/25 16:30;0
11/09/25 16:45;0
11/09/25 17:00;7,05
11/09/25 17:15;7,05
11/09/25 17:30;7,05
11/09/25 17:45;7,05
11/09/25 18:00;88,12
11/09/25 18:15;88,12
11/09/25 18:30;88,12
11/09/25 18:45;88,12
11/09/25 19:00;106,3
11/09/25 19:15;106,3
11/09/25 19:30;106,3
11/09/25 19:45;106,3
11/09/25 20:00;140
11/09/25 20:15;140
11/09/25 20:30;140
11/09/25 20:45;140
11/09/25 21:00;111,82
11/09/25 21:15;111,82
11/09/25 21:30;111,82
11/09/25 21:45;111,82
11/09/25 22:00;100,44
11/09/25 22:15;100,44
11/09/25 22:30;100,44
11/09/25 22:45;100,44
11/09/25 23:00;105
11/09/25 23:15;105
11/09/25 23:30;105
11/09/25 23:45;105
12/09/25 00:00;95,03
12/09/25 00:15;95,03
12/09/25 00:30;95,03
12/09/25 00:45;95,03
12/09/25 01:00;93,8
12/09/25 01:15;93,8
12/09/25 01:30;93,8
12/09/25 01:45;93,8
12/09/25 02:00;93,02
12/09/25 02:15;93,02
12/09/25 02:30;93,02
12/09/25 02:45;93,02
12/09/25 03:00;93,02
12/09/25 03:15;93,02
12/09/25 03:30;93,02
12/09/25 03:45;93,02
12/09/25 04:00;95,03
12/09/25 04:15;95,03
12/09/25 04:30;95,03
12/09/25 04:45;95,03
12/09/25 05:00;105,98
12/09/25 05:15;105,98
12/09/25 05:30;105,98
12/09/25 05:45;105,98
12/09/25 06:00;143,15
12/09/25 06:15;143,15
12/09/25 06:30;143,15
12/09/25 06:45;143,15
12/09/25 07:00;115,35
12/09/25 07:15;115,35
12/09/25 07:30;115,35
12/09/25 07:45;115,35
12/09/25 08:00;93,84
12/09/25 08:15;93,84
12/09/25 08:30;93,84
12/09/25 08:45;93,84
12/09/25 09:00;60,97
12/09/25 09:15;60,97
12/09/25 09:30;60,97
12/09/25 09:45;60,97
12/09/25 10:00;19,57
12/09/25 10:15;19,57
12/09/25 10:30;19,57
12/09/25 10:45;19,57
12/09/25 11:00;5,79
12/09/25 11:15;5,79
12/09/25 11:30;5,79
12/09/25 11:45;5,79
12/09/25 12:00;5,76
12/09/25 12:15;5,76
12/09/25 12:30;5,76
12/09/25 12:45;5,76
12/09/25 13:00;4,31
12/09/25 13:15;4,31
12/09/25 13:30;4,31
12/09/25 13:45;4,31
12/09/25 14:00;5
12/09/25 14:15;5
12/09/25 14:30;5
12/09/25 14:45;5
12/09/25 15:00;4,31
12/09/25 15:15;4,31
12/09/25 15:30;4,31
12/09/25 15:45;4,31
12/09/25 16:00;19,68
12/09/25 16:15;19,68
12/09/25 16:30;19,68
12/09/25 16:45;19,68
12/09/25 17:00;46,8
12/09/25 17:15;46,8
12/09/25 17:30;46,8
12/09/25 17:45;46,8
12/09/25 18:00;93,26
12/09/25 18:15;93,26
12/09/25 18:30;93,26
12/09/25 18:45;93,26
12/09/25 19:00;123,45
12/09/25 19:15;123,45
12/09/25 19:30;123,45
12/09/25 19:45;123,45
12/09/25 20:00;143,03
12/09/25 20:15;143,03
12/09/25 20:30;143,03
12/09/25 20:45;143,03
12/09/25 21:00;105,01
12/09/25 21:15;105,01
12/09/25 21:30;105,01
12/09/25 21:45;105,01
12/09/25 22:00;97,35
12/09/25 22:15;97,35
12/09/25 22:30;97,35
12/09/25 22:45;97,35
12/09/25 23:00;102,3
12/09/25 23:15;102,3
12/09/25 23:30;102,3
12/09/25 23:45;102,3
13/09/25 00:00;99,54
13/09/25 00:15;99,54
13/09/25 00:30;99,54
13/09/25 00:45;99,54
13/09/25 01:00;97,96
13/09/25 01:15;97,96
13/09/25 01:30;97,96
13/09/25 01:45;97,96
13/09/25 02:00;97,84
13/09/25 02:15;97,84
13/09/25 02:30;97,84
13/09/25 02:45;97,84
13/09/25 03:00;96,68
13/09/25 03:15;96,68
13/09/25 03:30;96,68
13/09/25 03:45;96,68
13/09/25 04:00;92
13/09/25 04:15;92
13/09/25 04:30;92
13/09/25 04:45;92
13/09/25 05:00;94,98
13/09/25 05:15;94,98
13/09/25 05:30;94,98
13/09/25 05:45;94,98
13/09/25 06:00;100,02
13/09/25 06:15;100,02
13/09/25 06:30;100,02
13/09/25 06:45;100,02
13/09/25 07:00;99,78
13/09/25 07:15;99,78
13/09/25 07:30;99,78
13/09/25 07:45;99,78
13/09/25 08:00;69,04
13/09/25 08:15;69,04
13/09/25 08:30;69,04
13/09/25 08:45;69,04
13/09/25 09:00;9,62
13/09/25 09:15;9,62
13/09/25 09:30;9,62
13/09/25 09:45;9,62
13/09/25 10:00;2,37
13/09/25 10:15;2,37
13/09/25 10:30;2,37
13/09/25 10:45;2,37
13/09/25 11:00;0
13/09/25 11:15;0
13/09/25 11:30;0
13/09/25 11:45;0
13/09/25 12:00;0
13/09/25 12:15;0
13/09/25 12:30;0
13/09/25 12:45;0
13/09/25 13:00;0
13/09/25 13:15;0
13/09/25 13:30;0
13/09/25 13:45;0
13/09/25 14:00;0
13/09/25 14:15;0
13/09/25 14:30;0
13/09/25 14:45;0
13/09/25 15:00;0
13/09/25 15:15;0
13/09/25 15:30;0
13/09/25 15:45;0
13/09/25 16:00;0,65
13/09/25 16:15;0,65
13/09/25 16:30;0,65
13/09/25 16:45;0,65
13/09/25 17:00;14
13/09/25 17:15;14
13/09/25 17:30;14
13/09/25 17:45;14
13/09/25 18:00;82,86
13/09/25 18:15;82,86
13/09/25 18:30;82,86
13/09/25 18:45;82,86
13/09/25 19:00;100,13
13/09/25 19:15;100,13
13/09/25 19:30;100,13
13/09/25 19:45;100,13
13/09/25 20:00;106,11
13/09/25 20:15;106,11
13/09/25 20:30;106,11
13/09/25 20:45;106,11
13/09/25 21:00;99,3
13/09/25 21:15;99,3
13/09/25 21:30;99,3
13/09/25 21:45;99,3
13/09/25 22:00;95,1
13/09/25 22:15;95,1
13/09/25 22:30;95,1
13/09/25 22:45;95,1
13/09/25 23:00;75
13/09/25 23:15;75
13/09/25 23:30;75
13/09/25 23:45;75
14/09/25 00:00;66,23
14/09/25 00:15;66,23
14/09/25 00:30;66,23
14/09/25 00:45;66,23
14/09/25 01:00;65,29
14/09/25 01:15;65,29
14/09/25 01:30;65,29
14/09/25 01:45;65,29
14/09/25 02:00;65,3
14/09/25 02:15;65,3
14/09/25 02:30;65,3
14/09/25 02:45;65,3
14/09/25 03:00;65,81
14/09/25 03:15;65,81
14/09/25 03:30;65,81
14/09/25 03:45;65,81
14/09/25 04:00;71,54
14/09/25 04:15;71,54
14/09/25 04:30;71,54
14/09/25 04:45;71,54
14/09/25 05:00;71,54
14/09/25 05:15;71,54
14/09/25 05:30;71,54
14/09/25 05:45;71,54
14/09/25 06:00;77,57
14/09/25 06:15;77,57
14/09/25 06:30;77,57
14/09/25 06:45;77,57
14/09/25 07:00;66,23
14/09/25 07:15;66,23
14/09/25 07:30;66,23
14/09/25 07:45;66,23
14/09/25 08:00;23,58
14/09/25 08:15;23,58
14/09/25 08:30;23,58
14/09/25 08:45;23,58
14/09/25 09:00;5,01
14/09/25 09:15;5,01
14/09/25 09:30;5,01
14/09/25 09:45;5,01
14/09/25 10:00;0
14/09/25 10:15;0
14/09/25 10:30;0
14/09/25 10:45;0
14/09/25 11:00;0
14/09/25 11:15;0
14/09/25 11:30;0
14/09/25 11:45;0
14/09/25 12:00;0
14/09/25 12:15;0
14/09/25 12:30;0
14/09/25 12:45;0
14/09/25 13:00;-0,01
14/09/25 13:15;-0,01
14/09/25 13:30;-0,01
14/09/25 13:45;-0,01
14/09/25 14:00;0
14/09/25 14:15;0
14/09/25 14:30;0
14/09/25 14:45;0
14/09/25 15:00;0
14/09/25 15:15;0
14/09/25 15:30;0
14/09/25 15:45;0
14/09/25 16:00;1,1
14/09/25 16:15;1,1
14/09/25 16:30;1,1
14/09/25 16:45;1,1
14/09/25 17:00;15,65
14/09/25 17:15;15,65
14/09/25 17:30;15,65
14/09/25 17:45;15,65
14/09/25 18:00;67,3
14/09/25 18:15;67,3
14/09/25 18:30;67,3
14/09/25 18:45;67,3
14/09/25 19:00;103,81
14/09/25 19:15;103,81
14/09/25 19:30;103,81
14/09/25 19:45;103,81
14/09/25 20:00;126,13
14/09/25 20:15;126,13
14/09/25 20:30;126,13
14/09/25 20:45;126,13
14/09/25 21:00;106,01
14/09/25 21:15;106,01
14/09/25 21:30;106,01
14/09/25 21:45;106,01
14/09/25 22:00;99,84
14/09/25 22:15;99,84
14/09/25 22:30;99,84
14/09/25 22:45;99,84
14/09/25 23:00;97,03
14/09/25 23:15;97,03
14/09/25 23:30;97,03
14/09/25 23:45;97,03
15/09/25 00:00;94,95
15/09/25 00:15;94,95
15/09/25 00:30;94,95
15/09/25 00:45;94,95
15/09/25 01:00;90
15/09/25 01:15;90
15/09/25 01:30;90
15/09/25 01:45;90
15/09/25 02:00;89
15/09/25 02:15;89
15/09/25 02:30;89
15/09/25 02:45;89
15/09/25 03:00;87,82
15/09/25 03:15;87,82
15/09/25 03:30;87,82
15/09/25 03:45;87,82
15/09/25 04:00;94,17
15/09/25 04:15;94,17
15/09/25 04:30;94,17
15/09/25 04:45;94,17
15/09/25 05:00;97,33
15/09/25 05:15;97,33
15/09/25 05:30;97,33
15/09/25 05:45;97,33
15/09/25 06:00;120,83
15/09/25 06:15;120,83
15/09/25 06:30;120,83
15/09/25 06:45;120,83
15/09/25 07:00;124
15/09/25 07:15;124
15/09/25 07:30;124
15/09/25 07:45;124
15/09/25 08:00;84,2
15/09/25 08:15;84,2
15/09/25 08:30;84,2
15/09/25 08:45;84,2
15/09/25 09:00;35,1
15/09/25 09:15;35,1
15/09/25 09:30;35,1
15/09/25 09:45;35,1
15/09/25 10:00;7,63
15/09/25 10:15;7,63
15/09/25 10:30;7,63
15/09/25 10:45;7,63
15/09/25 11:00;8
15/09/25 11:15;8
15/09/25 11:30;8
15/09/25 11:45;8
15/09/25 12:00;4,5
15/09/25 12:15;4,5
15/09/25 12:30;4,5
15/09/25 12:45;4,5
15/09/25 13:00;2,5
15/09/25 13:15;2,5
15/09/25 13:30;2,5
15/09/25 13:45;2,5
15/09/25 14:00;3,52
15/09/25 14:15;3,52
15/09/25 14:30;3,52
15/09/25 14:45;3,52
15/09/25 15:00;4,96
15/09/25 15:15;4,96
15/09/25 15:30;4,96
15/09/25 15:45;4,96
15/09/25 16:00;16
15/09/25 16:15;16
15/09/25 16:30;16
15/09/25 16:45;16
15/09/25 17:00;43,99
15/09/25 17:15;43,99
15/09/25 17:30;43,99
15/09/25 17:45;43,99
15/09/25 18:00;94,17
15/09/25 18:15;94,17
15/09/25 18:30;94,17
15/09/25 18:45;94,17
15/09/25 19:00;110
15/09/25 19:15;110
15/09/25 19:30;110
15/09/25 19:45;110
15/09/25 20:00;110,96
15/09/25 20:15;110,96
15/09/25 20:30;110,96
15/09/25 20:45;110,96
15/09/25 21:00;98,5
15/09/25 21:15;98,5
15/09/25 21:30;98,5
15/09/25 21:45;98,5
15/09/25 22:00;85,97
15/09/25 22:15;85,97
15/09/25 22:30;85,97
15/09/25 22:45;85,97
15/09/25 23:00;80,01
15/09/25 23:15;80,01
15/09/25 23:30;80,01
15/09/25 23:45;80,01
16/09/25 00:00;77,99
16/09/25 00:15;77,99
16/09/25 00:30;77,99
16/09/25 00:45;77,99
16/09/25 01:00;72,03
16/09/25 01:15;72,03
16/09/25 01:30;72,03
16/09/25 01:45;72,03
16/09/25 02:00;73,35
16/09/25 02:15;73,35
16/09/25 02:30;73,35
16/09/25 02:45;73,35
16/09/25 03:00;80
16/09/25 03:15;80
16/09/25 03:30;80
16/09/25 03:45;80
16/09/25 04:00;84,2
16/09/25 04:15;84,2
16/09/25 04:30;84,2
16/09/25 04:45;84,2
16/09/25 05:00;99,9
16/09/25 05:15;99,9
16/09/25 05:30;99,9
16/09/25 05:45;99,9
16/09/25 06:00;111,87
16/09/25 06:15;111,87
16/09/25 06:30;111,87
16/09/25 06:45;111,87
16/09/25 07:00;111,84
16/09/25 07:15;111,84
16/09/25 07:30;111,84
16/09/25 07:45;111,84
16/09/25 08:00;93,89
16/09/25 08:15;93,89
16/09/25 08:30;93,89
16/09/25 08:45;93,89
16/09/25 09:00;38,1
16/09/25 09:15;38,1
16/09/25 09:30;38,1
16/09/25 09:45;38,1
16/09/25 10:00;15,2
16/09/25 10:15;15,2
16/09/25 10:30;15,2
16/09/25 10:45;15,2
16/09/25 11:00;9,14
16/09/25 11:15;9,14
16/09/25 11:30;9,14
16/09/25 11:45;9,14
16/09/25 12:00;9,14
16/09/25 12:15;9,14
16/09/25 12:30;9,14
16/09/25 12:45;9,14
16/09/25 13:00;5,76
16/09/25 13:15;5,76
16/09/25 13:30;5,76
16/09/25 13:45;5,76
16/09/25 14:00;5,79
16/09/25 14:15;5,79
16/09/25 14:30;5,79
16/09/25 14:45;5,79
16/09/25 15:00;9,14
16/09/25 15:15;9,14
16/09/25 15:30;9,14
16/09/25 15:45;9,14
16/09/25 16:00;38,14
16/09/25 16:15;38,14
16/09/25 16:30;38,14
16/09/25 16:45;38,14
16/09/25 17:00;69,29
16/09/25 17:15;69,29
16/09/25 17:30;69,29
16/09/25 17:45;69,29
16/09/25 18:00;109,03
16/09/25 18:15;109,03
16/09/25 18:30;109,03
16/09/25 18:45;109,03
16/09/25 19:00;134,29
16/09/25 19:15;134,29
16/09/25 19:30;134,29
16/09/25 19:45;134,29
16/09/25 20:00;198,95
16/09/25 20:15;198,95
16/09/25 20:30;198,95
16/09/25 20:45;198,95
16/09/25 21:00;111,84
16/09/25 21:15;111,84
16/09/25 21:30;111,84
16/09/25 21:45;111,84
16/09/25 22:00;104,5
16/09/25 22:15;104,5
16/09/25 22:30;104,5
16/09/25 22:45;104,5
16/09/25 23:00;107,12
16/09/25 23:15;107,12
16/09/25 23:30;107,12
16/09/25 23:45;107,12
17/09/25 00:00;104,78
17/09/25 00:15;104,78
17/09/25 00:30;104,78
17/09/25 00:45;104,78
17/09/25 01:00;102,9
17/09/25 01:15;102,9
17/09/25 01:30;102,9
17/09/25 01:45;102,9
17/09/25 02:00;99,91
17/09/25 02:15;99,91
17/09/25 02:30;99,91
17/09/25 02:45;99,91
17/09/25 03:00;98,5
17/09/25 03:15;98,5
17/09/25 03:30;98,5
17/09/25 03:45;98,5
17/09/25 04:00;102
17/09/25 04:15;102
17/09/25 04:30;102
17/09/25 04:45;102
17/09/25 05:00;104,78
17/09/25 05:15;104,78
17/09/25 05:30;104,78
17/09/25 05:45;104,78
17/09/25 06:00;118,56
17/09/25 06:15;118,56
17/09/25 06:30;118,56
17/09/25 06:45;118,56
17/09/25 07:00;112,08
17/09/25 07:15;112,08
17/09/25 07:30;112,08
17/09/25 07:45;112,08
17/09/25 08:00;95,05
17/09/25 08:15;95,05
17/09/25 08:30;95,05
17/09/25 08:45;95,05
17/09/25 09:00;57,9
17/09/25 09:15;57,9
17/09/25 09:30;57,9
17/09/25 09:45;57,9
17/09/25 10:00;37,6
17/09/25 10:15;37,6
17/09/25 10:30;37,6
17/09/25 10:45;37,6
17/09/25 11:00;19,68
17/09/25 11:15;19,68
17/09/25 11:30;19,68
17/09/25 11:45;19,68
17/09/25 12:00;19,57
17/09/25 12:15;19,57
17/09/25 12:30;19,57
17/09/25 12:45;19,57
17/09/25 13:00;15,1
17/09/25 13:15;15,1
17/09/25 13:30;15,1
17/09/25 13:45;15,1
17/09/25 14:00;16,4
17/09/25 14:15;16,4
17/09/25 14:30;16,4
17/09/25 14:45;16,4
17/09/25 15:00;20,33
17/09/25 15:15;20,33
17/09/25 15:30;20,33
17/09/25 15:45;20,33
17/09/25 16:00;50
17/09/25 16:15;50
17/09/25 16:30;50
17/09/25 16:45;50
17/09/25 17:00;83,12
17/09/25 17:15;83,12
17/09/25 17:30;83,12
17/09/25 17:45;83,12
17/09/25 18:00;111,76
17/09/25 18:15;111,76
17/09/25 18:30;111,76
17/09/25 18:45;111,76
17/09/25 19:00;150
17/09/25 19:15;150
17/09/25 19:30;150
17/09/25 19:45;150
17/09/25 20:00;215
17/09/25 20:15;215
17/09/25 20:30;215
17/09/25 20:45;215
17/09/25 21:00;117,11
17/09/25 21:15;117,11
17/09/25 21:30;117,11
17/09/25 21:45;117,11
17/09/25 22:00;104,99
17/09/25 22:15;104,99
17/09/25 22:30;104,99
17/09/25 22:45;104,99
17/09/25 23:00;109,18
17/09/25 23:15;109,18
17/09/25 23:30;109,18
17/09/25 23:45;109,18
18/09/25 00:00;105,26
18/09/25 00:15;105,26
18/09/25 00:30;105,26
18/09/25 00:45;105,26
18/09/25 01:00;104,54
18/09/25 01:15;104,54
18/09/25 01:30;104,54
18/09/25 01:45;104,54
18/09/25 02:00;104,78
18/09/25 02:15;104,78
18/09/25 02:30;104,78
18/09/25 02:45;104,78
18/09/25 03:00;104,78
18/09/25 03:15;104,78
18/09/25 03:30;104,78
18/09/25 03:45;104,78
18/09/25 04:00;105,26
18/09/25 04:15;105,26
18/09/25 04:30;105,26
18/09/25 04:45;105,26
18/09/25 05:00;107,28
18/09/25 05:15;107,28
18/09/25 05:30;107,28
18/09/25 05:45;107,28
18/09/25 06:00;126,55
18/09/25 06:15;126,55
18/09/25 06:30;126,55
18/09/25 06:45;126,55
18/09/25 07:00;111,4
18/09/25 07:15;111,4
18/09/25 07:30;111,4
18/09/25 07:45;111,4
18/09/25 08:00;104,26
18/09/25 08:15;104,26
18/09/25 08:30;104,26
18/09/25 08:45;104,26
18/09/25 09:00;56,4
18/09/25 09:15;56,4
18/09/25 09:30;56,4
18/09/25 09:45;56,4
18/09/25 10:00;60
18/09/25 10:15;60
18/09/25 10:30;60
18/09/25 10:45;60
18/09/25 11:00;50,08
18/09/25 11:15;50,08
18/09/25 11:30;50,08
18/09/25 11:45;50,08
18/09/25 12:00;50
18/09/25 12:15;50
18/09/25 12:30;50
18/09/25 12:45;50
18/09/25 13:00;44,02
18/09/25 13:15;44,02
18/09/25 13:30;44,02
18/09/25 13:45;44,02
18/09/25 14:00;44
18/09/25 14:15;44
18/09/25 14:30;44
18/09/25 14:45;44
18/09/25 15:00;55
18/09/25 15:15;55
18/09/25 15:30;55
18/09/25 15:45;55
18/09/25 16:00;66,3
18/09/25 16:15;66,3
18/09/25 16:30;66,3
18/09/25 16:45;66,3
18/09/25 17:00;96,86
18/09/25 17:15;96,86
18/09/25 17:30;96,86
18/09/25 17:45;96,86
18/09/25 18:00;124,7
18/09/25 18:15;124,7
18/09/25 18:30;124,7
18/09/25 18:45;124,7
18/09/25 19:00;160
18/09/25 19:15;160
18/09/25 19:30;160
18/09/25 19:45;160
18/09/25 20:00;200
18/09/25 20:15;200
18/09/25 20:30;200
18/09/25 20:45;200
18/09/25 21:00;130
18/09/25 21:15;130
18/09/25 21:30;130
18/09/25 21:45;130
18/09/25 22:00;107,65
18/09/25 22:15;107,65
18/09/25 22:30;107,65
18/09/25 22:45;107,65
18/09/25 23:00;113,07
18/09/25 23:15;113,07
18/09/25 23:30;113,07
18/09/25 23:45;113,07
19/09/25 00:00;110,91
19/09/25 00:15;110,91
19/09/25 00:30;110,91
19/09/25 00:45;110,91
19/09/25 01:00;108,34
19/09/25 01:15;108,34
19/09/25 01:30;108,34
19/09/25 01:45;108,34
19/09/25 02:00;108,26
19/09/25 02:15;108,26
19/09/25 02:30;108,26
19/09/25 02:45;108,26
19/09/25 03:00;107,21
19/09/25 03:15;107,21
19/09/25 03:30;107,21
19/09/25 03:45;107,21
19/09/25 04:00;108,26
19/09/25 04:15;108,26
19/09/25 04:30;108,26
19/09/25 04:45;108,26
19/09/25 05:00;110,78
19/09/25 05:15;110,78
19/09/25 05:30;110,78
19/09/25 05:45;110,78
19/09/25 06:00;120,42
19/09/25 06:15;120,42
19/09/25 06:30;120,42
19/09/25 06:45;120,42
19/09/25 07:00;113,54
19/09/25 07:15;113,54
19/09/25 07:30;113,54
19/09/25 07:45;113,54
19/09/25 08:00;106,68
19/09/25 08:15;106,68
19/09/25 08:30;106,68
19/09/25 08:45;106,68
19/09/25 09:00;66,04
19/09/25 09:15;66,04
19/09/25 09:30;66,04
19/09/25 09:45;66,04
19/09/25 10:00;52,14
19/09/25 10:15;52,14
19/09/25 10:30;52,14
19/09/25 10:45;52,14
19/09/25 11:00;49
19/09/25 11:15;49
19/09/25 11:30;49
19/09/25 11:45;49
19/09/25 12:00;45,1
19/09/25 12:15;45,1
19/09/25 12:30;45,1
19/09/25 12:45;45,1
19/09/25 13:00;31,25
19/09/25 13:15;31,25
19/09/25 13:30;31,25
19/09/25 13:45;31,25
19/09/25 14:00;32,61
19/09/25 14:15;32,61
19/09/25 14:30;32,61
19/09/25 14:45;32,61
19/09/25 15:00;55
19/09/25 15:15;55
19/09/25 15:30;55
19/09/25 15:45;55
19/09/25 16:00;65,87
19/09/25 16:15;65,87
19/09/25 16:30;65,87
19/09/25 16:45;65,87
19/09/25 17:00;76
19/09/25 17:15;76
19/09/25 17:30;76
19/09/25 17:45;76
19/09/25 18:00;108,14
19/09/25 18:15;108,14
19/09/25 18:30;108,14
19/09/25 18:45;108,14
19/09/25 19:00;125,2
19/09/25 19:15;125,2
19/09/25 19:30;125,2
19/09/25 19:45;125,2
19/09/25 20:00;125
19/09/25 20:15;125
19/09/25 20:30;125
19/09/25 20:45;125
19/09/25 21:00;105,78
19/09/25 21:15;105,78
19/09/25 21:30;105,78
19/09/25 21:45;105,78
19/09/25 22:00;104,68
19/09/25 22:15;104,68
19/09/25 22:30;104,68
19/09/25 22:45;104,68
19/09/25 23:00;104,99
19/09/25 23:15;104,99
19/09/25 23:30;104,99
19/09/25 23:45;104,99
20/09/25 00:00;99,89
20/09/25 00:15;99,89
20/09/25 00:30;99,89
20/09/25 00:45;99,89
20/09/25 01:00;97
20/09/25 01:15;97
20/09/25 01:30;97
20/09/25 01:45;97
20/09/25 02:00;93,8
20/09/25 02:15;93,8
20/09/25 02:30;93,8
20/09/25 02:45;93,8
20/09/25 03:00;95,29
20/09/25 03:15;95,29
20/09/25 03:30;95,29
20/09/25 03:45;95,29
20/09/25 04:00;95,15
20/09/25 04:15;95,15
20/09/25 04:30;95,15
20/09/25 04:45;95,15
20/09/25 05:00;99,89
20/09/25 05:15;99,89
20/09/25 05:30;99,89
20/09/25 05:45;99,89
20/09/25 06:00;101
20/09/25 06:15;101
20/09/25 06:30;101
20/09/25 06:45;101
20/09/25 07:00;99,89
20/09/25 07:15;99,89
20/09/25 07:30;99,89
20/09/25 07:45;99,89
20/09/25 08:00;65,6
20/09/25 08:15;65,6
20/09/25 08:30;65,6
20/09/25 08:45;65,6
20/09/25 09:00;30
20/09/25 09:15;30
20/09/25 09:30;30
20/09/25 09:45;30
20/09/25 10:00;5,76
20/09/25 10:15;5,76
20/09/25 10:30;5,76
20/09/25 10:45;5,76
20/09/25 11:00;4,31
20/09/25 11:15;4,31
20/09/25 11:30;4,31
20/09/25 11:45;4,31
20/09/25 12:00;1,73
20/09/25 12:15;1,73
20/09/25 12:30;1,73
20/09/25 12:45;1,73
20/09/25 13:00;1,73
20/09/25 13:15;1,73
20/09/25 13:30;1,73
20/09/25 13:45;1,73
20/09/25 14:00;0,65
20/09/25 14:15;0,65
20/09/25 14:30;0,65
20/09/25 14:45;0,65
20/09/25 15:00;4,31
20/09/25 15:15;4,31
20/09/25 15:30;4,31
20/09/25 15:45;4,31
20/09/25 16:00;15,43
20/09/25 16:15;15,43
20/09/25 16:30;15,43
20/09/25 16:45;15,43
20/09/25 17:00;55,08
20/09/25 17:15;55,08
20/09/25 17:30;55,08
20/09/25 17:45;55,08
20/09/25 18:00;93,56
20/09/25 18:15;93,56
20/09/25 18:30;93,56
20/09/25 18:45;93,56
20/09/25 19:00;110,36
20/09/25 19:15;110,36
20/09/25 19:30;110,36
20/09/25 19:45;110,36
20/09/25 20:00;110,91
20/09/25 20:15;110,91
20/09/25 20:30;110,91
20/09/25 20:45;110,91
20/09/25 21:00;104,6
20/09/25 21:15;104,6
20/09/25 21:30;104,6
20/09/25 21:45;104,6
20/09/25 22:00;101
20/09/25 22:15;101
20/09/25 22:30;101
20/09/25 22:45;101
20/09/25 23:00;85,8
20/09/25 23:15;85,8
20/09/25 23:30;85,8
20/09/25 23:45;85,8
21/09/25 00:00;82,85
21/09/25 00:15;82,85
21/09/25 00:30;82,85
21/09/25 00:45;82,85
21/09/25 01:00;75,94
21/09/25 01:15;75,94
21/09/25 01:30;75,94
21/09/25 01:45;75,94
21/09/25 02:00;79
21/09/25 02:15;79
21/09/25 02:30;79
21/09/25 02:45;79
21/09/25 03:00;78,97
21/09/25 03:15;78,97
21/09/25 03:30;78,97
21/09/25 03:45;78,97
21/09/25 04:00;75,35
21/09/25 04:15;75,35
21/09/25 04:30;75,35
21/09/25 04:45;75,35
21/09/25 05:00;75,94
21/09/25 05:15;75,94
21/09/25 05:30;75,94
21/09/25 05:45;75,94
21/09/25 06:00;85
21/09/25 06:15;85
21/09/25 06:30;85
21/09/25 06:45;85
21/09/25 07:00;69,38
21/09/25 07:15;69,38
21/09/25 07:30;69,38
21/09/25 07:45;69,38
21/09/25 08:00;26,2
21/09/25 08:15;26,2
21/09/25 08:30;26,2
21/09/25 08:45;26,2
21/09/25 09:00;10
21/09/25 09:15;10
21/09/25 09:30;10
21/09/25 09:45;10
21/09/25 10:00;0,65
21/09/25 10:15;0,65
21/09/25 10:30;0,65
21/09/25 10:45;0,65
21/09/25 11:00;0
21/09/25 11:15;0
21/09/25 11:30;0
21/09/25 11:45;0
21/09/25 12:00;0
21/09/25 12:15;0
21/09/25 12:30;0
21/09/25 12:45;0
21/09/25 13:00;-0,01
21/09/25 13:15;-0,01
21/09/25 13:30;-0,01
21/09/25 13:45;-0,01
21/09/25 14:00;-0,5
21/09/25 14:15;-0,5
21/09/25 14:30;-0,5
21/09/25 14:45;-0,5
21/09/25 15:00;-0,62
21/09/25 15:15;-0,62
21/09/25 15:30;-0,62
21/09/25 15:45;-0,62
21/09/25 16:00;-0,01
21/09/25 16:15;-0,01
21/09/25 16:30;-0,01
21/09/25 16:45;-0,01
21/09/25 17:00;3,52
21/09/25 17:15;3,52
21/09/25 17:30;3,52
21/09/25 17:45;3,52
21/09/25 18:00;43,16
21/09/25 18:15;43,16
21/09/25 18:30;43,16
21/09/25 18:45;43,16
21/09/25 19:00;69,96
21/09/25 19:15;69,96
21/09/25 19:30;69,96
21/09/25 19:45;69,96
21/09/25 20:00;61,4
21/09/25 20:15;61,4
21/09/25 20:30;61,4
21/09/25 20:45;61,4
21/09/25 21:00;54,8
21/09/25 21:15;54,8
21/09/25 21:30;54,8
21/09/25 21:45;54,8
21/09/25 22:00;38,09
21/09/25 22:15;38,09
21/09/25 22:30;38,09
21/09/25 22:45;38,09
21/09/25 23:00;30,9
21/09/25 23:15;30,9
21/09/25 23:30;30,9
21/09/25 23:45;30,9
22/09/25 00:00;30,9
22/09/25 00:15;30,9
22/09/25 00:30;30,9
22/09/25 00:45;30,9
22/09/25 01:00;26,2
22/09/25 01:15;26,2
22/09/25 01:30;26,2
22/09/25 01:45;26,2
22/09/25 02:00;26,2
22/09/25 02:15;26,2
22/09/25 02:30;26,2
22/09/25 02:45;26,2
22/09/25 03:00;34,9
22/09/25 03:15;34,9
22/09/25 03:30;34,9
22/09/25 03:45;34,9
22/09/25 04:00;30,14
22/09/25 04:15;30,14
22/09/25 04:30;30,14
22/09/25 04:45;30,14
22/09/25 05:00;30,9
22/09/25 05:15;30,9
22/09/25 05:30;30,9
22/09/25 05:45;30,9
22/09/25 06:00;60,6
22/09/25 06:15;60,6
22/09/25 06:30;60,6
22/09/25 06:45;60,6
22/09/25 07:00;62,03
22/09/25 07:15;62,03
22/09/25 07:30;62,03
22/09/25 07:45;62,03
22/09/25 08:00;29,35
22/09/25 08:15;29,35
22/09/25 08:30;29,35
22/09/25 08:45;29,35
22/09/25 09:00;2
22/09/25 09:15;2
22/09/25 09:30;2
22/09/25 09:45;2
22/09/25 10:00;0
22/09/25 10:15;0
22/09/25 10:30;0
22/09/25 10:45;0
22/09/25 11:00;0
22/09/25 11:15;0
22/09/25 11:30;0
22/09/25 11:45;0
22/09/25 12:00;-0,01
22/09/25 12:15;-0,01
22/09/25 12:30;-0,01
22/09/25 12:45;-0,01
22/09/25 13:00;-0,01
22/09/25 13:15;-0,01
22/09/25 13:30;-0,01
22/09/25 13:45;-0,01
22/09/25 14:00;-0,01
22/09/25 14:15;-0,01
22/09/25 14:30;-0,01
22/09/25 14:45;-0,01
22/09/25 15:00;-0,01
22/09/25 15:15;-0,01
22/09/25 15:30;-0,01
22/09/25 15:45;-0,01
22/09/25 16:00;0
22/09/25 16:15;0
22/09/25 16:30;0
22/09/25 16:45;0
22/09/25 17:00;15,6
22/09/25 17:15;15,6
22/09/25 17:30;15,6
22/09/25 17:45;15,6
22/09/25 18:00;67,99
22/09/25 18:15;67,99
22/09/25 18:30;67,99
22/09/25 18:45;67,99
22/09/25 19:00;108,95
22/09/25 19:15;108,95
22/09/25 19:30;108,95
22/09/25 19:45;108,95
22/09/25 20:00;109,38
22/09/25 20:15;109,38
22/09/25 20:30;109,38
22/09/25 20:45;109,38
22/09/25 21:00;82,8
22/09/25 21:15;82,8
22/09/25 21:30;82,8
22/09/25 21:45;82,8
22/09/25 22:00;80
22/09/25 22:15;80
22/09/25 22:30;80
22/09/25 22:45;80
22/09/25 23:00;79,11
22/09/25 23:15;79,11
22/09/25 23:30;79,11
22/09/25 23:45;79,11
23/09/25 00:00;61
23/09/25 00:15;61
23/09/25 00:30;61
23/09/25 00:45;61
23/09/25 01:00;85,28
23/09/25 01:15;85,28
23/09/25 01:30;85,28
23/09/25 01:45;85,28
23/09/25 02:00;76,95
23/09/25 02:15;76,95
23/09/25 02:30;76,95
23/09/25 02:45;76,95
23/09/25 03:00;79,11
23/09/25 03:15;79,11
23/09/25 03:30;79,11
23/09/25 03:45;79,11
23/09/25 04:00;83,7
23/09/25 04:15;83,7
23/09/25 04:30;83,7
23/09/25 04:45;83,7
23/09/25 05:00;85,28
23/09/25 05:15;85,28
23/09/25 05:30;85,28
23/09/25 05:45;85,28
23/09/25 06:00;86,56
23/09/25 06:15;86,56
23/09/25 06:30;86,56
23/09/25 06:45;86,56
23/09/25 07:00;85,8
23/09/25 07:15;85,8
23/09/25 07:30;85,8
23/09/25 07:45;85,8
23/09/25 08:00;39,9
23/09/25 08:15;39,9
23/09/25 08:30;39,9
23/09/25 08:45;39,9
23/09/25 09:00;3,82
23/09/25 09:15;3,82
23/09/25 09:30;3,82
23/09/25 09:45;3,82
23/09/25 10:00;0,65
23/09/25 10:15;0,65
23/09/25 10:30;0,65
23/09/25 10:45;0,65
23/09/25 11:00;0,01
23/09/25 11:15;0,01
23/09/25 11:30;0,01
23/09/25 11:45;0,01
23/09/25 12:00;0,5
23/09/25 12:15;0,5
23/09/25 12:30;0,5
23/09/25 12:45;0,5
23/09/25 13:00;4,31
23/09/25 13:15;4,31
23/09/25 13:30;4,31
23/09/25 13:45;4,31
23/09/25 14:00;7,9
23/09/25 14:15;7,9
23/09/25 14:30;7,9
23/09/25 14:45;7,9
23/09/25 15:00;4,31
23/09/25 15:15;4,31
23/09/25 15:30;4,31
23/09/25 15:45;4,31
23/09/25 16:00;2,2
23/09/25 16:15;2,2
23/09/25 16:30;2,2
23/09/25 16:45;2,2
23/09/25 17:00;26,47
23/09/25 17:15;26,47
23/09/25 17:30;26,47
23/09/25 17:45;26,47
23/09/25 18:00;86,32
23/09/25 18:15;86,32
23/09/25 18:30;86,32
23/09/25 18:45;86,32
23/09/25 19:00;105,01
23/09/25 19:15;105,01
23/09/25 19:30;105,01
23/09/25 19:45;105,01
23/09/25 20:00;98,5
23/09/25 20:15;98,5
23/09/25 20:30;98,5
23/09/25 20:45;98,5
23/09/25 21:00;76,02
23/09/25 21:15;76,02
23/09/25 21:30;76,02
23/09/25 21:45;76,02
23/09/25 22:00;75,84
23/09/25 22:15;75,84
23/09/25 22:30;75,84
23/09/25 22:45;75,84
23/09/25 23:00;53,51
23/09/25 23:15;53,51
23/09/25 23:30;53,51
23/09/25 23:45;53,51
24/09/25 00:00;39,8
24/09/25 00:15;39,8
24/09/25 00:30;39,8
24/09/25 00:45;39,8
24/09/25 01:00;48,6
24/09/25 01:15;48,6
24/09/25 01:30;48,6
24/09/25 01:45;48,6
24/09/25 02:00;42
24/09/25 02:15;42
24/09/25 02:30;42
24/09/25 02:45;42
24/09/25 03:00;41,5
24/09/25 03:15;41,5
24/09/25 03:30;41,5
24/09/25 03:45;41,5
24/09/25 04:00;48,6
24/09/25 04:15;48,6
24/09/25 04:30;48,6
24/09/25 04:45;48,6
24/09/25 05:00;48,8
24/09/25 05:15;48,8
24/09/25 05:30;48,8
24/09/25 05:45;48,8
24/09/25 06:00;66,96
24/09/25 06:15;66,96
24/09/25 06:30;66,96
24/09/25 06:45;66,96
24/09/25 07:00;69,01
24/09/25 07:15;69,01
24/09/25 07:30;69,01
24/09/25 07:45;69,01
24/09/25 08:00;57,91
24/09/25 08:15;57,91
24/09/25 08:30;57,91
24/09/25 08:45;57,91
24/09/25 09:00;9,52
24/09/25 09:15;9,52
24/09/25 09:30;9,52
24/09/25 09:45;9,52
24/09/25 10:00;1,07
24/09/25 10:15;1,07
24/09/25 10:30;1,07
24/09/25 10:45;1,07
24/09/25 11:00;0,65
24/09/25 11:15;0,65
24/09/25 11:30;0,65
24/09/25 11:45;0,65
24/09/25 12:00;1,55
24/09/25 12:15;1,55
24/09/25 12:30;1,55
24/09/25 12:45;1,55
24/09/25 13:00;4,31
24/09/25 13:15;4,31
24/09/25 13:30;4,31
24/09/25 13:45;4,31
24/09/25 14:00;20,1
24/09/25 14:15;20,1
24/09/25 14:30;20,1
24/09/25 14:45;20,1
24/09/25 15:00;5,79
24/09/25 15:15;5,79
24/09/25 15:30;5,79
24/09/25 15:45;5,79
24/09/25 16:00;20,1
24/09/25 16:15;20,1
24/09/25 16:30;20,1
24/09/25 16:45;20,1
24/09/25 17:00;72,72
24/09/25 17:15;72,72
24/09/25 17:30;72,72
24/09/25 17:45;72,72
24/09/25 18:00;95
24/09/25 18:15;95
24/09/25 18:30;95
24/09/25 18:45;95
24/09/25 19:00;116,12
24/09/25 19:15;116,12
24/09/25 19:30;116,12
24/09/25 19:45;116,12
24/09/25 20:00;105,77
24/09/25 20:15;105,77
24/09/25 20:30;105,77
24/09/25 20:45;105,77
24/09/25 21:00;90
24/09/25 21:15;90
24/09/25 21:30;90
24/09/25 21:45;90
24/09/25 22:00;83,08
24/09/25 22:15;83,08
24/09/25 22:30;83,08
24/09/25 22:45;83,08
24/09/25 23:00;83,46
24/09/25 23:15;83,46
24/09/25 23:30;83,46
24/09/25 23:45;83,46
25/09/25 00:00;75,94
25/09/25 00:15;75,94
25/09/25 00:30;75,94
25/09/25 00:45;75,94
25/09/25 01:00;75,94
25/09/25 01:15;75,94
25/09/25 01:30;75,94
25/09/25 01:45;75,94
25/09/25 02:00;76,46
25/09/25 02:15;76,46
25/09/25 02:30;76,46
25/09/25 02:45;76,46
25/09/25 03:00;79,7
25/09/25 03:15;79,7
25/09/25 03:30;79,7
25/09/25 03:45;79,7
25/09/25 04:00;77
25/09/25 04:15;77
25/09/25 04:30;77
25/09/25 04:45;77
25/09/25 05:00;85,85
25/09/25 05:15;85,85
25/09/25 05:30;85,85
25/09/25 05:45;85,85
25/09/25 06:00;112,7
25/09/25 06:15;112,7
25/09/25 06:30;112,7
25/09/25 06:45;112,7
25/09/25 07:00;116,89
25/09/25 07:15;116,89
25/09/25 07:30;116,89
25/09/25 07:45;116,89
25/09/25 08:00;88,57
25/09/25 08:15;88,57
25/09/25 08:30;88,57
25/09/25 08:45;88,57
25/09/25 09:00;55,12
25/09/25 09:15;55,12
25/09/25 09:30;55,12
25/09/25 09:45;55,12
25/09/25 10:00;30,2
25/09/25 10:15;30,2
25/09/25 10:30;30,2
25/09/25 10:45;30,2
25/09/25 11:00;29,99
25/09/25 11:15;29,99
25/09/25 11:30;29,99
25/09/25 11:45;29,99
25/09/25 12:00;25,93
25/09/25 12:15;25,93
25/09/25 12:30;25,93
25/09/25 12:45;25,93
25/09/25 13:00;20,1
25/09/25 13:15;20,1
25/09/25 13:30;20,1
25/09/25 13:45;20,1
25/09/25 14:00;22,74
25/09/25 14:15;22,74
25/09/25 14:30;22,74
25/09/25 14:45;22,74
25/09/25 15:00;25,93
25/09/25 15:15;25,93
25/09/25 15:30;25,93
25/09/25 15:45;25,93
25/09/25 16:00;53,13
25/09/25 16:15;53,13
25/09/25 16:30;53,13
25/09/25 16:45;53,13
25/09/25 17:00;76,01
25/09/25 17:15;76,01
25/09/25 17:30;76,01
25/09/25 17:45;76,01
25/09/25 18:00;114,11
25/09/25 18:15;114,11
25/09/25 18:30;114,11
25/09/25 18:45;114,11
25/09/25 19:00;174,1
25/09/25 19:15;174,1
25/09/25 19:30;174,1
25/09/25 19:45;174,1
25/09/25 20:00;175,01
25/09/25 20:15;175,01
25/09/25 20:30;175,01
25/09/25 20:45;175,01
25/09/25 21:00;128,8
25/09/25 21:15;128,8
25/09/25 21:30;128,8
25/09/25 21:45;128,8
25/09/25 22:00;101,9
25/09/25 22:15;101,9
25/09/25 22:30;101,9
25/09/25 22:45;101,9
25/09/25 23:00;106,48
25/09/25 23:15;106,48
25/09/25 23:30;106,48
25/09/25 23:45;106,48
26/09/25 00:00;104,52
26/09/25 00:15;104,52
26/09/25 00:30;104,52
26/09/25 00:45;104,52
26/09/25 01:00;100
26/09/25 01:15;100
26/09/25 01:30;100
26/09/25 01:45;100
26/09/25 02:00;98,71
26/09/25 02:15;98,71
26/09/25 02:30;98,71
26/09/25 02:45;98,71
26/09/25 03:00;99
26/09/25 03:15;99
26/09/25 03:30;99
26/09/25 03:45;99
26/09/25 04:00;104,52
26/09/25 04:15;104,52
26/09/25 04:30;104,52
26/09/25 04:45;104,52
26/09/25 05:00;107,96
26/09/25 05:15;107,96
26/09/25 05:30;107,96
26/09/25 05:45;107,96
26/09/25 06:00;123,37
26/09/25 06:15;123,37
26/09/25 06:30;123,37
26/09/25 06:45;123,37
26/09/25 07:00;123,28
26/09/25 07:15;123,28
26/09/25 07:30;123,28
26/09/25 07:45;123,28
26/09/25 08:00;108,8
26/09/25 08:15;108,8
26/09/25 08:30;108,8
26/09/25 08:45;108,8
26/09/25 09:00;88,59
26/09/25 09:15;88,59
26/09/25 09:30;88,59
26/09/25 09:45;88,59
26/09/25 10:00;34,99
26/09/25 10:15;34,99
26/09/25 10:30;34,99
26/09/25 10:45;34,99
26/09/25 11:00;25,76
26/09/25 11:15;25,76
26/09/25 11:30;25,76
26/09/25 11:45;25,76
26/09/25 12:00;29,2
26/09/25 12:15;29,2
26/09/25 12:30;29,2
26/09/25 12:45;29,2
26/09/25 13:00;21,56
26/09/25 13:15;21,56
26/09/25 13:30;21,56
26/09/25 13:45;21,56
26/09/25 14:00;47,06
26/09/25 14:15;47,06
26/09/25 14:30;47,06
26/09/25 14:45;47,06
26/09/25 15:00;53
26/09/25 15:15;53
26/09/25 15:30;53
26/09/25 15:45;53
26/09/25 16:00;59,28
26/09/25 16:15;59,28
26/09/25 16:30;59,28
26/09/25 16:45;59,28
26/09/25 17:00;94,08
26/09/25 17:15;94,08
26/09/25 17:30;94,08
26/09/25 17:45;94,08
26/09/25 18:00;123,6
26/09/25 18:15;123,6
26/09/25 18:30;123,6
26/09/25 18:45;123,6
26/09/25 19:00;150
26/09/25 19:15;150
26/09/25 19:30;150
26/09/25 19:45;150
26/09/25 20:00;160
26/09/25 20:15;160
26/09/25 20:30;160
26/09/25 20:45;160
26/09/25 21:00;122,01
26/09/25 21:15;122,01
26/09/25 21:30;122,01
26/09/25 21:45;122,01
26/09/25 22:00;113,92
26/09/25 22:15;113,92
26/09/25 22:30;113,92
26/09/25 22:45;113,92
26/09/25 23:00;115,87
26/09/25 23:15;115,87
26/09/25 23:30;115,87
26/09/25 23:45;115,87
27/09/25 00:00;108,83
27/09/25 00:15;108,83
27/09/25 00:30;108,83
27/09/25 00:45;108,83
27/09/25 01:00;105,5
27/09/25 01:15;105,5
27/09/25 01:30;105,5
27/09/25 01:45;105,5
27/09/25 02:00;109
27/09/25 02:15;109
27/09/25 02:30;109
27/09/25 02:45;109
27/09/25 03:00;105,47
27/09/25 03:15;105,47
27/09/25 03:30;105,47
27/09/25 03:45;105,47
27/09/25 04:00;98
27/09/25 04:15;98
27/09/25 04:30;98
27/09/25 04:45;98
27/09/25 05:00;95
27/09/25 05:15;95
27/09/25 05:30;95
27/09/25 05:45;95
27/09/25 06:00;103,5
27/09/25 06:15;103,5
27/09/25 06:30;103,5
27/09/25 06:45;103,5
27/09/25 07:00;106,67
27/09/25 07:15;106,67
27/09/25 07:30;106,67
27/09/25 07:45;106,67
27/09/25 08:00;82,66
27/09/25 08:15;82,66
27/09/25 08:30;82,66
27/09/25 08:45;82,66
27/09/25 09:00;38,8
27/09/25 09:15;38,8
27/09/25 09:30;38,8
27/09/25 09:45;38,8
27/09/25 10:00;20,25
27/09/25 10:15;20,25
27/09/25 10:30;20,25
27/09/25 10:45;20,25
27/09/25 11:00;16,79
27/09/25 11:15;16,79
27/09/25 11:30;16,79
27/09/25 11:45;16,79
27/09/25 12:00;12,91
27/09/25 12:15;12,91
27/09/25 12:30;12,91
27/09/25 12:45;12,91
27/09/25 13:00;6,51
27/09/25 13:15;6,51
27/09/25 13:30;6,51
27/09/25 13:45;6,51
27/09/25 14:00;6
27/09/25 14:15;6
27/09/25 14:30;6
27/09/25 14:45;6
27/09/25 15:00;12,27
27/09/25 15:15;12,27
27/09/25 15:30;12,27
27/09/25 15:45;12,27
27/09/25 16:00;29,2
27/09/25 16:15;29,2
27/09/25 16:30;29,2
27/09/25 16:45;29,2
27/09/25 17:00;67
27/09/25 17:15;67
27/09/25 17:30;67
27/09/25 17:45;67
27/09/25 18:00;92,56
27/09/25 18:15;92,56
27/09/25 18:30;92,56
27/09/25 18:45;92,56
27/09/25 19:00;103,11
27/09/25 19:15;103,11
27/09/25 19:30;103,11
27/09/25 19:45;103,11
27/09/25 20:00;100,04
27/09/25 20:15;100,04
27/09/25 20:30;100,04
27/09/25 20:45;100,04
27/09/25 21:00;95,07
27/09/25 21:15;95,07
27/09/25 21:30;95,07
27/09/25 21:45;95,07
27/09/25 22:00;91,84
27/09/25 22:15;91,84
27/09/25 22:30;91,84
27/09/25 22:45;91,84
27/09/25 23:00;63,51
27/09/25 23:15;63,51
27/09/25 23:30;63,51
27/09/25 23:45;63,51
28/09/25 00:00;60,86
28/09/25 00:15;60,86
28/09/25 00:30;60,86
28/09/25 00:45;60,86
28/09/25 01:00;59,83
28/09/25 01:15;59,83
28/09/25 01:30;59,83
28/09/25 01:45;59,83
28/09/25 02:00;58,3
28/09/25 02:15;58,3
28/09/25 02:30;58,3
28/09/25 02:45;58,3
28/09/25 03:00;58,04
28/09/25 03:15;58,04
28/09/25 03:30;58,04
28/09/25 03:45;58,04
28/09/25 04:00;58,04
28/09/25 04:15;58,04
28/09/25 04:30;58,04
28/09/25 04:45;58,04
28/09/25 05:00;57,91
28/09/25 05:15;57,91
28/09/25 05:30;57,91
28/09/25 05:45;57,91
28/09/25 06:00;58,87
28/09/25 06:15;58,87
28/09/25 06:30;58,87
28/09/25 06:45;58,87
28/09/25 07:00;58,87
28/09/25 07:15;58,87
28/09/25 07:30;58,87
28/09/25 07:45;58,87
28/09/25 08:00;57,91
28/09/25 08:15;57,91
28/09/25 08:30;57,91
28/09/25 08:45;57,91
28/09/25 09:00;35
28/09/25 09:15;35
28/09/25 09:30;35
28/09/25 09:45;35
28/09/25 10:00;29,16
28/09/25 10:15;29,16
28/09/25 10:30;29,16
28/09/25 10:45;29,16
28/09/25 11:00;17,11
28/09/25 11:15;17,11
28/09/25 11:30;17,11
28/09/25 11:45;17,11
28/09/25 12:00;8,53
28/09/25 12:15;8,53
28/09/25 12:30;8,53
28/09/25 12:45;8,53
28/09/25 13:00;15
28/09/25 13:15;15
28/09/25 13:30;15
28/09/25 13:45;15
28/09/25 14:00;16,79
28/09/25 14:15;16,79
28/09/25 14:30;16,79
28/09/25 14:45;16,79
28/09/25 15:00;22,97
28/09/25 15:15;22,97
28/09/25 15:30;22,97
28/09/25 15:45;22,97
28/09/25 16:00;37,34
28/09/25 16:15;37,34
28/09/25 16:30;37,34
28/09/25 16:45;37,34
28/09/25 17:00;61,11
28/09/25 17:15;61,11
28/09/25 17:30;61,11
28/09/25 17:45;61,11
28/09/25 18:00;70,98
28/09/25 18:15;70,98
28/09/25 18:30;70,98
28/09/25 18:45;70,98
28/09/25 19:00;74,14
28/09/25 19:15;74,14
28/09/25 19:30;74,14
28/09/25 19:45;74,14
28/09/25 20:00;61
28/09/25 20:15;61
28/09/25 20:30;61
28/09/25 20:45;61
28/09/25 21:00;69,62
28/09/25 21:15;69,62
28/09/25 21:30;69,62
28/09/25 21:45;69,62
28/09/25 22:00;60,16
28/09/25 22:15;60,16
28/09/25 22:30;60,16
28/09/25 22:45;60,16
28/09/25 23:00;51,6
28/09/25 23:15;51,6
28/09/25 23:30;51,6
28/09/25 23:45;51,6
29/09/25 00:00;47,7
29/09/25 00:15;47,7
29/09/25 00:30;47,7
29/09/25 00:45;47,7
29/09/25 01:00;45
29/09/25 01:15;45
29/09/25 01:30;45
29/09/25 01:45;45
29/09/25 02:00;32
29/09/25 02:15;32
29/09/25 02:30;32
29/09/25 02:45;32
29/09/25 03:00;30
29/09/25 03:15;30
29/09/25 03:30;30
29/09/25 03:45;30
29/09/25 04:00;32,5
29/09/25 04:15;32,5
29/09/25 04:30;32,5
29/09/25 04:45;32,5
29/09/25 05:00;50
29/09/25 05:15;50
29/09/25 05:30;50
29/09/25 05:45;50
29/09/25 06:00;74,4
29/09/25 06:15;74,4
29/09/25 06:30;74,4
29/09/25 06:45;74,4
29/09/25 07:00;77,8
29/09/25 07:15;77,8
29/09/25 07:30;77,8
29/09/25 07:45;77,8
29/09/25 08:00;73,08
29/09/25 08:15;73,08
29/09/25 08:30;73,08
29/09/25 08:45;73,08
29/09/25 09:00;59,33
29/09/25 09:15;59,33
29/09/25 09:30;59,33
29/09/25 09:45;59,33
29/09/25 10:00;40,14
29/09/25 10:15;40,14
29/09/25 10:30;40,14
29/09/25 10:45;40,14
29/09/25 11:00;35
29/09/25 11:15;35
29/09/25 11:30;35
29/09/25 11:45;35
29/09/25 12:00;28,3
29/09/25 12:15;28,3
29/09/25 12:30;28,3
29/09/25 12:45;28,3
29/09/25 13:00;21,99
29/09/25 13:15;21,99
29/09/25 13:30;21,99
29/09/25 13:45;21,99
29/09/25 14:00;27,94
29/09/25 14:15;27,94
29/09/25 14:30;27,94
29/09/25 14:45;27,94
29/09/25 15:00;35
29/09/25 15:15;35
29/09/25 15:30;35
29/09/25 15:45;35
29/09/25 16:00;52
29/09/25 16:15;52
29/09/25 16:30;52
29/09/25 16:45;52
29/09/25 17:00;85
29/09/25 17:15;85
29/09/25 17:30;85
29/09/25 17:45;85
29/09/25 18:00;101,13
29/09/25 18:15;101,13
29/09/25 18:30;101,13
29/09/25 18:45;101,13
29/09/25 19:00;133,26
29/09/25 19:15;133,26
29/09/25 19:30;133,26
29/09/25 19:45;133,26
29/09/25 20:00;105,68
29/09/25 20:15;105,68
29/09/25 20:30;105,68
29/09/25 20:45;105,68
29/09/25 21:00;90,04
29/09/25 21:15;90,04
29/09/25 21:30;90,04
29/09/25 21:45;90,04
29/09/25 22:00;88,6
29/09/25 22:15;88,6
29/09/25 22:30;88,6
29/09/25 22:45;88,6
29/09/25 23:00;95,46
29/09/25 23:15;95,46
29/09/25 23:30;95,46
29/09/25 23:45;95,46
30/09/25 00:00;88,25
30/09/25 00:15;88,25
30/09/25 00:30;88,25
30/09/25 00:45;88,25
30/09/25 01:00;80
30/09/25 01:15;80
30/09/25 01:30;80
30/09/25 01:45;80
30/09/25 02:00;76,43
30/09/25 02:15;76,43
30/09/25 02:30;76,43
30/09/25 02:45;76,43
30/09/25 03:00;78
30/09/25 03:15;78
30/09/25 03:30;78
30/09/25 03:45;78
30/09/25 04:00;80
30/09/25 04:15;80
30/09/25 04:30;80
30/09/25 04:45;80
30/09/25 05:00;97,11
30/09/25 05:15;97,11
30/09/25 05:30;97,11
30/09/25 05:45;97,11
30/09/25 06:00;105,68
30/09/25 06:15;105,68
30/09/25 06:30;105,68
30/09/25 06:45;105,68
30/09/25 07:00;120
30/09/25 07:15;120
30/09/25 07:30;120
30/09/25 07:45;120
30/09/25 08:00;93,97
30/09/25 08:15;93,97
30/09/25 08:30;93,97
30/09/25 08:45;93,97
30/09/25 09:00;60,1
30/09/25 09:15;60,1
30/09/25 09:30;60,1
30/09/25 09:45;60,1
30/09/25 10:00;31
30/09/25 10:15;31
30/09/25 10:30;31
30/09/25 10:45;31
30/09/25 11:00;24,47
30/09/25 11:15;24,47
30/09/25 11:30;24,47
30/09/25 11:45;24,47
30/09/25 12:00;21,9
30/09/25 12:15;21,9
30/09/25 12:30;21,9
30/09/25 12:45;21,9
30/09/25 13:00;22
30/09/25 13:15;22
30/09/25 13:30;22
30/09/25 13:45;22
30/09/25 14:00;29,08
30/09/25 14:15;29,08
30/09/25 14:30;29,08
30/09/25 14:45;29,08
30/09/25 15:00;35
30/09/25 15:15;35
30/09/25 15:30;35
30/09/25 15:45;35
30/09/25 16:00;54,94
30/09/25 16:15;54,94
30/09/25 16:30;54,94
30/09/25 16:45;54,94
30/09/25 17:00;84
30/09/25 17:15;84
30/09/25 17:30;84
30/09/25 17:45;84
30/09/25 18:00;117
30/09/25 18:15;117
30/09/25 18:30;117
30/09/25 18:45;117
30/09/25 19:00;199,34
30/09/25 19:15;199,34
30/09/25 19:30;199,34
30/09/25 19:45;199,34
30/09/25 20:00;172,11
30/09/25 20:15;172,11
30/09/25 20:30;172,11
30/09/25 20:45;172,11
30/09/25 21:00;119,9
30/09/25 21:15;119,9
30/09/25 21:30;119,9
30/09/25 21:45;119,9
30/09/25 22:00;101,5
30/09/25 22:15;101,5
30/09/25 22:30;101,5
30/09/25 22:45;101,5
30/09/25 23:00;105,1
30/09/25 23:15;104,24
30/09/25 23:30;102,28
30/09/25 23:45;102
01/10/25 00:00;106,63
01/10/25 00:15;105,68
01/10/25 00:30;105,19
01/10/25 00:45;105,01
01/10/25 01:00;104,21
01/10/25 01:15;102
01/10/25 01:30;100
01/10/25 01:45;100
01/10/25 02:00;97,57
01/10/25 02:15;97,51
01/10/25 02:30;97,51
01/10/25 02:45;97,91
01/10/25 03:00;98,5
01/10/25 03:15;100
01/10/25 03:30;102,28
01/10/25 03:45;105
01/10/25 04:00;101,08
01/10/25 04:15;101,28
01/10/25 04:30;101,76
01/10/25 04:45;102,24
01/10/25 05:00;101,76
01/10/25 05:15;102,24
01/10/25 05:30;104,24
01/10/25 05:45;105,68
01/10/25 06:00;106,55
01/10/25 06:15;110,41
01/10/25 06:30;114,15
01/10/25 06:45;122,58
01/10/25 07:00;140,78
01/10/25 07:15;130,56
01/10/25 07:30;115,17
01/10/25 07:45;106,63
01/10/25 08:00;125,5
01/10/25 08:15;105,01
01/10/25 08:30;92,24
01/10/25 08:45;60,87
01/10/25 09:00;100,24
01/10/25 09:15;65
01/10/25 09:30;58,81
01/10/25 09:45;45
01/10/25 10:00;59,07
01/10/25 10:15;44,2
01/10/25 10:30;35,87
01/10/25 10:45;24,97
01/10/25 11:00;26,76
01/10/25 11:15;22,5
01/10/25 11:30;23,92
01/10/25 11:45;22,5
01/10/25 12:00;16,99
01/10/25 12:15;16,68
01/10/25 12:30;15,98
01/10/25 12:45;15,45
01/10/25 13:00;6,67
01/10/25 13:15;15,31
01/10/25 13:30;16,35
01/10/25 13:45;17,76
01/10/25 14:00;16,68
01/10/25 14:15;18,94
01/10/25 14:30;16,79
01/10/25 14:45;24,57
01/10/25 15:00;19
01/10/25 15:15;26,56
01/10/25 15:30;43,78
01/10/25 15:45;58,55
01/10/25 16:00;25,1
01/10/25 16:15;50
01/10/25 16:30;60
01/10/25 16:45;77,67
01/10/25 17:00;60
01/10/25 17:15;75,01
01/10/25 17:30;101,52
01/10/25 17:45;110,69
01/10/25 18:00;105,68
01/10/25 18:15;112,21
01/10/25 18:30;148,01
01/10/25 18:45;134,33
01/10/25 19:00;194,14
01/10/25 19:15;217,45
01/10/25 19:30;230
01/10/25 19:45;230
01/10/25 20:00;150
01/10/25 20:15;130
01/10/25 20:30;123,9
01/10/25 20:45;113,75
01/10/25 21:00;114,01
01/10/25 21:15;109
01/10/25 21:30;106,63
01/10/25 21:45;104,24
01/10/25 22:00;105,68
01/10/25 22:15;104,21
01/10/25 22:30;102
01/10/25 22:45;101,52
01/10/25 23:00;105,68
01/10/25 23:15;105,01
01/10/25 23:30;103,33
01/10/25 23:45;103,33
02/10/25 00:00;102,28
02/10/25 00:15;100
02/10/25 00:30;99
02/10/25 00:45;98,7
02/10/25 01:00;95
02/10/25 01:15;95
02/10/25 01:30;95
02/10/25 01:45;95
02/10/25 02:00;95,5
02/10/25 02:15;96,99
02/10/25 02:30;97,1
02/10/25 02:45;98,7
02/10/25 03:00;98,7
02/10/25 03:15;99
02/10/25 03:30;100,3
02/10/25 03:45;103,29
02/10/25 04:00;103,29
02/10/25 04:15;103,71
02/10/25 04:30;105,68
02/10/25 04:45;107,38
02/10/25 05:00;103,26
02/10/25 05:15;103,5
02/10/25 05:30;105,19
02/10/25 05:45;110
02/10/25 06:00;110,41
02/10/25 06:15;119,87
02/10/25 06:30;125,85
02/10/25 06:45;129,55
02/10/25 07:00;153,01
02/10/25 07:15;140,11
02/10/25 07:30;121,06
02/10/25 07:45;110,41
02/10/25 08:00;119,87
02/10/25 08:15;103,36
02/10/25 08:30;92,29
02/10/25 08:45;58,94
02/10/25 09:00;84,5
02/10/25 09:15;60,2
02/10/25 09:30;55,56
02/10/25 09:45;36,2
02/10/25 10:00;44,1
02/10/25 10:15;37,22
02/10/25 10:30;33,32
02/10/25 10:45;22,5
02/10/25 11:00;28,05
02/10/25 11:15;22,5
02/10/25 11:30;22,5
02/10/25 11:45;17,15
02/10/25 12:00;20,16
02/10/25 12:15;19
02/10/25 12:30;16,46
02/10/25 12:45;15,06
02/10/25 13:00;15,59
02/10/25 13:15;16,46
02/10/25 13:30;22,5
02/10/25 13:45;22,5
02/10/25 14:00;15
02/10/25 14:15;16,46
02/10/25 14:30;16
02/10/25 14:45;18,91
02/10/25 15:00;20,7
02/10/25 15:15;29,9
02/10/25 15:30;30,09
02/10/25 15:45;46,89
02/10/25 16:00;25,1
02/10/25 16:15;40,59
02/10/25 16:30;55,52
02/10/25 16:45;61,33
02/10/25 17:00;47,16
02/10/25 17:15;67,4
02/10/25 17:30;101,68
02/10/25 17:45;104,48
02/10/25 18:00;90
02/10/25 18:15;103,36
02/10/25 18:30;110,41
02/10/25 18:45;123,9
02/10/25 19:00;170,51
02/10/25 19:15;201,52
02/10/25 19:30;220
02/10/25 19:45;225
02/10/25 20:00;180
02/10/25 20:15;173,66
02/10/25 20:30;147,3
02/10/25 20:45;125
02/10/25 21:00;128,81
02/10/25 21:15;121
02/10/25 21:30;115,44
02/10/25 21:45;109,91
02/10/25 22:00;106,57
02/10/25 22:15;105,1
02/10/25 22:30;103,84
02/10/25 22:45;103,27
02/10/25 23:00;117,88
02/10/25 23:15;117,8
02/10/25 23:30;116,3
02/10/25 23:45;114,74
03/10/25 00:00;114,74
03/10/25 00:15;112,2
03/10/25 00:30;111,9
03/10/25 00:45;111,6
03/10/25 01:00;106,63
03/10/25 01:15;106,31
03/10/25 01:30;105
03/10/25 01:45;104,06
03/10/25 02:00;104,06
03/10/25 02:15;104,06
03/10/25 02:30;104,06
03/10/25 02:45;104,06
03/10/25 03:00;104,04
03/10/25 03:15;104,04
03/10/25 03:30;104,04
03/10/25 03:45;104,04
03/10/25 04:00;104,02
03/10/25 04:15;104,02
03/10/25 04:30;105,08
03/10/25 04:45;111,6
03/10/25 05:00;104,01
03/10/25 05:15;108,8
03/10/25 05:30;111,84
03/10/25 05:45;117,8
03/10/25 06:00;119,24
03/10/25 06:15;121,8
03/10/25 06:30;126,92
03/10/25 06:45;129,82
03/10/25 07:00;144,93
03/10/25 07:15;138,58
03/10/25 07:30;126,23
03/10/25 07:45;120
03/10/25 08:00;126,99
03/10/25 08:15;119,02
03/10/25 08:30;116,3
03/10/25 08:45;100
03/10/25 09:00;102,28
03/10/25 09:15;69,07
03/10/25 09:30;60,16
03/10/25 09:45;48
03/10/25 10:00;58,94
03/10/25 10:15;45,96
03/10/25 10:30;50
03/10/25 10:45;43,88
03/10/25 11:00;47,97
03/10/25 11:15;44,2
03/10/25 11:30;40
03/10/25 11:45;35
03/10/25 12:00;45,76
03/10/25 12:15;42
03/10/25 12:30;36,2
03/10/25 12:45;32,55
03/10/25 13:00;38,08
03/10/25 13:15;37,44
03/10/25 13:30;40
03/10/25 13:45;40,95
03/10/25 14:00;32,91
03/10/25 14:15;40
03/10/25 14:30;40
03/10/25 14:45;40
03/10/25 15:00;34,45
03/10/25 15:15;41,2
03/10/25 15:30;45,76
03/10/25 15:45;55
03/10/25 16:00;40,01
03/10/25 16:15;55
03/10/25 16:30;59,05
03/10/25 16:45;79,49
03/10/25 17:00;61,33
03/10/25 17:15;87,73
03/10/25 17:30;111,57
03/10/25 17:45;119,02
03/10/25 18:00;111,6
03/10/25 18:15;117,88
03/10/25 18:30;119,46
03/10/25 18:45;130,96
03/10/25 19:00;129,12
03/10/25 19:15;136,05
03/10/25 19:30;144,93
03/10/25 19:45;144,93
03/10/25 20:00;144,93
03/10/25 20:15;142,74
03/10/25 20:30;129,2
03/10/25 20:45;121,04
03/10/25 21:00;126,23
03/10/25 21:15;119,24
03/10/25 21:30;119
03/10/25 21:45;118,76
03/10/25 22:00;118,76
03/10/25 22:15;117,88
03/10/25 22:30;117,37
03/10/25 22:45;111,97
03/10/25 23:00;112,1
03/10/25 23:15;111,6
03/10/25 23:30;111,04
03/10/25 23:45;109
04/10/25 00:00;105,83
04/10/25 00:15;102,99
04/10/25 00:30;102,28
04/10/25 00:45;100,57
04/10/25 01:00;102,97
04/10/25 01:15;100,57
04/10/25 01:30;100,57
04/10/25 01:45;97,99
04/10/25 02:00;100,01
04/10/25 02:15;97,99
04/10/25 02:30;95
04/10/25 02:45;90
04/10/25 03:00;96,85
04/10/25 03:15;95
04/10/25 03:30;91,2
04/10/25 03:45;89
04/10/25 04:00;100,05
04/10/25 04:15;100
04/10/25 04:30;98,45
04/10/25 04:45;100
04/10/25 05:00;90
04/10/25 05:15;94
04/10/25 05:30;95
04/10/25 05:45;98,5
04/10/25 06:00;100,3
04/10/25 06:15;100,57
04/10/25 06:30;100,01
04/10/25 06:45;100,3
04/10/25 07:00;100,3
04/10/25 07:15;97,99
04/10/25 07:30;89
04/10/25 07:45;82,1
04/10/25 08:00;85,65
04/10/25 08:15;52,8
04/10/25 08:30;20,87
04/10/25 08:45;2,14
04/10/25 09:00;14,41
04/10/25 09:15;7,96
04/10/25 09:30;2,14
04/10/25 09:45;0,27
04/10/25 10:00;0,41
04/10/25 10:15;0,27
04/10/25 10:30;0,01
04/10/25 10:45;0,01
04/10/25 11:00;0,27
04/10/25 11:15;0,01
04/10/25 11:30;0,01
04/10/25 11:45;0,01
04/10/25 12:00;0,27
04/10/25 12:15;0,27
04/10/25 12:30;0,27
04/10/25 12:45;0,01
04/10/25 13:00;0,27
04/10/25 13:15;0,01
04/10/25 13:30;0,01
04/10/25 13:45;0
04/10/25 14:00;-0,03
04/10/25 14:15;0
04/10/25 14:30;0
04/10/25 14:45;0
04/10/25 15:00;-0,01
04/10/25 15:15;-0,01
04/10/25 15:30;-0,01
04/10/25 15:45;0
04/10/25 16:00;-0,05
04/10/25 16:15;-0,01
04/10/25 16:30;0
04/10/25 16:45;0,65
04/10/25 17:00;0,66
04/10/25 17:15;5,11
04/10/25 17:30;16,12
04/10/25 17:45;21,33
04/10/25 18:00;39,76
04/10/25 18:15;69,3
04/10/25 18:30;72,46
04/10/25 18:45;80,91
04/10/25 19:00;74,04
04/10/25 19:15;74,66
04/10/25 19:30;74,66
04/10/25 19:45;74,04
04/10/25 20:00;74,04
04/10/25 20:15;72,24
04/10/25 20:30;71,52
04/10/25 20:45;70
04/10/25 21:00;72
04/10/25 21:15;71,04
04/10/25 21:30;70
04/10/25 21:45;60
04/10/25 22:00;60
04/10/25 22:15;45
04/10/25 22:30;43,31
04/10/25 22:45;39,8
04/10/25 23:00;35,02
04/10/25 23:15;35,02
04/10/25 23:30;35,02
04/10/25 23:45;35,01
05/10/25 00:00;35,01
05/10/25 00:15;35,01
05/10/25 00:30;34,7
05/10/25 00:45;29,33
05/10/25 01:00;29,33
05/10/25 01:15;29,12
05/10/25 01:30;28,87
05/10/25 01:45;28,87
05/10/25 02:00;29,12
05/10/25 02:15;28,87
05/10/25 02:30;28,87
05/10/25 02:45;28,87
05/10/25 03:00;28,2
05/10/25 03:15;28,2
05/10/25 03:30;28,2
05/10/25 03:45;28,2
05/10/25 04:00;28,2
05/10/25 04:15;28,2
05/10/25 04:30;28,2
05/10/25 04:45;28,2
05/10/25 05:00;28,99
05/10/25 05:15;29,12
05/10/25 05:30;29,33
05/10/25 05:45;29,33
05/10/25 06:00;27,94
05/10/25 06:15;28,07
05/10/25 06:30;28,2
05/10/25 06:45;28,2
05/10/25 07:00;28,2
05/10/25 07:15;27,94
05/10/25 07:30;25,1
05/10/25 07:45;18,15
05/10/25 08:00;14,24
05/10/25 08:15;5
05/10/25 08:30;1,85
05/10/25 08:45;0
05/10/25 09:00;0,09
05/10/25 09:15;0
05/10/25 09:30;-0,01
05/10/25 09:45;-0,1
05/10/25 10:00;-0,45
05/10/25 10:15;-0,5
05/10/25 10:30;-0,6
05/10/25 10:45;-0,99
05/10/25 11:00;-0,6
05/10/25 11:15;-1
05/10/25 11:30;-1,06
05/10/25 11:45;-1,8
05/10/25 12:00;-2,02
05/10/25 12:15;-2,1
05/10/25 12:30;-2,27
05/10/25 12:45;-2,5
05/10/25 13:00;-2,64
05/10/25 13:15;-2,57
05/10/25 13:30;-2,5
05/10/25 13:45;-2,1
05/10/25 14:00;-2,1
05/10/25 14:15;-1,51
05/10/25 14:30;-0,62
05/10/25 14:45;-0,62
05/10/25 15:00;-0,99
05/10/25 15:15;-0,6
05/10/25 15:30;-0,48
05/10/25 15:45;-0,45
05/10/25 16:00;-0,45
05/10/25 16:15;-0,01
05/10/25 16:30;0
05/10/25 16:45;0
05/10/25 17:00;0,65
05/10/25 17:15;3,52
05/10/25 17:30;20,5
05/10/25 17:45;30,8
05/10/25 18:00;35,01
05/10/25 18:15;44,2
05/10/25 18:30;58,44
05/10/25 18:45;72,05
05/10/25 19:00;64,92
05/10/25 19:15;64,92
05/10/25 19:30;75,76
05/10/25 19:45;75,76
05/10/25 20:00;87,26
05/10/25 20:15;87,26
05/10/25 20:30;82,25
05/10/25 20:45;75,76
05/10/25 21:00;68,46
05/10/25 21:15;64,92
05/10/25 21:30;62,65
05/10/25 21:45;45,93
05/10/25 22:00;45,1
05/10/25 22:15;45
05/10/25 22:30;39,4
05/10/25 22:45;35,02
05/10/25 23:00;45,33
05/10/25 23:15;45,2
05/10/25 23:30;44,9
05/10/25 23:45;44,87
06/10/25 00:00;44,87
06/10/25 00:15;44,8
06/10/25 00:30;40
06/10/25 00:45;40
06/10/25 01:00;39,67
06/10/25 01:15;42,79
06/10/25 01:30;44,87
06/10/25 01:45;44,87
06/10/25 02:00;45,1
06/10/25 02:15;45,12
06/10/25 02:30;45,2
06/10/25 02:45;45,5
06/10/25 03:00;45,76
06/10/25 03:15;46,1
06/10/25 03:30;47,55
06/10/25 03:45;47,81
06/10/25 04:00;47,94
06/10/25 04:15;48,2
06/10/25 04:30;55
06/10/25 04:45;72,1
06/10/25 05:00;55,7
06/10/25 05:15;81,68
06/10/25 05:30;88,56
06/10/25 05:45;102,28
06/10/25 06:00;101,03
06/10/25 06:15;113,99
06/10/25 06:30;113,55
06/10/25 06:45;120,69
06/10/25 07:00;113,55
06/10/25 07:15;113,55
06/10/25 07:30;117,79
06/10/25 07:45;113,55
06/10/25 08:00;129,82
06/10/25 08:15;110,34
06/10/25 08:30;100,25
06/10/25 08:45;86,28
06/10/25 09:00;87,64
06/10/25 09:15;82,6
06/10/25 09:30;64,78
06/10/25 09:45;48,07
06/10/25 10:00;48,31
06/10/25 10:15;47,68
06/10/25 10:30;46,4
06/10/25 10:45;45,5
06/10/25 11:00;45,12
06/10/25 11:15;44,87
06/10/25 11:30;44,87
06/10/25 11:45;42,88
06/10/25 12:00;44,87
06/10/25 12:15;44,67
06/10/25 12:30;40
06/10/25 12:45;36,2
06/10/25 13:00;36,2
06/10/25 13:15;36,64
06/10/25 13:30;36,2
06/10/25 13:45;36,2
06/10/25 14:00;36,2
06/10/25 14:15;40
06/10/25 14:30;40
06/10/25 14:45;45,1
06/10/25 15:00;37,8
06/10/25 15:15;44
06/10/25 15:30;45,5
06/10/25 15:45;47,81
06/10/25 16:00;47,68
06/10/25 16:15;60
06/10/25 16:30;79,78
06/10/25 16:45;87
06/10/25 17:00;73,05
06/10/25 17:15;86,76
06/10/25 17:30;106,09
06/10/25 17:45;129,82
06/10/25 18:00;107,04
06/10/25 18:15;125,34
06/10/25 18:30;158,18
06/10/25 18:45;159,99
06/10/25 19:00;158,18
06/10/25 19:15;161,18
06/10/25 19:30;167
06/10/25 19:45;167
06/10/25 20:00;182,59
06/10/25 20:15;175,01
06/10/25 20:30;160,43
06/10/25 20:45;158,93
06/10/25 21:00;143,22
06/10/25 21:15;126,23
06/10/25 21:30;119,94
06/10/25 21:45;113,55
06/10/25 22:00;112,33
06/10/25 22:15;106,83
06/10/25 22:30;101,2
06/10/25 22:45;92,16
06/10/25 23:00;111,6
06/10/25 23:15;110,46
06/10/25 23:30;110
06/10/25 23:45;109,28
07/10/25 00:00;110,86
07/10/25 00:15;108,89
07/10/25 00:30;107,5
07/10/25 00:45;107,45
07/10/25 01:00;107,45
07/10/25 01:15;107,45
07/10/25 01:30;107,45
07/10/25 01:45;106,63
07/10/25 02:00;104,57
07/10/25 02:15;104,17
07/10/25 02:30;102,94
07/10/25 02:45;102,94
07/10/25 03:00;102,94
07/10/25 03:15;102,94
07/10/25 03:30;102,94
07/10/25 03:45;104,57
07/10/25 04:00;100
07/10/25 04:15;101,36
07/10/25 04:30;102,94
07/10/25 04:45;107,42
07/10/25 05:00;104,57
07/10/25 05:15;108,09
07/10/25 05:30;109,76
07/10/25 05:45;111,6
07/10/25 06:00;112,55
07/10/25 06:15;117,88
07/10/25 06:30;124,5
07/10/25 06:45;129,12
07/10/25 07:00;150,55
07/10/25 07:15;135,79
07/10/25 07:30;126,92
07/10/25 07:45;116
07/10/25 08:00;161,42
07/10/25 08:15;119,77
07/10/25 08:30;107,67
07/10/25 08:45;83,54
07/10/25 09:00;96,93
07/10/25 09:15;78,72
07/10/25 09:30;67,81
07/10/25 09:45;60,1
07/10/25 10:00;66,33
07/10/25 10:15;57,12
07/10/25 10:30;45
07/10/25 10:45;38,6
07/10/25 11:00;58,78
07/10/25 11:15;50,73
07/10/25 11:30;49
07/10/25 11:45;45
07/10/25 12:00;45
07/10/25 12:15;43,42
07/10/25 12:30;40
07/10/25 12:45;37,2
07/10/25 13:00;37,2
07/10/25 13:15;35,75
07/10/25 13:30;36,83
07/10/25 13:45;39,58
07/10/25 14:00;37,2
07/10/25 14:15;40,2
07/10/25 14:30;45
07/10/25 14:45;48,84
07/10/25 15:00;44,25
07/10/25 15:15;49
07/10/25 15:30;59
07/10/25 15:45;67,55
07/10/25 16:00;60,1
07/10/25 16:15;67,81
07/10/25 16:30;81,2
07/10/25 16:45;101,76
07/10/25 17:00;84,22
07/10/25 17:15;104,57
07/10/25 17:30;115,8
07/10/25 17:45;133,99
07/10/25 18:00;118,73
07/10/25 18:15;130,34
07/10/25 18:30;170,13
07/10/25 18:45;180,81
07/10/25 19:00;175
07/10/25 19:15;160,09
07/10/25 19:30;169,68
07/10/25 19:45;168,63
07/10/25 20:00;175
07/10/25 20:15;168
07/10/25 20:30;153,06
07/10/25 20:45;129,11
07/10/25 21:00;126,23
07/10/25 21:15;120
07/10/25 21:30;117
07/10/25 21:45;115,8
07/10/25 22:00;117,88
07/10/25 22:15;116,28
07/10/25 22:30;114
07/10/25 22:45;111
07/10/25 23:00;112,52
07/10/25 23:15;111,92
07/10/25 23:30;111,79
07/10/25 23:45;110
08/10/25 00:00;106
08/10/25 00:15;105,01
08/10/25 00:30;103,78
08/10/25 00:45;102,2
08/10/25 01:00;102,2
08/10/25 01:15;101,37
08/10/25 01:30;101
08/10/25 01:45;100,01
08/10/25 02:00;100
08/10/25 02:15;100
08/10/25 02:30;99,99
08/10/25 02:45;99
08/10/25 03:00;100
08/10/25 03:15;100
08/10/25 03:30;100
08/10/25 03:45;100
08/10/25 04:00;94,6
08/10/25 04:15;96
08/10/25 04:30;98,62
08/10/25 04:45;101
08/10/25 05:00;100
08/10/25 05:15;102,2
08/10/25 05:30;106,94
08/10/25 05:45;111,8
08/10/25 06:00;113,99
08/10/25 06:15;121,28
08/10/25 06:30;134,79
08/10/25 06:45;146,52
08/10/25 07:00;130,83
08/10/25 07:15;133,41
08/10/25 07:30;143,22
08/10/25 07:45;121,52
08/10/25 08:00;133,41
08/10/25 08:15;111,8
08/10/25 08:30;102,2
08/10/25 08:45;92
08/10/25 09:00;110,22
08/10/25 09:15;102,2
08/10/25 09:30;97,86
08/10/25 09:45;81,83
08/10/25 10:00;100,62
08/10/25 10:15;85
08/10/25 10:30;70
08/10/25 10:45;63,33
08/10/25 11:00;80,77
08/10/25 11:15;76,49
08/10/25 11:30;75
08/10/25 11:45;72,5
08/10/25 12:00;75,39
08/10/25 12:15;70,58
08/10/25 12:30;63,5
08/10/25 12:45;63,33
08/10/25 13:00;63,33
08/10/25 13:15;63,33
08/10/25 13:30;63,12
08/10/25 13:45;63,12
08/10/25 14:00;59,84
08/10/25 14:15;62,2
08/10/25 14:30;62,87
08/10/25 14:45;62,87
08/10/25 15:00;47,78
08/10/25 15:15;51
08/10/25 15:30;60,1
08/10/25 15:45;63,33
08/10/25 16:00;62,87
08/10/25 16:15;70
08/10/25 16:30;84,62
08/10/25 16:45;90,89
08/10/25 17:00;65
08/10/25 17:15;86,05
08/10/25 17:30;102,2
08/10/25 17:45;110,87
08/10/25 18:00;111,6
08/10/25 18:15;121,73
08/10/25 18:30;158,81
08/10/25 18:45;175
08/10/25 19:00;158,93
08/10/25 19:15;150,05
08/10/25 19:30;128,49
08/10/25 19:45;118,73
08/10/25 20:00;120,28
08/10/25 20:15;114,05
08/10/25 20:30;111,8
08/10/25 20:45;106,94
08/10/25 21:00;111,8
08/10/25 21:15;108,67
08/10/25 21:30;105,01
08/10/25 21:45;100
08/10/25 22:00;102,2
08/10/25 22:15;99,79
08/10/25 22:30;95,48
08/10/25 22:45;90
08/10/25 23:00;101,03
08/10/25 23:15;100,01
08/10/25 23:30;88
08/10/25 23:45;80,42
09/10/25 00:00;88
09/10/25 00:15;80,42
09/10/25 00:30;80,4
09/10/25 00:45;75
09/10/25 01:00;83,41
09/10/25 01:15;80,42
09/10/25 01:30;79,4
09/10/25 01:45;72,55
09/10/25 02:00;75,2
09/10/25 02:15;70
09/10/25 02:30;69,22
09/10/25 02:45;65
09/10/25 03:00;65
09/10/25 03:15;65
09/10/25 03:30;65
09/10/25 03:45;67,32
09/10/25 04:00;60,5
09/10/25 04:15;64,5
09/10/25 04:30;70
09/10/25 04:45;78,88
09/10/25 05:00;75,84
09/10/25 05:15;80,42
09/10/25 05:30;89,83
09/10/25 05:45;97,02
09/10/25 06:00;94
09/10/25 06:15;100,01
09/10/25 06:30;105,37
09/10/25 06:45;108,13
09/10/25 07:00;113,01
09/10/25 07:15;113,02
09/10/25 07:30;112,71
09/10/25 07:45;106,36
09/10/25 08:00;104,94
09/10/25 08:15;103,36
09/10/25 08:30;89,83
09/10/25 08:45;66,1
09/10/25 09:00;60,12
09/10/25 09:15;60,12
09/10/25 09:30;59,87
09/10/25 09:45;52
09/10/25 10:00;30,2
09/10/25 10:15;25,1
09/10/25 10:30;19,01
09/10/25 10:45;19,01
09/10/25 11:00;20,33
09/10/25 11:15;19,01
09/10/25 11:30;19,01
09/10/25 11:45;19,01
09/10/25 12:00;19,01
09/10/25 12:15;19,01
09/10/25 12:30;19,01
09/10/25 12:45;19,01
09/10/25 13:00;19,01
09/10/25 13:15;19,01
09/10/25 13:30;19,01
09/10/25 13:45;19,01
09/10/25 14:00;19,01
09/10/25 14:15;19,01
09/10/25 14:30;25
09/10/25 14:45;25,1
09/10/25 15:00;25,1
09/10/25 15:15;25,1
09/10/25 15:30;52
09/10/25 15:45;56
09/10/25 16:00;45
09/10/25 16:15;56
09/10/25 16:30;59,51
09/10/25 16:45;59,51
09/10/25 17:00;60,12
09/10/25 17:15;60,5
09/10/25 17:30;81,23
09/10/25 17:45;100,2
09/10/25 18:00;93,36
09/10/25 18:15;100,19
09/10/25 18:30;110,23
09/10/25 18:45;120,2
09/10/25 19:00;122,29
09/10/25 19:15;117,2
09/10/25 19:30;111,79
09/10/25 19:45;106,55
09/10/25 20:00;109,81
09/10/25 20:15;104,59
09/10/25 20:30;99,54
09/10/25 20:45;92,8
09/10/25 21:00;101,37
09/10/25 21:15;94,94
09/10/25 21:30;93,76
09/10/25 21:45;90,2
09/10/25 22:00;102,72
09/10/25 22:15;97,98
09/10/25 22:30;89,83
09/10/25 22:45;80,42
09/10/25 23:00;98,23
09/10/25 23:15;90,01
09/10/25 23:30;86,63
09/10/25 23:45;81,2
10/10/25 00:00;90,89
10/10/25 00:15;84,5
10/10/25 00:30;83,5
10/10/25 00:45;81,17
10/10/25 01:00;83,18
10/10/25 01:15;79,99
10/10/25 01:30;78,8
10/10/25 01:45;78
10/10/25 02:00;75
10/10/25 02:15;72
10/10/25 02:30;73,9
10/10/25 02:45;70,92
10/10/25 03:00;66
10/10/25 03:15;66
10/10/25 03:30;70,01
10/10/25 03:45;77
10/10/25 04:00;70,92
10/10/25 04:15;77,89
10/10/25 04:30;81,75
10/10/25 04:45;84,92
10/10/25 05:00;86,27
10/10/25 05:15;96,88
10/10/25 05:30;97
10/10/25 05:45;99,78
10/10/25 06:00;92,23
10/10/25 06:15;100,01
10/10/25 06:30;104,96
10/10/25 06:45;104,96
10/10/25 07:00;111,8
10/10/25 07:15;111,73
10/10/25 07:30;109,4
10/10/25 07:45;96,01
10/10/25 08:00;105,18
10/10/25 08:15;101,28
10/10/25 08:30;90,89
10/10/25 08:45;78
10/10/25 09:00;60,2
10/10/25 09:15;59,75
10/10/25 09:30;44,03
10/10/25 09:45;30,2
10/10/25 10:00;48,57
10/10/25 10:15;41
10/10/25 10:30;42,1
10/10/25 10:45;40,01
10/10/25 11:00;42,81
10/10/25 11:15;41
10/10/25 11:30;44,23
10/10/25 11:45;47,59
10/10/25 12:00;46,88
10/10/25 12:15;39,77
10/10/25 12:30;34,4
10/10/25 12:45;43,26
10/10/25 13:00;32,5
10/10/25 13:15;30,2
10/10/25 13:30;30,2
10/10/25 13:45;40
10/10/25 14:00;31,65
10/10/25 14:15;44,88
10/10/25 14:30;51,31
10/10/25 14:45;55
10/10/25 15:00;40
10/10/25 15:15;49
10/10/25 15:30;59,55
10/10/25 15:45;60,2
10/10/25 16:00;57
10/10/25 16:15;75,22
10/10/25 16:30;85,48
10/10/25 16:45;100
10/10/25 17:00;78
10/10/25 17:15;92,94
10/10/25 17:30;101,76
10/10/25 17:45;111,8
10/10/25 18:00;105,2
10/10/25 18:15;111,8
10/10/25 18:30;121,22
10/10/25 18:45;121,8
10/10/25 19:00;124,39
10/10/25 19:15;119
10/10/25 19:30;113,99
10/10/25 19:45;112,49
10/10/25 20:00;111,8
10/10/25 20:15;111,43
10/10/25 20:30;107,79
10/10/25 20:45;101,37
10/10/25 21:00;107,83
10/10/25 21:15;104,63
10/10/25 21:30;101,37
10/10/25 21:45;99,9
10/10/25 22:00;105,01
10/10/25 22:15;101,43
10/10/25 22:30;101,37
10/10/25 22:45;100,01
10/10/25 23:00;109,02
10/10/25 23:15;106,26
10/10/25 23:30;106,26
10/10/25 23:45;106,24
11/10/25 00:00;105,9
11/10/25 00:15;105,52
11/10/25 00:30;105,28
11/10/25 00:45;105,1
11/10/25 01:00;105,04
11/10/25 01:15;104,8
11/10/25 01:30;103
11/10/25 01:45;102,4
11/10/25 02:00;101,37
11/10/25 02:15;101,37
11/10/25 02:30;100
11/10/25 02:45;101,37
11/10/25 03:00;100
11/10/25 03:15;100
11/10/25 03:30;100
11/10/25 03:45;101,37
11/10/25 04:00;101,37
11/10/25 04:15;101,37
11/10/25 04:30;101,8
11/10/25 04:45;103
11/10/25 05:00;100
11/10/25 05:15;101,37
11/10/25 05:30;103
11/10/25 05:45;105,04
11/10/25 06:00;100,28
11/10/25 06:15;101
11/10/25 06:30;101,37
11/10/25 06:45;103
11/10/25 07:00;103,96
11/10/25 07:15;103
11/10/25 07:30;101,37
11/10/25 07:45;100,04
11/10/25 08:00;106
11/10/25 08:15;96,43
11/10/25 08:30;77,23
11/10/25 08:45;63,1
11/10/25 09:00;65,99
11/10/25 09:15;63,55
11/10/25 09:30;55,63
11/10/25 09:45;30,2
11/10/25 10:00;40
11/10/25 10:15;16,9
11/10/25 10:30;10,1
11/10/25 10:45;6
11/10/25 11:00;5,2
11/10/25 11:15;5,01
11/10/25 11:30;5
11/10/25 11:45;4,31
11/10/25 12:00;5
11/10/25 12:15;4,44
11/10/25 12:30;4,31
11/10/25 12:45;4,01
11/10/25 13:00;3,52
11/10/25 13:15;4,31
11/10/25 13:30;4,01
11/10/25 13:45;3,52
11/10/25 14:00;3,52
11/10/25 14:15;3,52
11/10/25 14:30;3,52
11/10/25 14:45;4,31
11/10/25 15:00;3,52
11/10/25 15:15;4,31
11/10/25 15:30;5,76
11/10/25 15:45;16,46
11/10/25 16:00;15,88
11/10/25 16:15;30,2
11/10/25 16:30;57,65
11/10/25 16:45;64,2
11/10/25 17:00;63,42
11/10/25 17:15;77,22
11/10/25 17:30;90,61
11/10/25 17:45;101
11/10/25 18:00;100,52
11/10/25 18:15;105,1
11/10/25 18:30;109,02
11/10/25 18:45;111,76
11/10/25 19:00;109,02
11/10/25 19:15;109,02
11/10/25 19:30;107,5
11/10/25 19:45;107,5
11/10/25 20:00;111,44
11/10/25 20:15;111,26
11/10/25 20:30;109,02
11/10/25 20:45;107,5
11/10/25 21:00;109,02
11/10/25 21:15;107,5
11/10/25 21:30;106,34
11/10/25 21:45;105,1
11/10/25 22:00;106,34
11/10/25 22:15;105,9
11/10/25 22:30;105
11/10/25 22:45;101,37
11/10/25 23:00;106,8
11/10/25 23:15;105,82
11/10/25 23:30;103,8
11/10/25 23:45;103,8
12/10/25 00:00;103,42
12/10/25 00:15;101,37
12/10/25 00:30;101,34
12/10/25 00:45;101,34
12/10/25 01:00;90,1
12/10/25 01:15;80
12/10/25 01:30;77,5
12/10/25 01:45;77,5
12/10/25 02:00;77,12
12/10/25 02:15;77,12
12/10/25 02:30;76,87
12/10/25 02:45;76,87
12/10/25 03:00;77,5
12/10/25 03:15;77,5
12/10/25 03:30;77,5
12/10/25 03:45;77,5
12/10/25 04:00;77,5
12/10/25 04:15;77,5
12/10/25 04:30;77,5
12/10/25 04:45;77,5
12/10/25 05:00;76,87
12/10/25 05:15;77,14
12/10/25 05:30;77,12
12/10/25 05:45;77,5
12/10/25 06:00;77,33
12/10/25 06:15;83,66
12/10/25 06:30;78,55
12/10/25 06:45;86,36
12/10/25 07:00;93,32
12/10/25 07:15;86,35
12/10/25 07:30;84,3
12/10/25 07:45;76,87
12/10/25 08:00;83,72
12/10/25 08:15;75
12/10/25 08:30;67,82
12/10/25 08:45;35,76
12/10/25 09:00;50,77
12/10/25 09:15;30,2
12/10/25 09:30;15,11
12/10/25 09:45;0,83
12/10/25 10:00;3,52
12/10/25 10:15;0,83
12/10/25 10:30;0,65
12/10/25 10:45;0,16
12/10/25 11:00;0,65
12/10/25 11:15;0,65
12/10/25 11:30;0,65
12/10/25 11:45;0,65
12/10/25 12:00;0,75
12/10/25 12:15;1
12/10/25 12:30;1,2
12/10/25 12:45;1,2
12/10/25 13:00;1,72
12/10/25 13:15;1,72
12/10/25 13:30;1,72
12/10/25 13:45;1,72
12/10/25 14:00;0,65
12/10/25 14:15;0,89
12/10/25 14:30;2,2
12/10/25 14:45;4,31
12/10/25 15:00;1,72
12/10/25 15:15;4,31
12/10/25 15:30;7,36
12/10/25 15:45;16,35
12/10/25 16:00;15,11
12/10/25 16:15;21,37
12/10/25 16:30;40,78
12/10/25 16:45;60,41
12/10/25 17:00;61
12/10/25 17:15;76,5
12/10/25 17:30;102,79
12/10/25 17:45;105
12/10/25 18:00;104,1
12/10/25 18:15;108,72
12/10/25 18:30;111,79
12/10/25 18:45;113
12/10/25 19:00;114,78
12/10/25 19:15;116,33
12/10/25 19:30;114,65
12/10/25 19:45;114,78
12/10/25 20:00;116,34
12/10/25 20:15;116,34
12/10/25 20:30;114,78
12/10/25 20:45;113
12/10/25 21:00;116,13
12/10/25 21:15;113,24
12/10/25 21:30;113
12/10/25 21:45;112,2
12/10/25 22:00;111,79
12/10/25 22:15;110,87
12/10/25 22:30;109,4
12/10/25 22:45;106,8
12/10/25 23:00;101,37
12/10/25 23:15;101,34
12/10/25 23:30;101,34
12/10/25 23:45;100
13/10/25 00:00;91
13/10/25 00:15;95,07
13/10/25 00:30;92,58
13/10/25 00:45;90,1
13/10/25 01:00;85
13/10/25 01:15;83,77
13/10/25 01:30;82,5
13/10/25 01:45;84,25
13/10/25 02:00;90,8
13/10/25 02:15;91,41
13/10/25 02:30;93
13/10/25 02:45;93,47
13/10/25 03:00;93,47
13/10/25 03:15;95,07
13/10/25 03:30;95,07
13/10/25 03:45;96,67
13/10/25 04:00;100
13/10/25 04:15;101,34
13/10/25 04:30;101,37
13/10/25 04:45;105
13/10/25 05:00;101,37
13/10/25 05:15;105,17
13/10/25 05:30;107,57
13/10/25 05:45;109,57
13/10/25 06:00;113,28
13/10/25 06:15;114,36
13/10/25 06:30;115,94
13/10/25 06:45;117,2
13/10/25 07:00;129,29
13/10/25 07:15;130,25
13/10/25 07:30;129,29
13/10/25 07:45;120,82
13/10/25 08:00;140,33
13/10/25 08:15;118,6
13/10/25 08:30;113,28
13/10/25 08:45;110
13/10/25 09:00;112,47
13/10/25 09:15;106,86
13/10/25 09:30;101,37
13/10/25 09:45;95,07
13/10/25 10:00;101,37
13/10/25 10:15;92,47
13/10/25 10:30;81,48
13/10/25 10:45;78,12
13/10/25 11:00;78,33
13/10/25 11:15;77,07
13/10/25 11:30;77,07
13/10/25 11:45;76,68
13/10/25 12:00;73,47
13/10/25 12:15;70,2
13/10/25 12:30;70
13/10/25 12:45;68
13/10/25 13:00;68
13/10/25 13:15;68,93
13/10/25 13:30;69,1
13/10/25 13:45;68,76
13/10/25 14:00;60,1
13/10/25 14:15;65
13/10/25 14:30;68
13/10/25 14:45;68,76
13/10/25 15:00;68
13/10/25 15:15;70
13/10/25 15:30;70
13/10/25 15:45;76,55
13/10/25 16:00;78,33
13/10/25 16:15;78,33
13/10/25 16:30;86,3
13/10/25 16:45;94,25
13/10/25 17:00;85,16
13/10/25 17:15;101,34
13/10/25 17:30;101,37
13/10/25 17:45;111,78
13/10/25 18:00;117,2
13/10/25 18:15;119,24
13/10/25 18:30;137,11
13/10/25 18:45;154,76
13/10/25 19:00;158,18
13/10/25 19:15;161,18
13/10/25 19:30;165
13/10/25 19:45;164
13/10/25 20:00;167,29
13/10/25 20:15;163,7
13/10/25 20:30;160,43
13/10/25 20:45;150,53
13/10/25 21:00;146,82
13/10/25 21:15;128,94
13/10/25 21:30;122,84
13/10/25 21:45;118,4
13/10/25 22:00;116,34
13/10/25 22:15;115
13/10/25 22:30;114,36
13/10/25 22:45;114,36
13/10/25 23:00;117,5
13/10/25 23:15;116,53
13/10/25 23:30;116,12
13/10/25 23:45;115
14/10/25 00:00;111,16
14/10/25 00:15;109,09
14/10/25 00:30;108,49
14/10/25 00:45;108,13
14/10/25 01:00;107,24
14/10/25 01:15;107,24
14/10/25 01:30;106,88
14/10/25 01:45;106,88
14/10/25 02:00;107,09
14/10/25 02:15;106,88
14/10/25 02:30;106,88
14/10/25 02:45;106,88
14/10/25 03:00;107,22
14/10/25 03:15;107,22
14/10/25 03:30;107,22
14/10/25 03:45;107,22
14/10/25 04:00;107,22
14/10/25 04:15;107,22
14/10/25 04:30;108,49
14/10/25 04:45;111,06
14/10/25 05:00;113,21
14/10/25 05:15;114,6
14/10/25 05:30;116
14/10/25 05:45;118,52
14/10/25 06:00;118,17
14/10/25 06:15;122,94
14/10/25 06:30;133,45
14/10/25 06:45;131,95
14/10/25 07:00;157,78
14/10/25 07:15;160,43
14/10/25 07:30;158,42
14/10/25 07:45;146,82
14/10/25 08:00;157,89
14/10/25 08:15;120,01
14/10/25 08:30;110,78
14/10/25 08:45;101,37
14/10/25 09:00;113,51
14/10/25 09:15;110,82
14/10/25 09:30;101,37
14/10/25 09:45;96
14/10/25 10:00;100,5
14/10/25 10:15;86,3
14/10/25 10:30;84,34
14/10/25 10:45;82,12
14/10/25 11:00;81,87
14/10/25 11:15;81,87
14/10/25 11:30;81,87
14/10/25 11:45;81,7
14/10/25 12:00;77
14/10/25 12:15;75
14/10/25 12:30;75
14/10/25 12:45;73,5
14/10/25 13:00;73,5
14/10/25 13:15;73,5
14/10/25 13:30;75
14/10/25 13:45;75
14/10/25 14:00;74,2
14/10/25 14:15;75
14/10/25 14:30;79,62
14/10/25 14:45;81,7
14/10/25 15:00;81,87
14/10/25 15:15;81,87
14/10/25 15:30;81,87
14/10/25 15:45;82,12
14/10/25 16:00;82,12
14/10/25 16:15;82,33
14/10/25 16:30;101,37
14/10/25 16:45;104,36
14/10/25 17:00;107,46
14/10/25 17:15;110,62
14/10/25 17:30;114,03
14/10/25 17:45;117,2
14/10/25 18:00;120,78
14/10/25 18:15;134
14/10/25 18:30;160,11
14/10/25 18:45;165,75
14/10/25 19:00;158,18
14/10/25 19:15;160,43
14/10/25 19:30;161,18
14/10/25 19:45;161,02
14/10/25 20:00;158,93
14/10/25 20:15;155
14/10/25 20:30;140
14/10/25 20:45;122,84
14/10/25 21:00;150
14/10/25 21:15;130,25
14/10/25 21:30;122,84
14/10/25 21:45;117,2
14/10/25 22:00;113,94
14/10/25 22:15;111,78
14/10/25 22:30;110,62
14/10/25 22:45;109,2
14/10/25 23:00;118,28
14/10/25 23:15;117,8
14/10/25 23:30;115,01
14/10/25 23:45;113,07
15/10/25 00:00;110,24
15/10/25 00:15;108,19
15/10/25 00:30;107,3
15/10/25 00:45;107,3
15/10/25 01:00;106,13
15/10/25 01:15;105,34
15/10/25 01:30;105,34
15/10/25 01:45;105
15/10/25 02:00;103,86
15/10/25 02:15;103,74
15/10/25 02:30;103,74
15/10/25 02:45;103,74
15/10/25 03:00;103,74
15/10/25 03:15;103,74
15/10/25 03:30;103,74
15/10/25 03:45;103,86
15/10/25 04:00;105
15/10/25 04:15;105,34
15/10/25 04:30;107,27
15/10/25 04:45;110,24
15/10/25 05:00;110
15/10/25 05:15;112,94
15/10/25 05:30;114,87
15/10/25 05:45;117,8
15/10/25 06:00;125,4
15/10/25 06:15;138,47
15/10/25 06:30;149,52
15/10/25 06:45;156,2
15/10/25 07:00;158,18
15/10/25 07:15;160
15/10/25 07:30;160,01
15/10/25 07:45;154,5
15/10/25 08:00;153,6
15/10/25 08:15;120,01
15/10/25 08:30;109
15/10/25 08:45;103,19
15/10/25 09:00;105
15/10/25 09:15;102,94
15/10/25 09:30;102,94
15/10/25 09:45;92,13
15/10/25 10:00;90
15/10/25 10:15;86,3
15/10/25 10:30;82,5
15/10/25 10:45;82,33
15/10/25 11:00;82,12
15/10/25 11:15;82,12
15/10/25 11:30;81,87
15/10/25 11:45;81,87
15/10/25 12:00;81,87
15/10/25 12:15;81,87
15/10/25 12:30;81,69
15/10/25 12:45;79,62
15/10/25 13:00;74,2
15/10/25 13:15;74,2
15/10/25 13:30;79,62
15/10/25 13:45;81,7
15/10/25 14:00;81,68
15/10/25 14:15;81,87
15/10/25 14:30;81,87
15/10/25 14:45;81,87
15/10/25 15:00;82,12
15/10/25 15:15;82,12
15/10/25 15:30;82,33
15/10/25 15:45;82,33
15/10/25 16:00;82,5
15/10/25 16:15;103,19
15/10/25 16:30;107,84
15/10/25 16:45;107,84
15/10/25 17:00;105
15/10/25 17:15;110
15/10/25 17:30;120,1
15/10/25 17:45;132,43
15/10/25 18:00;136,91
15/10/25 18:15;155,43
15/10/25 18:30;172,33
15/10/25 18:45;161,42
15/10/25 19:00;162,67
15/10/25 19:15;161,18
15/10/25 19:30;167
15/10/25 19:45;161,42
15/10/25 20:00;161,18
15/10/25 20:15;158,93
15/10/25 20:30;146,82
15/10/25 20:45;127,97
15/10/25 21:00;128,02
15/10/25 21:15;121
15/10/25 21:30;118,04
15/10/25 21:45;113,94
15/10/25 22:00;115
15/10/25 22:15;113,07
15/10/25 22:30;112,36
15/10/25 22:45;110,24
15/10/25 23:00;118,8
15/10/25 23:15;118,32
15/10/25 23:30;117,34
15/10/25 23:45;115,01
16/10/25 00:00;112
16/10/25 00:15;109,9
16/10/25 00:30;109,3
16/10/25 00:45;107,49
16/10/25 01:00;106,29
16/10/25 01:15;106,29
16/10/25 01:30;106,27
16/10/25 01:45;105,53
16/10/25 02:00;105
16/10/25 02:15;105
16/10/25 02:30;105
16/10/25 02:45;105
16/10/25 03:00;104,9
16/10/25 03:15;104,9
16/10/25 03:30;105
16/10/25 03:45;105,1
16/10/25 04:00;105,4
16/10/25 04:15;105,53
16/10/25 04:30;106,29
16/10/25 04:45;109,3
16/10/25 05:00;110
16/10/25 05:15;113,14
16/10/25 05:30;117,34
16/10/25 05:45;119,07
16/10/25 06:00;118,32
16/10/25 06:15;123,8
16/10/25 06:30;130
16/10/25 06:45;140,33
16/10/25 07:00;150,1
16/10/25 07:15;157,43
16/10/25 07:30;156
16/10/25 07:45;148,01
16/10/25 08:00;149,52
16/10/25 08:15;129,86
16/10/25 08:30;112,05
16/10/25 08:45;107,63
16/10/25 09:00;110,87
16/10/25 09:15;107,03
16/10/25 09:30;106,74
16/10/25 09:45;105,44
16/10/25 10:00;103,23
16/10/25 10:15;88,35
16/10/25 10:30;83,5
16/10/25 10:45;83,33
16/10/25 11:00;83,33
16/10/25 11:15;83,33
16/10/25 11:30;82,87
16/10/25 11:45;82,87
16/10/25 12:00;82,87
16/10/25 12:15;81,7
16/10/25 12:30;80
16/10/25 12:45;79,62
16/10/25 13:00;79
16/10/25 13:15;79
16/10/25 13:30;79,62
16/10/25 13:45;80
16/10/25 14:00;79,62
16/10/25 14:15;80
16/10/25 14:30;80
16/10/25 14:45;82,87
16/10/25 15:00;79
16/10/25 15:15;80
16/10/25 15:30;82,87
16/10/25 15:45;83,06
16/10/25 16:00;82,87
16/10/25 16:15;101,52
16/10/25 16:30;90,99
16/10/25 16:45;105
16/10/25 17:00;106,62
16/10/25 17:15;109,76
16/10/25 17:30;121,94
16/10/25 17:45;139
16/10/25 18:00;139,19
16/10/25 18:15;146,25
16/10/25 18:30;146,79
16/10/25 18:45;157
16/10/25 19:00;146,51
16/10/25 19:15;149,52
16/10/25 19:30;159,68
16/10/25 19:45;158,18
16/10/25 20:00;152,32
16/10/25 20:15;146,82
16/10/25 20:30;140,34
16/10/25 20:45;127,62
16/10/25 21:00;146,25
16/10/25 21:15;131
16/10/25 21:30;123,8
16/10/25 21:45;118,32
16/10/25 22:00;119,04
16/10/25 22:15;117,34
16/10/25 22:30;113,05
16/10/25 22:45;111,45
16/10/25 23:00;127,6
16/10/25 23:15;125,2
16/10/25 23:30;123,01
16/10/25 23:45;118,32
17/10/25 00:00;115
17/10/25 00:15;109,64
17/10/25 00:30;107,87
17/10/25 00:45;107,44
17/10/25 01:00;107,87
17/10/25 01:15;107,87
17/10/25 01:30;105,84
17/10/25 01:45;105,84
17/10/25 02:00;105,5
17/10/25 02:15;105,04
17/10/25 02:30;105,04
17/10/25 02:45;105,04
17/10/25 03:00;105
17/10/25 03:15;105,04
17/10/25 03:30;105,04
17/10/25 03:45;105,13
17/10/25 04:00;105,04
17/10/25 04:15;105,84
17/10/25 04:30;107,44
17/10/25 04:45;109
17/10/25 05:00;107,81
17/10/25 05:15;112,26
17/10/25 05:30;120
17/10/25 05:45;125,2
17/10/25 06:00;124,8
17/10/25 06:15;136,8
17/10/25 06:30;138
17/10/25 06:45;149,5
17/10/25 07:00;158,74
17/10/25 07:15;161,35
17/10/25 07:30;161
17/10/25 07:45;156,51
17/10/25 08:00;161,02
17/10/25 08:15;133
17/10/25 08:30;120
17/10/25 08:45;105,04
17/10/25 09:00;105,09
17/10/25 09:15;105,04
17/10/25 09:30;90
17/10/25 09:45;97,37
17/10/25 10:00;94,94
17/10/25 10:15;83,07
17/10/25 10:30;82,87
17/10/25 10:45;80
17/10/25 11:00;80,15
17/10/25 11:15;76,62
17/10/25 11:30;75,5
17/10/25 11:45;74,9
17/10/25 12:00;69
17/10/25 12:15;62,41
17/10/25 12:30;55,26
17/10/25 12:45;55,01
17/10/25 13:00;55,01
17/10/25 13:15;55,01
17/10/25 13:30;55,01
17/10/25 13:45;55,01
17/10/25 14:00;55,01
17/10/25 14:15;55,01
17/10/25 14:30;55,01
17/10/25 14:45;55,1
17/10/25 15:00;55,01
17/10/25 15:15;66,96
17/10/25 15:30;75,5
17/10/25 15:45;76,3
17/10/25 16:00;75,1
17/10/25 16:15;82,87
17/10/25 16:30;105,84
17/10/25 16:45;115,01
17/10/25 17:00;104,64
17/10/25 17:15;117,76
17/10/25 17:30;124,8
17/10/25 17:45;135,78
17/10/25 18:00;131,33
17/10/25 18:15;133,7
17/10/25 18:30;138,2
17/10/25 18:45;149,52
17/10/25 19:00;150
17/10/25 19:15;159
17/10/25 19:30;161,18
17/10/25 19:45;160,43
17/10/25 20:00;158,81
17/10/25 20:15;154,5
17/10/25 20:30;144,01
17/10/25 20:45;133,7
17/10/25 21:00;136,5
17/10/25 21:15;130
17/10/25 21:30;125
17/10/25 21:45;120
17/10/25 22:00;127,52
17/10/25 22:15;125,2
17/10/25 22:30;120,01
17/10/25 22:45;116,13
17/10/25 23:00;127,76
17/10/25 23:15;127,28
17/10/25 23:30;127,04
17/10/25 23:45;120,01
18/10/25 00:00;115,8
18/10/25 00:15;115,44
18/10/25 00:30;112,96
18/10/25 00:45;107,38
18/10/25 01:00;104,81
18/10/25 01:15;103,27
18/10/25 01:30;98,5
18/10/25 01:45;96,94
18/10/25 02:00;104,67
18/10/25 02:15;103,59
18/10/25 02:30;98,68
18/10/25 02:45;98,46
18/10/25 03:00;103,78
18/10/25 03:15;103,27
18/10/25 03:30;102,39
18/10/25 03:45;99,93
18/10/25 04:00;98,16
18/10/25 04:15;96,52
18/10/25 04:30;96,95
18/10/25 04:45;98,15
18/10/25 05:00;100,4
18/10/25 05:15;103,59
18/10/25 05:30;105,27
18/10/25 05:45;106,07
18/10/25 06:00;112,14
18/10/25 06:15;115
18/10/25 06:30;115,44
18/10/25 06:45;117,01
18/10/25 07:00;120,01
18/10/25 07:15;120,01
18/10/25 07:30;118,53
18/10/25 07:45;115,54
18/10/25 08:00;117,85
18/10/25 08:15;113,34
18/10/25 08:30;101,58
18/10/25 08:45;87
18/10/25 09:00;106,07
18/10/25 09:15;80,5
18/10/25 09:30;63,5
18/10/25 09:45;51,42
18/10/25 10:00;46,1
18/10/25 10:15;40
18/10/25 10:30;18,27
18/10/25 10:45;12,71
18/10/25 11:00;10
18/10/25 11:15;6
18/10/25 11:30;5,76
18/10/25 11:45;5,2
18/10/25 12:00;5
18/10/25 12:15;5
18/10/25 12:30;4,31
18/10/25 12:45;4,31
18/10/25 13:00;4,31
18/10/25 13:15;4,31
18/10/25 13:30;4,31
18/10/25 13:45;4,31
18/10/25 14:00;1,52
18/10/25 14:15;1,52
18/10/25 14:30;1,52
18/10/25 14:45;3
18/10/25 15:00;4,31
18/10/25 15:15;4,31
18/10/25 15:30;5
18/10/25 15:45;10,01
18/10/25 16:00;16,9
18/10/25 16:15;47,1
18/10/25 16:30;52,87
18/10/25 16:45;75
18/10/25 17:00;53,5
18/10/25 17:15;89,25
18/10/25 17:30;113,83
18/10/25 17:45;128,24
18/10/25 18:00;116,18
18/10/25 18:15;117,85
18/10/25 18:30;120,01
18/10/25 18:45;117,85
18/10/25 19:00;126,23
18/10/25 19:15;128,7
18/10/25 19:30;131,13
18/10/25 19:45;128,52
18/10/25 20:00;126,23
18/10/25 20:15;122,94
18/10/25 20:30;118,32
18/10/25 20:45;115,44
18/10/25 21:00;115,36
18/10/25 21:15;113
18/10/25 21:30;112,52
18/10/25 21:45;111,8
18/10/25 22:00;113,24
18/10/25 22:15;112,26
18/10/25 22:30;107,38
18/10/25 22:45;103,78
18/10/25 23:00;96,4
18/10/25 23:15;92
18/10/25 23:30;81,85
18/10/25 23:45;75,92
19/10/25 00:00;77,07
19/10/25 00:15;74,76
19/10/25 00:30;69,62
19/10/25 00:45;63,97
19/10/25 01:00;73,16
19/10/25 01:15;61
19/10/25 01:30;51,01
19/10/25 01:45;39,89
19/10/25 02:00;44
19/10/25 02:15;32,33
19/10/25 02:30;30,2
19/10/25 02:45;30
19/10/25 03:00;31,87
19/10/25 03:15;30,07
19/10/25 03:30;30
19/10/25 03:45;29,94
19/10/25 04:00;29,68
19/10/25 04:15;29,55
19/10/25 04:30;29,55
19/10/25 04:45;29,55
19/10/25 05:00;29,68
19/10/25 05:15;29,94
19/10/25 05:30;29,68
19/10/25 05:45;29,68
19/10/25 06:00;30,2
19/10/25 06:15;30,2
19/10/25 06:30;30,2
19/10/25 06:45;31,87
19/10/25 07:00;32,33
19/10/25 07:15;31,87
19/10/25 07:30;31,01
19/10/25 07:45;30,2
19/10/25 08:00;35,01
19/10/25 08:15;30,02
19/10/25 08:30;28,15
19/10/25 08:45;6
19/10/25 09:00;16,79
19/10/25 09:15;4,31
19/10/25 09:30;2,41
19/10/25 09:45;0,01
19/10/25 10:00;3,52
19/10/25 10:15;1,52
19/10/25 10:30;0,99
19/10/25 10:45;0,65
19/10/25 11:00;0,02
19/10/25 11:15;0,01
19/10/25 11:30;0
19/10/25 11:45;0
19/10/25 12:00;0
19/10/25 12:15;0
19/10/25 12:30;0
19/10/25 12:45;0
19/10/25 13:00;0
19/10/25 13:15;0
19/10/25 13:30;0
19/10/25 13:45;0
19/10/25 14:00;0
19/10/25 14:15;0
19/10/25 14:30;0
19/10/25 14:45;0
19/10/25 15:00;0
19/10/25 15:15;0
19/10/25 15:30;0,01
19/10/25 15:45;0,65
19/10/25 16:00;0,65
19/10/25 16:15;1,72
19/10/25 16:30;3,52
19/10/25 16:45;7,96
19/10/25 17:00;6,58
19/10/25 17:15;25,2
19/10/25 17:30;41,4
19/10/25 17:45;71,63
19/10/25 18:00;56,23
19/10/25 18:15;64,5
19/10/25 18:30;70
19/10/25 18:45;75,85
19/10/25 19:00;70
19/10/25 19:15;74,04
19/10/25 19:30;75
19/10/25 19:45;69,5
19/10/25 20:00;75,92
19/10/25 20:15;75
19/10/25 20:30;69,5
19/10/25 20:45;63
19/10/25 21:00;60,15
19/10/25 21:15;59,4
19/10/25 21:30;55
19/10/25 21:45;54,96
19/10/25 22:00;51,52
19/10/25 22:15;51
19/10/25 22:30;47,1
19/10/25 22:45;40
19/10/25 23:00;55,12
19/10/25 23:15;50
19/10/25 23:30;40,1
19/10/25 23:45;38,13
20/10/25 00:00;29,7
20/10/25 00:15;28,5
20/10/25 00:30;28,33
20/10/25 00:45;27,07
20/10/25 01:00;26,42
20/10/25 01:15;22,2
20/10/25 01:30;26,42
20/10/25 01:45;25,6
20/10/25 02:00;26,42
20/10/25 02:15;26,42
20/10/25 02:30;25,5
20/10/25 02:45;26,42
20/10/25 03:00;26,42
20/10/25 03:15;26,42
20/10/25 03:30;26,42
20/10/25 03:45;26,55
20/10/25 04:00;26,68
20/10/25 04:15;26,94
20/10/25 04:30;27,2
20/10/25 04:45;28,33
20/10/25 05:00;35,84
20/10/25 05:15;43
20/10/25 05:30;55,12
20/10/25 05:45;70,42
20/10/25 06:00;57,56
20/10/25 06:15;73,41
20/10/25 06:30;82,31
20/10/25 06:45;88
20/10/25 07:00;87,79
20/10/25 07:15;93,53
20/10/25 07:30;95,73
20/10/25 07:45;94,33
20/10/25 08:00;106,03
20/10/25 08:15;95,5
20/10/25 08:30;80
20/10/25 08:45;55,12
20/10/25 09:00;58,23
20/10/25 09:15;47,7
20/10/25 09:30;32,91
20/10/25 09:45;15,01
20/10/25 10:00;27,87
20/10/25 10:15;15,01
20/10/25 10:30;10,01
20/10/25 10:45;10,01
20/10/25 11:00;5,79
20/10/25 11:15;10,01
20/10/25 11:30;6
20/10/25 11:45;10,01
20/10/25 12:00;6
20/10/25 12:15;5,76
20/10/25 12:30;4,31
20/10/25 12:45;4,31
20/10/25 13:00;4,31
20/10/25 13:15;0,79
20/10/25 13:30;0,65
20/10/25 13:45;4,31
20/10/25 14:00;0,16
20/10/25 14:15;0,16
20/10/25 14:30;0,16
20/10/25 14:45;0,65
20/10/25 15:00;0,65
20/10/25 15:15;0,65
20/10/25 15:30;4,31
20/10/25 15:45;4,31
20/10/25 16:00;3,52
20/10/25 16:15;4,96
20/10/25 16:30;13,48
20/10/25 16:45;25,11
20/10/25 17:00;27,87
20/10/25 17:15;28,33
20/10/25 17:30;49,24
20/10/25 17:45;73
20/10/25 18:00;56,53
20/10/25 18:15;80,87
20/10/25 18:30;87,8
20/10/25 18:45;91
20/10/25 19:00;92,8
20/10/25 19:15;100
20/10/25 19:30;104,31
20/10/25 19:45;104,25
20/10/25 20:00;104,27
20/10/25 20:15;97,45
20/10/25 20:30;89,86
20/10/25 20:45;80
20/10/25 21:00;83
20/10/25 21:15;72,99
20/10/25 21:30;60,1
20/10/25 21:45;52,96
20/10/25 22:00;55
20/10/25 22:15;48,8
20/10/25 22:30;48,52
20/10/25 22:45;40,4
20/10/25 23:00;45,8
20/10/25 23:15;39,9
20/10/25 23:30;31,22
20/10/25 23:45;26,87
21/10/25 00:00;26,87
21/10/25 00:15;25,07
21/10/25 00:30;24,68
21/10/25 00:45;20
21/10/25 01:00;17,16
21/10/25 01:15;14
21/10/25 01:30;11,17
21/10/25 01:45;10
21/10/25 02:00;7,96
21/10/25 02:15;14
21/10/25 02:30;12,23
21/10/25 02:45;10
21/10/25 03:00;12,92
21/10/25 03:15;14
21/10/25 03:30;15
21/10/25 03:45;14
21/10/25 04:00;12,75
21/10/25 04:15;15
21/10/25 04:30;20
21/10/25 04:45;24,42
21/10/25 05:00;24,94
21/10/25 05:15;26,87
21/10/25 05:30;42
21/10/25 05:45;47,27
21/10/25 06:00;46,76
21/10/25 06:15;54,08
21/10/25 06:30;70,15
21/10/25 06:45;80,87
21/10/25 07:00;90,05
21/10/25 07:15;93,65
21/10/25 07:30;96,5
21/10/25 07:45;93,43
21/10/25 08:00;104,49
21/10/25 08:15;85,59
21/10/25 08:30;72
21/10/25 08:45;52
21/10/25 09:00;56
21/10/25 09:15;47
21/10/25 09:30;36,1
21/10/25 09:45;26,87
21/10/25 10:00;25,07
21/10/25 10:15;22,2
21/10/25 10:30;15,5
21/10/25 10:45;14
21/10/25 11:00;10,1
21/10/25 11:15;6
21/10/25 11:30;3,8
21/10/25 11:45;3,52
21/10/25 12:00;3,52
21/10/25 12:15;3,52
21/10/25 12:30;3,52
21/10/25 12:45;3,52
21/10/25 13:00;3,52
21/10/25 13:15;3,52
21/10/25 13:30;3,01
21/10/25 13:45;3
21/10/25 14:00;1,72
21/10/25 14:15;1,72
21/10/25 14:30;1,72
21/10/25 14:45;2,2
21/10/25 15:00;3,01
21/10/25 15:15;3,52
21/10/25 15:30;3,52
21/10/25 15:45;3,52
21/10/25 16:00;3,52
21/10/25 16:15;10
21/10/25 16:30;16,79
21/10/25 16:45;25,2
21/10/25 17:00;25,07
21/10/25 17:15;37,76
21/10/25 17:30;49,28
21/10/25 17:45;80
21/10/25 18:00;54,08
21/10/25 18:15;70,98
21/10/25 18:30;86,5
21/10/25 18:45;101,68
21/10/25 19:00;112
21/10/25 19:15;104,99
21/10/25 19:30;97,75
21/10/25 19:45;90
21/10/25 20:00;92,22
21/10/25 20:15;83,02
21/10/25 20:30;86,37
21/10/25 20:45;70,26
21/10/25 21:00;92,79
21/10/25 21:15;82,38
21/10/25 21:30;80
21/10/25 21:45;60,1
21/10/25 22:00;60,1
21/10/25 22:15;54,08
21/10/25 22:30;50,39
21/10/25 22:45;47,24
21/10/25 23:00;46,87
21/10/25 23:15;41,6
21/10/25 23:30;32,73
21/10/25 23:45;29,19
22/10/25 00:00;33,18
22/10/25 00:15;30,22
22/10/25 00:30;29,57
22/10/25 00:45;29,19
22/10/25 01:00;29,19
22/10/25 01:15;27,27
22/10/25 01:30;27,14
22/10/25 01:45;26,88
22/10/25 02:00;26,49
22/10/25 02:15;25,17
22/10/25 02:30;23,59
22/10/25 02:45;21,96
22/10/25 03:00;24,99
22/10/25 03:15;22,96
22/10/25 03:30;24
22/10/25 03:45;25,17
22/10/25 04:00;26,75
22/10/25 04:15;26,88
22/10/25 04:30;27,27
22/10/25 04:45;29,4
22/10/25 05:00;35,79
22/10/25 05:15;41,6
22/10/25 05:30;46,74
22/10/25 05:45;48,07
22/10/25 06:00;47,59
22/10/25 06:15;51,93
22/10/25 06:30;59,5
22/10/25 06:45;66,27
22/10/25 07:00;68,5
22/10/25 07:15;75
22/10/25 07:30;80,56
22/10/25 07:45;73,5
22/10/25 08:00;60,24
22/10/25 08:15;50,35
22/10/25 08:30;46,35
22/10/25 08:45;29,57
22/10/25 09:00;29,19
22/10/25 09:15;28,94
22/10/25 09:30;20,01
22/10/25 09:45;15
22/10/25 10:00;3,52
22/10/25 10:15;3,52
22/10/25 10:30;3,52
22/10/25 10:45;3
22/10/25 11:00;1,5
22/10/25 11:15;0,99
22/10/25 11:30;0,8
22/10/25 11:45;0,8
22/10/25 12:00;0,65
22/10/25 12:15;0,65
22/10/25 12:30;0,2
22/10/25 12:45;0,05
22/10/25 13:00;0,05
22/10/25 13:15;0,05
22/10/25 13:30;0,01
22/10/25 13:45;0,01
22/10/25 14:00;0,01
22/10/25 14:15;0,01
22/10/25 14:30;0,01
22/10/25 14:45;0,01
22/10/25 15:00;0,05
22/10/25 15:15;0,16
22/10/25 15:30;0,65
22/10/25 15:45;0,66
22/10/25 16:00;1,72
22/10/25 16:15;3,52
22/10/25 16:30;3,52
22/10/25 16:45;4,96
22/10/25 17:00;15,01
22/10/25 17:15;26,62
22/10/25 17:30;32,8
22/10/25 17:45;50,35
22/10/25 18:00;47,83
22/10/25 18:15;53,51
22/10/25 18:30;61
22/10/25 18:45;78,2
22/10/25 19:00;70,51
22/10/25 19:15;71,43
22/10/25 19:30;65
22/10/25 19:45;59,5
22/10/25 20:00;51,93
22/10/25 20:15;48,31
22/10/25 20:30;42,95
22/10/25 20:45;29,57
22/10/25 21:00;31,1
22/10/25 21:15;25,5
22/10/25 21:30;28,94
22/10/25 21:45;19,5
22/10/25 22:00;34,58
22/10/25 22:15;20
22/10/25 22:30;18,36
22/10/25 22:45;7,05
22/10/25 23:00;14
22/10/25 23:15;10
22/10/25 23:30;2,47
22/10/25 23:45;2,4
23/10/25 00:00;3,52
23/10/25 00:15;1,99
23/10/25 00:30;0,16
23/10/25 00:45;0,16
23/10/25 01:00;0,66
23/10/25 01:15;0,16
23/10/25 01:30;0,05
23/10/25 01:45;0,01
23/10/25 02:00;0
23/10/25 02:15;0
23/10/25 02:30;0
23/10/25 02:45;0
23/10/25 03:00;0
23/10/25 03:15;0
23/10/25 03:30;0
23/10/25 03:45;0
23/10/25 04:00;0
23/10/25 04:15;0
23/10/25 04:30;0
23/10/25 04:45;0,01
23/10/25 05:00;0,16
23/10/25 05:15;0,79
23/10/25 05:30;3,52
23/10/25 05:45;6
23/10/25 06:00;6
23/10/25 06:15;14
23/10/25 06:30;20,46
23/10/25 06:45;25,5
23/10/25 07:00;21,25
23/10/25 07:15;25,1
23/10/25 07:30;25,1
23/10/25 07:45;22,5
23/10/25 08:00;25,33
23/10/25 08:15;15,01
23/10/25 08:30;10,01
23/10/25 08:45;4,97
23/10/25 09:00;10,01
23/10/25 09:15;10,01
23/10/25 09:30;10,01
23/10/25 09:45;10,01
23/10/25 10:00;5,76
23/10/25 10:15;4,31
23/10/25 10:30;4,31
23/10/25 10:45;4,31
23/10/25 11:00;4,31
23/10/25 11:15;4,31
23/10/25 11:30;4,31
23/10/25 11:45;4,31
23/10/25 12:00;4,31
23/10/25 12:15;3,8
23/10/25 12:30;0,01
23/10/25 12:45;0,01
23/10/25 13:00;0,01
23/10/25 13:15;0,01
23/10/25 13:30;0,01
23/10/25 13:45;0,01
23/10/25 14:00;3,8
23/10/25 14:15;4,31
23/10/25 14:30;4,31
23/10/25 14:45;4,31
23/10/25 15:00;4,31
23/10/25 15:15;5
23/10/25 15:30;5,79
23/10/25 15:45;6
23/10/25 16:00;4,31
23/10/25 16:15;5,76
23/10/25 16:30;10,01
23/10/25 16:45;10,01
23/10/25 17:00;4,31
23/10/25 17:15;10,01
23/10/25 17:30;28,46
23/10/25 17:45;35,02
23/10/25 18:00;54,14
23/10/25 18:15;61,28
23/10/25 18:30;70
23/10/25 18:45;91,62
23/10/25 19:00;102,09
23/10/25 19:15;111,45
23/10/25 19:30;118,32
23/10/25 19:45;120
23/10/25 20:00;120
23/10/25 20:15;120
23/10/25 20:30;115
23/10/25 20:45;111,15
23/10/25 21:00;108,29
23/10/25 21:15;105,53
23/10/25 21:30;104,91
23/10/25 21:45;92,51
23/10/25 22:00;92,51
23/10/25 22:15;80,56
23/10/25 22:30;70,87
23/10/25 22:45;64
23/10/25 23:00;106,37
23/10/25 23:15;105,57
23/10/25 23:30;100
23/10/25 23:45;95,47
24/10/25 00:00;95,47
24/10/25 00:15;93,87
24/10/25 00:30;90,67
24/10/25 00:45;90,01
24/10/25 01:00;89,32
24/10/25 01:15;88,4
24/10/25 01:30;88,4
24/10/25 01:45;88,4
24/10/25 02:00;88,01
24/10/25 02:15;87,62
24/10/25 02:30;87,47
24/10/25 02:45;87,47
24/10/25 03:00;87,47
24/10/25 03:15;87,47
24/10/25 03:30;88,01
24/10/25 03:45;88,4
24/10/25 04:00;88,4
24/10/25 04:15;90,01
24/10/25 04:30;90,67
24/10/25 04:45;93,87
24/10/25 05:00;99,01
24/10/25 05:15;105,57
24/10/25 05:30;107,09
24/10/25 05:45;111,91
24/10/25 06:00;118,35
24/10/25 06:15;122,07
24/10/25 06:30;140,09
24/10/25 06:45;158,18
24/10/25 07:00;158,93
24/10/25 07:15;161,18
24/10/25 07:30;161,42
24/10/25 07:45;161,18
24/10/25 08:00;160,1
24/10/25 08:15;140,09
24/10/25 08:30;120
24/10/25 08:45;113,01
24/10/25 09:00;108,95
24/10/25 09:15;104,54
24/10/25 09:30;85
24/10/25 09:45;76,28
24/10/25 10:00;74,04
24/10/25 10:15;67,5
24/10/25 10:30;59,5
24/10/25 10:45;49
24/10/25 11:00;48,5
24/10/25 11:15;48,33
24/10/25 11:30;48,33
24/10/25 11:45;48,12
24/10/25 12:00;47,87
24/10/25 12:15;47,87
24/10/25 12:30;47,01
24/10/25 12:45;47,01
24/10/25 13:00;47,01
24/10/25 13:15;47,01
24/10/25 13:30;47,01
24/10/25 13:45;47,01
24/10/25 14:00;47,01
24/10/25 14:15;47,01
24/10/25 14:30;47,01
24/10/25 14:45;47,01
24/10/25 15:00;47,01
24/10/25 15:15;47,87
24/10/25 15:30;47,87
24/10/25 15:45;48,12
24/10/25 16:00;47,7
24/10/25 16:15;56,87
24/10/25 16:30;74,04
24/10/25 16:45;82,67
24/10/25 17:00;85,96
24/10/25 17:15;95
24/10/25 17:30;108,95
24/10/25 17:45;120
24/10/25 18:00;120
24/10/25 18:15;120
24/10/25 18:30;126,23
24/10/25 18:45;140,09
24/10/25 19:00;160,43
24/10/25 19:15;161,18
24/10/25 19:30;164,88
24/10/25 19:45;161,18
24/10/25 20:00;160,43
24/10/25 20:15;158,93
24/10/25 20:30;144,55
24/10/25 20:45;135,79
24/10/25 21:00;120
24/10/25 21:15;115,01
24/10/25 21:30;111,89
24/10/25 21:45;111,87
24/10/25 22:00;111,61
24/10/25 22:15;107,17
24/10/25 22:30;100
24/10/25 22:45;97,07
24/10/25 23:00;98,89
24/10/25 23:15;97,76
24/10/25 23:30;97,28
24/10/25 23:45;96,41
25/10/25 00:00;96,41
25/10/25 00:15;95,4
25/10/25 00:30;91
25/10/25 00:45;89,5
25/10/25 01:00;90,65
25/10/25 01:15;88,9
25/10/25 01:30;86,44
25/10/25 01:45;84,86
25/10/25 02:00;84,86
25/10/25 02:15;84,86
25/10/25 02:30;84,86
25/10/25 02:45;83,28
25/10/25 03:00;95,4
25/10/25 03:15;95,4
25/10/25 03:30;95,4
25/10/25 03:45;95,4
25/10/25 04:00;96,05
25/10/25 04:15;96,05
25/10/25 04:30;96,41
25/10/25 04:45;97,04
25/10/25 05:00;97,28
25/10/25 05:15;97,52
25/10/25 05:30;98
25/10/25 05:45;105,25
25/10/25 06:00;105,35
25/10/25 06:15;107,44
25/10/25 06:30;108,91
25/10/25 06:45;110,87
25/10/25 07:00;114,11
25/10/25 07:15;116,91
25/10/25 07:30;119,31
25/10/25 07:45;119,31
25/10/25 08:00;114,11
25/10/25 08:15;110
25/10/25 08:30;98
25/10/25 08:45;95,4
25/10/25 09:00;96,8
25/10/25 09:15;95,4
25/10/25 09:30;79
25/10/25 09:45;66,81
25/10/25 10:00;66,68
25/10/25 10:15;61,12
25/10/25 10:30;53,1
25/10/25 10:45;46,27
25/10/25 11:00;43,76
25/10/25 11:15;35
25/10/25 11:30;34,07
25/10/25 11:45;30
25/10/25 12:00;30,35
25/10/25 12:15;30
25/10/25 12:30;29,5
25/10/25 12:45;26
25/10/25 13:00;25,02
25/10/25 13:15;25,02
25/10/25 13:30;25,02
25/10/25 13:45;25,02
25/10/25 14:00;25,02
25/10/25 14:15;25,02
25/10/25 14:30;25,02
25/10/25 14:45;25,02
25/10/25 15:00;25,02
25/10/25 15:15;25,02
25/10/25 15:30;25,02
25/10/25 15:45;25,02
25/10/25 16:00;26,35
25/10/25 16:15;40
25/10/25 16:30;55,5
25/10/25 16:45;66,32
25/10/25 17:00;67,07
25/10/25 17:15;83,28
25/10/25 17:30;97,04
25/10/25 17:45;106,95
25/10/25 18:00;107,44
25/10/25 18:15;110,88
25/10/25 18:30;114,85
25/10/25 18:45;119,31
25/10/25 19:00;119,31
25/10/25 19:15;127,66
25/10/25 19:30;131,32
25/10/25 19:45;127,66
25/10/25 20:00;119,31
25/10/25 20:15;117,46
25/10/25 20:30;111,96
25/10/25 20:45;107,44
25/10/25 21:00;110
25/10/25 21:15;106,95
25/10/25 21:30;105,35
25/10/25 21:45;104,55
25/10/25 22:00;105,17
25/10/25 22:15;100
25/10/25 22:30;97,52
25/10/25 22:45;96,41
25/10/25 23:00;105,19
25/10/25 23:15;96,69
25/10/25 23:30;94,4
25/10/25 23:45;93,68
26/10/25 00:00;90,29
26/10/25 00:15;88,4
26/10/25 00:30;86,44
26/10/25 00:45;84,86
26/10/25 01:00;70
26/10/25 01:00;58,07
26/10/25 01:15;61,33
26/10/25 01:15;57,81
26/10/25 01:30;61,12
26/10/25 01:30;57,42
26/10/25 01:45;60
26/10/25 01:45;56,1
26/10/25 02:00;60,1
26/10/25 02:15;58,2
26/10/25 02:30;57,94
26/10/25 02:45;57,94
26/10/25 03:00;57,81
26/10/25 03:15;57,68
26/10/25 03:30;57,42
26/10/25 03:45;57,42
26/10/25 04:00;57,42
26/10/25 04:15;57,42
26/10/25 04:30;52,69
26/10/25 04:45;57,42
26/10/25 05:00;57,68
26/10/25 05:15;57,68
26/10/25 05:30;46,7
26/10/25 05:45;46
26/10/25 06:00;45
26/10/25 06:15;43,1
26/10/25 06:30;42
26/10/25 06:45;42
26/10/25 07:00;40
26/10/25 07:15;36
26/10/25 07:30;35,02
26/10/25 07:45;35,01
26/10/25 08:00;22,2
26/10/25 08:15;16,05
26/10/25 08:30;11,86
26/10/25 08:45;8,93
26/10/25 09:00;9,98
26/10/25 09:15;6,29
26/10/25 09:30;3,52
26/10/25 09:45;1,23
26/10/25 10:00;3,52
26/10/25 10:15;2,8
26/10/25 10:30;1,71
26/10/25 10:45;0,99
26/10/25 11:00;1,93
26/10/25 11:15;1,58
26/10/25 11:30;1,59
26/10/25 11:45;1,58
26/10/25 12:00;1,44
26/10/25 12:15;1,72
26/10/25 12:30;3
26/10/25 12:45;3,52
26/10/25 13:00;3,52
26/10/25 13:15;4,81
26/10/25 13:30;5,38
26/10/25 13:45;6,2
26/10/25 14:00;4,09
26/10/25 14:15;6,53
26/10/25 14:30;9,86
26/10/25 14:45;14
26/10/25 15:00;8,71
26/10/25 15:15;14,81
26/10/25 15:30;20
26/10/25 15:45;35,01
26/10/25 16:00;30
26/10/25 16:15;35,02
26/10/25 16:30;58,07
26/10/25 16:45;69,68
26/10/25 17:00;75
26/10/25 17:15;83,28
26/10/25 17:30;85,35
26/10/25 17:45;88,23
26/10/25 18:00;93,49
26/10/25 18:15;94,4
26/10/25 18:30;95,09
26/10/25 18:45;102,69
26/10/25 19:00;105,19
26/10/25 19:15;105,43
26/10/25 19:30;105,43
26/10/25 19:45;105,43
26/10/25 20:00;104,35
26/10/25 20:15;97,17
26/10/25 20:30;95,09
26/10/25 20:45;94,64
26/10/25 21:00;93,92
26/10/25 21:15;93,49
26/10/25 21:30;93,2
26/10/25 21:45;89,41
26/10/25 22:00;93,2
26/10/25 22:15;89,41
26/10/25 22:30;88,4
26/10/25 22:45;88,1
26/10/25 23:00;90,92
26/10/25 23:15;87,87
26/10/25 23:30;85
26/10/25 23:45;84,21
27/10/25 00:00;77,5
27/10/25 00:15;77,5
27/10/25 00:30;77,33
27/10/25 00:45;77,33
27/10/25 01:00;76,87
27/10/25 01:15;76,87
27/10/25 01:30;76,87
27/10/25 01:45;77,12
27/10/25 02:00;77,12
27/10/25 02:15;77,12
27/10/25 02:30;77,12
27/10/25 02:45;77,12
27/10/25 03:00;77,33
27/10/25 03:15;77,5
27/10/25 03:30;80
27/10/25 03:45;83,57
27/10/25 04:00;100,88
27/10/25 04:15;101,33
27/10/25 04:30;105,44
27/10/25 04:45;106,35
27/10/25 05:00;107,15
27/10/25 05:15;108,56
27/10/25 05:30;111,87
27/10/25 05:45;114,39
27/10/25 06:00;136,57
27/10/25 06:15;155,34
27/10/25 06:30;158,93
27/10/25 06:45;159,86
27/10/25 07:00;150,01
27/10/25 07:15;127,73
27/10/25 07:30;111,96
27/10/25 07:45;106,64
27/10/25 08:00;105,92
27/10/25 08:15;95,02
27/10/25 08:30;74,81
27/10/25 08:45;65
27/10/25 09:00;70
27/10/25 09:15;55
27/10/25 09:30;42
27/10/25 09:45;37,01
27/10/25 10:00;32,48
27/10/25 10:15;27,02
27/10/25 10:30;23,58
27/10/25 10:45;22,2
27/10/25 11:00;40
27/10/25 11:15;28
27/10/25 11:30;27,06
27/10/25 11:45;24,02
27/10/25 12:00;23
27/10/25 12:15;22,05
27/10/25 12:30;21,02
27/10/25 12:45;21,02
27/10/25 13:00;20
27/10/25 13:15;18,02
27/10/25 13:30;20
27/10/25 13:45;22,08
27/10/25 14:00;24,07
27/10/25 14:15;38,35
27/10/25 14:30;47,91
27/10/25 14:45;60,88
27/10/25 15:00;41,7
27/10/25 15:15;68,23
27/10/25 15:30;76,87
27/10/25 15:45;96,25
27/10/25 16:00;105,92
27/10/25 16:15;108,75
27/10/25 16:30;120
27/10/25 16:45;129,87
27/10/25 17:00;127
27/10/25 17:15;136,57
27/10/25 17:30;139,99
27/10/25 17:45;150,43
27/10/25 18:00;138,08
27/10/25 18:15;138,83
27/10/25 18:30;150
27/10/25 18:45;154,13
27/10/25 19:00;153,24
27/10/25 19:15;158,93
27/10/25 19:30;158,93
27/10/25 19:45;157,43
27/10/25 20:00;150,01
27/10/25 20:15;144
27/10/25 20:30;131,79
27/10/25 20:45;125
27/10/25 21:00;120,55
27/10/25 21:15;115
27/10/25 21:30;112,42
27/10/25 21:45;111,14
27/10/25 22:00;109,56
27/10/25 22:15;107,15
27/10/25 22:30;106,64
27/10/25 22:45;106,35
27/10/25 23:00;108,64
27/10/25 23:15;108,4
27/10/25 23:30;108,16
27/10/25 23:45;107,92
28/10/25 00:00;107,37
28/10/25 00:15;107,2
28/10/25 00:30;105
28/10/25 00:45;103,5
28/10/25 01:00;106,39
28/10/25 01:15;105,59
28/10/25 01:30;105
28/10/25 01:45;105
28/10/25 02:00;104,79
28/10/25 02:15;104,33
28/10/25 02:30;103,99
28/10/25 02:45;103,99
28/10/25 03:00;103,99
28/10/25 03:15;103,99
28/10/25 03:30;104,4
28/10/25 03:45;104,79
28/10/25 04:00;95
28/10/25 04:15;96,28
28/10/25 04:30;100
28/10/25 04:45;107,2
28/10/25 05:00;107,44
28/10/25 05:15;108,4
28/10/25 05:30;110,45
28/10/25 05:45;114,56
28/10/25 06:00;117,47
28/10/25 06:15;122
28/10/25 06:30;123,24
28/10/25 06:45;123,23
28/10/25 07:00;122,19
28/10/25 07:15;114,56
28/10/25 07:30;109,33
28/10/25 07:45;101,23
28/10/25 08:00;107,37
28/10/25 08:15;106,06
28/10/25 08:30;103,99
28/10/25 08:45;84,33
28/10/25 09:00;84,5
28/10/25 09:15;81,09
28/10/25 09:30;70,2
28/10/25 09:45;65
28/10/25 10:00;65
28/10/25 10:15;60
28/10/25 10:30;63,1
28/10/25 10:45;60
28/10/25 11:00;60
28/10/25 11:15;60
28/10/25 11:30;60
28/10/25 11:45;60
28/10/25 12:00;60
28/10/25 12:15;62
28/10/25 12:30;65
28/10/25 12:45;67
28/10/25 13:00;68
28/10/25 13:15;70
28/10/25 13:30;72,42
28/10/25 13:45;72,81
28/10/25 14:00;70
28/10/25 14:15;72,68
28/10/25 14:30;73,07
28/10/25 14:45;84,12
28/10/25 15:00;85
28/10/25 15:15;100
28/10/25 15:30;103,23
28/10/25 15:45;107,2
28/10/25 16:00;107,37
28/10/25 16:15;108,16
28/10/25 16:30;112
28/10/25 16:45;116,14
28/10/25 17:00;122,19
28/10/25 17:15;126,02
28/10/25 17:30;128,96
28/10/25 17:45;135
28/10/25 18:00;126,02
28/10/25 18:15;128,96
28/10/25 18:30;128,96
28/10/25 18:45;136,57
28/10/25 19:00;143,97
28/10/25 19:15;143,94
28/10/25 19:30;143,94
28/10/25 19:45;137,12
28/10/25 20:00;141,14
28/10/25 20:15;133
28/10/25 20:30;126,02
28/10/25 20:45;120
28/10/25 21:00;116,14
28/10/25 21:15;112,26
28/10/25 21:30;109,25
28/10/25 21:45;107,68
28/10/25 22:00;107,92
28/10/25 22:15;107,68
28/10/25 22:30;106,39
28/10/25 22:45;104,79
28/10/25 23:00;92,05
28/10/25 23:15;90,01
28/10/25 23:30;88
28/10/25 23:45;85,01
29/10/25 00:00;87,51
29/10/25 00:15;84,5
29/10/25 00:30;82,76
29/10/25 00:45;82,51
29/10/25 01:00;80,07
29/10/25 01:15;80,01
29/10/25 01:30;80,01
29/10/25 01:45;80,01
29/10/25 02:00;78,86
29/10/25 02:15;77,15
29/10/25 02:30;74,99
29/10/25 02:45;74,99
29/10/25 03:00;77,27
29/10/25 03:15;77
29/10/25 03:30;80
29/10/25 03:45;80,01
29/10/25 04:00;80,07
29/10/25 04:15;81,01
29/10/25 04:30;83,27
29/10/25 04:45;85,01
29/10/25 05:00;85
29/10/25 05:15;87,04
29/10/25 05:30;90
29/10/25 05:45;99
29/10/25 06:00;105,93
29/10/25 06:15;107,68
29/10/25 06:30;110,41
29/10/25 06:45;109,29
29/10/25 07:00;116,49
29/10/25 07:15;112,36
29/10/25 07:30;109,56
29/10/25 07:45;108,4
29/10/25 08:00;108,78
29/10/25 08:15;105,4
29/10/25 08:30;100,88
29/10/25 08:45;95
29/10/25 09:00;95
29/10/25 09:15;90
29/10/25 09:30;86,22
29/10/25 09:45;85
29/10/25 10:00;85,01
29/10/25 10:15;82,51
29/10/25 10:30;82,51
29/10/25 10:45;82,51
29/10/25 11:00;83,38
29/10/25 11:15;82,51
29/10/25 11:30;82,51
29/10/25 11:45;82,87
29/10/25 12:00;82,59
29/10/25 12:15;85,01
29/10/25 12:30;85,01
29/10/25 12:45;87,86
29/10/25 13:00;85,01
29/10/25 13:15;87,51
29/10/25 13:30;100,2
29/10/25 13:45;106,12
29/10/25 14:00;95
29/10/25 14:15;103,77
29/10/25 14:30;106,09
29/10/25 14:45;107,2
29/10/25 15:00;106,07
29/10/25 15:15;107,2
29/10/25 15:30;108,4
29/10/25 15:45;112,36
29/10/25 16:00;113,98
29/10/25 16:15;116,49
29/10/25 16:30;132
29/10/25 16:45;131,73
29/10/25 17:00;129,14
29/10/25 17:15;135,2
29/10/25 17:30;136,66
29/10/25 17:45;148,29
29/10/25 18:00;144
29/10/25 18:15;150,01
29/10/25 18:30;156,58
29/10/25 18:45;158,93
29/10/25 19:00;158,93
29/10/25 19:15;160,21
29/10/25 19:30;160,21
29/10/25 19:45;160,21
29/10/25 20:00;157,43
29/10/25 20:15;153,78
29/10/25 20:30;144
29/10/25 20:45;135,2
29/10/25 21:00;135,2
29/10/25 21:15;128,65
29/10/25 21:30;123
29/10/25 21:45;117,14
29/10/25 22:00;119,68
29/10/25 22:15;117,14
29/10/25 22:30;117,14
29/10/25 22:45;115,56
29/10/25 23:00;121,19
29/10/25 23:15;121,16
29/10/25 23:30;120,68
29/10/25 23:45;120,2
30/10/25 00:00;117,59
30/10/25 00:15;115,26
30/10/25 00:30;110,57
30/10/25 00:45;108,73
30/10/25 01:00;107
30/10/25 01:15;105,99
30/10/25 01:30;104,84
30/10/25 01:45;103,91
30/10/25 02:00;104,23
30/10/25 02:15;103,91
30/10/25 02:30;103,56
30/10/25 02:45;103,18
30/10/25 03:00;97,5
30/10/25 03:15;95,69
30/10/25 03:30;91,99
30/10/25 03:45;91,99
30/10/25 04:00;89,99
30/10/25 04:15;89,23
30/10/25 04:30;92,2
30/10/25 04:45;99,85
30/10/25 05:00;103,3
30/10/25 05:15;105,96
30/10/25 05:30;110,96
30/10/25 05:45;117,59
30/10/25 06:00;121,16
30/10/25 06:15;122,24
30/10/25 06:30;123,04
30/10/25 06:45;123,27
30/10/25 07:00;122,98
30/10/25 07:15;121,4
30/10/25 07:30;120,44
30/10/25 07:45;111,5
30/10/25 08:00;117,59
30/10/25 08:15;112
30/10/25 08:30;110,6
30/10/25 08:45;103,29
30/10/25 09:00;82,64
30/10/25 09:15;72
30/10/25 09:30;51,89
30/10/25 09:45;48,94
30/10/25 10:00;48,68
30/10/25 10:15;45,01
30/10/25 10:30;45,01
30/10/25 10:45;45,01
30/10/25 11:00;50,12
30/10/25 11:15;49,87
30/10/25 11:30;49,87
30/10/25 11:45;49,87
30/10/25 12:00;17,94
30/10/25 12:15;18,1
30/10/25 12:30;17,1
30/10/25 12:45;16,9
30/10/25 13:00;16,04
30/10/25 13:15;15
30/10/25 13:30;15
30/10/25 13:45;15,79
30/10/25 14:00;16,9
30/10/25 14:15;20
30/10/25 14:30;22,2
30/10/25 14:45;42,71
30/10/25 15:00;43,76
30/10/25 15:15;52,1
30/10/25 15:30;70
30/10/25 15:45;87,7
30/10/25 16:00;90,5
30/10/25 16:15;104,31
30/10/25 16:30;119,8
30/10/25 16:45;121,64
30/10/25 17:00;113,24
30/10/25 17:15;118,55
30/10/25 17:30;120,69
30/10/25 17:45;121,16
30/10/25 18:00;121,16
30/10/25 18:15;120,45
30/10/25 18:30;121,16
30/10/25 18:45;122,24
30/10/25 19:00;135,01
30/10/25 19:15;138,38
30/10/25 19:30;137,57
30/10/25 19:45;131,94
30/10/25 20:00;123,27
30/10/25 20:15;122,24
30/10/25 20:30;120,69
30/10/25 20:45;117
30/10/25 21:00;117,47
30/10/25 21:15;110,56
30/10/25 21:30;107,04
30/10/25 21:45;103,91
30/10/25 22:00;97,98
30/10/25 22:15;96,4
30/10/25 22:30;95,2
30/10/25 22:45;85
30/10/25 23:00;77,8
30/10/25 23:15;72,9
30/10/25 23:30;67,34
30/10/25 23:45;59
31/10/25 00:00;55,5
31/10/25 00:15;55,12
31/10/25 00:30;54,87
31/10/25 00:45;51,93
31/10/25 01:00;54,87
31/10/25 01:15;51,93
31/10/25 01:30;51,2
31/10/25 01:45;51,07
31/10/25 02:00;50,94
31/10/25 02:15;50,81
31/10/25 02:30;50,81
31/10/25 02:45;50,68
31/10/25 03:00;50,55
31/10/25 03:15;50,4
31/10/25 03:30;50,1
31/10/25 03:45;50,55
31/10/25 04:00;50,55
31/10/25 04:15;50,68
31/10/25 04:30;50,81
31/10/25 04:45;51,2
31/10/25 05:00;55,33
31/10/25 05:15;65
31/10/25 05:30;71,2
31/10/25 05:45;78,44
31/10/25 06:00;72,8
31/10/25 06:15;78,4
31/10/25 06:30;79,16
31/10/25 06:45;79,4
31/10/25 07:00;79,4
31/10/25 07:15;79,16
31/10/25 07:30;78,4
31/10/25 07:45;65
31/10/25 08:00;73,1
31/10/25 08:15;59,58
31/10/25 08:30;52,1
31/10/25 08:45;50,81
31/10/25 09:00;50,68
31/10/25 09:15;38,9
31/10/25 09:30;30
31/10/25 09:45;16,79
31/10/25 10:00;20,1
31/10/25 10:15;19,01
31/10/25 10:30;16,46
31/10/25 10:45;16,9
31/10/25 11:00;14,37
31/10/25 11:15;12,6
31/10/25 11:30;21,32
31/10/25 11:45;20
31/10/25 12:00;16,62
31/10/25 12:15;16,79
31/10/25 12:30;14,54
31/10/25 12:45;15,71
31/10/25 13:00;15
31/10/25 13:15;15
31/10/25 13:30;16,01
31/10/25 13:45;16,79
31/10/25 14:00;16,47
31/10/25 14:15;21,25
31/10/25 14:30;20
31/10/25 14:45;29,27
31/10/25 15:00;21,01
31/10/25 15:15;41,8
31/10/25 15:30;51,07
31/10/25 15:45;55,33
31/10/25 16:00;51,07
31/10/25 16:15;60
31/10/25 16:30;72,8
31/10/25 16:45;79,4
31/10/25 17:00;80
31/10/25 17:15;82
31/10/25 17:30;84,14
31/10/25 17:45;86,79
31/10/25 18:00;85,15
31/10/25 18:15;89,47
31/10/25 18:30;92,5
31/10/25 18:45;94,32
31/10/25 19:00;94,32
31/10/25 19:15;94,32
31/10/25 19:30;94,32
31/10/25 19:45;92
31/10/25 20:00;94,32
31/10/25 20:15;91,82
31/10/25 20:30;85
31/10/25 20:45;80,05
31/10/25 21:00;80
31/10/25 21:15;79,16
31/10/25 21:30;78,4
31/10/25 21:45;72,1
31/10/25 22:00;78,44
31/10/25 22:15;72,8
31/10/25 22:30;65,5
31/10/25 22:45;57,2
31/10/25 23:00;49,3
31/10/25 23:15;47,8
31/10/25 23:30;44,3
31/10/25 23:45;42,3
01/11/25 00:00;32,69
01/11/25 00:15;30
01/11/25 00:30;20
01/11/25 00:45;15
01/11/25 01:00;20
01/11/25 01:15;20,1
01/11/25 01:30;20,1
01/11/25 01:45;29,74
01/11/25 02:00;30
01/11/25 02:15;30
01/11/25 02:30;30
01/11/25 02:45;30
01/11/25 03:00;30
01/11/25 03:15;30
01/11/25 03:30;30,05
01/11/25 03:45;30,3
01/11/25 04:00;30,3
01/11/25 04:15;32,36
01/11/25 04:30;35,05
01/11/25 04:45;37,73
01/11/25 05:00;44,2
01/11/25 05:15;45
01/11/25 05:30;50
01/11/25 05:45;50
01/11/25 06:00;50,94
01/11/25 06:15;51,2
01/11/25 06:30;52,82
01/11/25 06:45;53,03
01/11/25 07:00;53,2
01/11/25 07:15;52,57
01/11/25 07:30;50,81
01/11/25 07:45;45
01/11/25 08:00;36,11
01/11/25 08:15;25,29
01/11/25 08:30;20,1
01/11/25 08:45;13,48
01/11/25 09:00;23,72
01/11/25 09:15;18,08
01/11/25 09:30;16,4
01/11/25 09:45;15
01/11/25 10:00;15
01/11/25 10:15;15,06
01/11/25 10:30;15
01/11/25 10:45;14,52
01/11/25 11:00;9,5
01/11/25 11:15;9
01/11/25 11:30;10
01/11/25 11:45;14,6
01/11/25 12:00;15
01/11/25 12:15;15,75
01/11/25 12:30;15,75
01/11/25 12:45;16,09
01/11/25 13:00;15
01/11/25 13:15;14,74
01/11/25 13:30;15,36
01/11/25 13:45;15,75
01/11/25 14:00;16,39
01/11/25 14:15;17,62
01/11/25 14:30;20,1
01/11/25 14:45;29,92
01/11/25 15:00;16,9
01/11/25 15:15;36
01/11/25 15:30;41,3
01/11/25 15:45;50,68
01/11/25 16:00;27,94
01/11/25 16:15;50,2
01/11/25 16:30;71,92
01/11/25 16:45;76,56
01/11/25 17:00;78,75
01/11/25 17:15;79,96
01/11/25 17:30;85
01/11/25 17:45;85,88
01/11/25 18:00;100
01/11/25 18:15;103,57
01/11/25 18:30;104,97
01/11/25 18:45;104,97
01/11/25 19:00;104,94
01/11/25 19:15;104,94
01/11/25 19:30;104,94
01/11/25 19:45;104,94
01/11/25 20:00;104,92
01/11/25 20:15;104,92
01/11/25 20:30;100,5
01/11/25 20:45;91,37
01/11/25 21:00;85,76
01/11/25 21:15;81,75
01/11/25 21:30;79,95
01/11/25 21:45;76,48
01/11/25 22:00;75
01/11/25 22:15;73,1
01/11/25 22:30;72,16
01/11/25 22:45;71,2
01/11/25 23:00;81,86
01/11/25 23:15;80,8
01/11/25 23:30;71
01/11/25 23:45;64,1
02/11/25 00:00;60
02/11/25 00:15;53,62
02/11/25 00:30;51,93
02/11/25 00:45;50
02/11/25 01:00;40
02/11/25 01:15;34,94
02/11/25 01:30;30,05
02/11/25 01:45;20,1
02/11/25 02:00;23,27
02/11/25 02:15;15
02/11/25 02:30;16,62
02/11/25 02:45;11,93
02/11/25 03:00;16,79
02/11/25 03:15;16,9
02/11/25 03:30;16,79
02/11/25 03:45;16,68
02/11/25 04:00;20,58
02/11/25 04:15;16,9
02/11/25 04:30;16,79
02/11/25 04:45;16,9
02/11/25 05:00;27,64
02/11/25 05:15;28,26
02/11/25 05:30;30,05
02/11/25 05:45;33,99
02/11/25 06:00;33,99
02/11/25 06:15;35
02/11/25 06:30;40
02/11/25 06:45;40
02/11/25 07:00;38,1
02/11/25 07:15;26,45
02/11/25 07:30;16,79
02/11/25 07:45;14
02/11/25 08:00;17,87
02/11/25 08:15;8,16
02/11/25 08:30;3,52
02/11/25 08:45;1,2
02/11/25 09:00;0,65
02/11/25 09:15;0,01
02/11/25 09:30;0
02/11/25 09:45;0
02/11/25 10:00;0
02/11/25 10:15;0
02/11/25 10:30;0
02/11/25 10:45;0
02/11/25 11:00;0
02/11/25 11:15;0
02/11/25 11:30;0
02/11/25 11:45;0
02/11/25 12:00;0
02/11/25 12:15;0
02/11/25 12:30;0
02/11/25 12:45;0
02/11/25 13:00;0
02/11/25 13:15;0
02/11/25 13:30;0
02/11/25 13:45;0
02/11/25 14:00;0
02/11/25 14:15;0
02/11/25 14:30;0
02/11/25 14:45;0
02/11/25 15:00;0,01
02/11/25 15:15;1,2
02/11/25 15:30;4,31
02/11/25 15:45;15
02/11/25 16:00;10,38
02/11/25 16:15;20,24
02/11/25 16:30;51,93
02/11/25 16:45;71,92
02/11/25 17:00;72,4
02/11/25 17:15;80
02/11/25 17:30;81,55
02/11/25 17:45;88,01
02/11/25 18:00;99
02/11/25 18:15;102,18
02/11/25 18:30;103,23
02/11/25 18:45;108,4
02/11/25 19:00;110
02/11/25 19:15;110,57
02/11/25 19:30;110,96
02/11/25 19:45;110,96
02/11/25 20:00;113,5
02/11/25 20:15;112,44
02/11/25 20:30;110,57
02/11/25 20:45;110
02/11/25 21:00;107,9
02/11/25 21:15;102,88
02/11/25 21:30;102,18
02/11/25 21:45;100
02/11/25 22:00;103,23
02/11/25 22:15;102,18
02/11/25 22:30;96
02/11/25 22:45;89,11
02/11/25 23:00;92,1
02/11/25 23:15;90,1
02/11/25 23:30;87,5
02/11/25 23:45;86,14
03/11/25 00:00;84,56
03/11/25 00:15;83,69
03/11/25 00:30;83,64
03/11/25 00:45;83,4
03/11/25 01:00;83,16
03/11/25 01:15;82,98
03/11/25 01:30;82,92
03/11/25 01:45;82,92
03/11/25 02:00;82,68
03/11/25 02:15;82,44
03/11/25 02:30;82,44
03/11/25 02:45;82,68
03/11/25 03:00;82,44
03/11/25 03:15;82,68
03/11/25 03:30;82,98
03/11/25 03:45;83,16
03/11/25 04:00;83,64
03/11/25 04:15;83,69
03/11/25 04:30;85,37
03/11/25 04:45;91,33
03/11/25 05:00;94,97
03/11/25 05:15;102,79
03/11/25 05:30;105
03/11/25 05:45;110,07
03/11/25 06:00;118,67
03/11/25 06:15;123,89
03/11/25 06:30;140,39
03/11/25 06:45;149,39
03/11/25 07:00;143,19
03/11/25 07:15;118,67
03/11/25 07:30;105,55
03/11/25 07:45;87,51
03/11/25 08:00;90,51
03/11/25 08:15;82,68
03/11/25 08:30;65
03/11/25 08:45;45,37
03/11/25 09:00;50
03/11/25 09:15;37,77
03/11/25 09:30;30,05
03/11/25 09:45;18,74
03/11/25 10:00;28,54
03/11/25 10:15;19,14
03/11/25 10:30;16,68
03/11/25 10:45;15,52
03/11/25 11:00;16,79
03/11/25 11:15;16,65
03/11/25 11:30;16,79
03/11/25 11:45;15,73
03/11/25 12:00;15,16
03/11/25 12:15;12,86
03/11/25 12:30;12,87
03/11/25 12:45;14
03/11/25 13:00;14,25
03/11/25 13:15;16,68
03/11/25 13:30;19,71
03/11/25 13:45;23,84
03/11/25 14:00;18,99
03/11/25 14:15;35,9
03/11/25 14:30;39,72
03/11/25 14:45;50,55
03/11/25 15:00;45
03/11/25 15:15;51,07
03/11/25 15:30;72,51
03/11/25 15:45;83,4
03/11/25 16:00;85,37
03/11/25 16:15;103,9
03/11/25 16:30;111,82
03/11/25 16:45;140,39
03/11/25 17:00;118,67
03/11/25 17:15;123,27
03/11/25 17:30;129
03/11/25 17:45;129,19
03/11/25 18:00;140,39
03/11/25 18:15;150
03/11/25 18:30;150,01
03/11/25 18:45;150,01
03/11/25 19:00;157,15
03/11/25 19:15;155,34
03/11/25 19:30;150,01
03/11/25 19:45;143,19
03/11/25 20:00;150
03/11/25 20:15;135,01
03/11/25 20:30;121,69
03/11/25 20:45;115,26
03/11/25 21:00;110,5
03/11/25 21:15;105
03/11/25 21:30;100,24
03/11/25 21:45;93,37
03/11/25 22:00;96,74
03/11/25 22:15;94,5
03/11/25 22:30;90
03/11/25 22:45;86,14
03/11/25 23:00;80,54
03/11/25 23:15;77,64
03/11/25 23:30;77,16
03/11/25 23:45;76,2
04/11/25 00:00;75,8
04/11/25 00:15;68,68
04/11/25 00:30;67,03
04/11/25 00:45;62
04/11/25 01:00;68,68
04/11/25 01:15;68,68
04/11/25 01:30;67,03
04/11/25 01:45;65
04/11/25 02:00;60,85
04/11/25 02:15;58,92
04/11/25 02:30;52,92
04/11/25 02:45;52,79
04/11/25 03:00;50,05
04/11/25 03:15;50
04/11/25 03:30;50
04/11/25 03:45;50,05
04/11/25 04:00;50
04/11/25 04:15;52
04/11/25 04:30;54,79
04/11/25 04:45;65
04/11/25 05:00;56,51
04/11/25 05:15;65
04/11/25 05:30;68,68
04/11/25 05:45;75
04/11/25 06:00;76,92
04/11/25 06:15;78
04/11/25 06:30;80,54
04/11/25 06:45;80,54
04/11/25 07:00;87,79
04/11/25 07:15;78,96
04/11/25 07:30;73,44
04/11/25 07:45;50,05
04/11/25 08:00;68,68
04/11/25 08:15;42
04/11/25 08:30;20,3
04/11/25 08:45;1,55
04/11/25 09:00;19,81
04/11/25 09:15;14,71
04/11/25 09:30;10,05
04/11/25 09:45;10,05
04/11/25 10:00;5,79
04/11/25 10:15;5
04/11/25 10:30;3,83
04/11/25 10:45;3,52
04/11/25 11:00;4,31
04/11/25 11:15;3,6
04/11/25 11:30;3,52
04/11/25 11:45;3,52
04/11/25 12:00;3,52
04/11/25 12:15;3,52
04/11/25 12:30;3,52
04/11/25 12:45;3,52
04/11/25 13:00;3,52
04/11/25 13:15;3,52
04/11/25 13:30;4,31
04/11/25 13:45;5
04/11/25 14:00;5,11
04/11/25 14:15;10
04/11/25 14:30;13,15
04/11/25 14:45;20,95
04/11/25 15:00;8,84
04/11/25 15:15;16,71
04/11/25 15:30;31,81
04/11/25 15:45;35,54
04/11/25 16:00;33,72
04/11/25 16:15;48,75
04/11/25 16:30;70
04/11/25 16:45;77
04/11/25 17:00;76,44
04/11/25 17:15;77,16
04/11/25 17:30;77,38
04/11/25 17:45;78,9
04/11/25 18:00;81,67
04/11/25 18:15;83,69
04/11/25 18:30;83,69
04/11/25 18:45;85,24
04/11/25 19:00;83,69
04/11/25 19:15;83,69
04/11/25 19:30;83,19
04/11/25 19:45;80
04/11/25 20:00;80,54
04/11/25 20:15;78,96
04/11/25 20:30;77,16
04/11/25 20:45;75,8
04/11/25 21:00;77,38
04/11/25 21:15;75,8
04/11/25 21:30;70
04/11/25 21:45;66,2
04/11/25 22:00;52
04/11/25 22:15;48
04/11/25 22:30;40
04/11/25 22:45;34,1
04/11/25 23:00;35,01
04/11/25 23:15;30
04/11/25 23:30;29,47
04/11/25 23:45;29,07
05/11/25 00:00;28,81
05/11/25 00:15;28,33
05/11/25 00:30;21,2
05/11/25 00:45;20
05/11/25 01:00;20,1
05/11/25 01:15;16,79
05/11/25 01:30;16,35
05/11/25 01:45;15,6
05/11/25 02:00;16,46
05/11/25 02:15;16,46
05/11/25 02:30;12,57
05/11/25 02:45;10
05/11/25 03:00;7
05/11/25 03:15;7
05/11/25 03:30;7
05/11/25 03:45;7
05/11/25 04:00;8,07
05/11/25 04:15;14
05/11/25 04:30;16,68
05/11/25 04:45;16,79
05/11/25 05:00;22,12
05/11/25 05:15;28,55
05/11/25 05:30;29,72
05/11/25 05:45;29,93
05/11/25 06:00;30,9
05/11/25 06:15;35,01
05/11/25 06:30;35,02
05/11/25 06:45;35,02
05/11/25 07:00;39,86
05/11/25 07:15;35,01
05/11/25 07:30;31,94
05/11/25 07:45;29,47
05/11/25 08:00;29,21
05/11/25 08:15;28,81
05/11/25 08:30;16,9
05/11/25 08:45;10,21
05/11/25 09:00;14,87
05/11/25 09:15;10,65
05/11/25 09:30;5,11
05/11/25 09:45;3,6
05/11/25 10:00;4,31
05/11/25 10:15;3,52
05/11/25 10:30;3,52
05/11/25 10:45;3,52
05/11/25 11:00;4,39
05/11/25 11:15;5,11
05/11/25 11:30;5,79
05/11/25 11:45;6
05/11/25 12:00;5
05/11/25 12:15;5
05/11/25 12:30;5,05
05/11/25 12:45;6
05/11/25 13:00;5,79
05/11/25 13:15;9,3
05/11/25 13:30;10,14
05/11/25 13:45;13,79
05/11/25 14:00;14,65
05/11/25 14:15;15,83
05/11/25 14:30;16,35
05/11/25 14:45;20,06
05/11/25 15:00;20
05/11/25 15:15;28,24
05/11/25 15:30;28,68
05/11/25 15:45;29,72
05/11/25 16:00;29,2
05/11/25 16:15;33,15
05/11/25 16:30;35,02
05/11/25 16:45;36,25
05/11/25 17:00;35,02
05/11/25 17:15;39,86
05/11/25 17:30;50
05/11/25 17:45;60
05/11/25 18:00;59,52
05/11/25 18:15;65
05/11/25 18:30;69
05/11/25 18:45;70
05/11/25 19:00;70,2
05/11/25 19:15;70,68
05/11/25 19:30;70,68
05/11/25 19:45;70,44
05/11/25 20:00;70,68
05/11/25 20:15;70
05/11/25 20:30;67
05/11/25 20:45;59,52
05/11/25 21:00;58,98
05/11/25 21:15;49
05/11/25 21:30;44,19
05/11/25 21:45;39,58
05/11/25 22:00;39,78
05/11/25 22:15;35,01
05/11/25 22:30;35,01
05/11/25 22:45;30,1
05/11/25 23:00;20,81
05/11/25 23:15;20,55
05/11/25 23:30;21,07
05/11/25 23:45;20,94
06/11/25 00:00;20
06/11/25 00:15;16,36
06/11/25 00:30;13,71
06/11/25 00:45;10,28
06/11/25 01:00;20
06/11/25 01:15;15,24
06/11/25 01:30;14
06/11/25 01:45;12,22
06/11/25 02:00;14
06/11/25 02:15;13,08
06/11/25 02:30;10
06/11/25 02:45;9,33
06/11/25 03:00;9,49
06/11/25 03:15;8,71
06/11/25 03:30;5,73
06/11/25 03:45;7,5
06/11/25 04:00;13,73
06/11/25 04:15;11,42
06/11/25 04:30;19,33
06/11/25 04:45;20,81
06/11/25 05:00;24,29
06/11/25 05:15;30,87
06/11/25 05:30;44,65
06/11/25 05:45;56,92
06/11/25 06:00;62,76
06/11/25 06:15;66,03
06/11/25 06:30;72,26
06/11/25 06:45;78,59
06/11/25 07:00;75
06/11/25 07:15;65
06/11/25 07:30;61,68
06/11/25 07:45;43
06/11/25 08:00;30
06/11/25 08:15;20,55
06/11/25 08:30;7,96
06/11/25 08:45;1,1
06/11/25 09:00;3,52
06/11/25 09:15;3,52
06/11/25 09:30;3,52
06/11/25 09:45;4,31
06/11/25 10:00;5,76
06/11/25 10:15;5
06/11/25 10:30;4,31
06/11/25 10:45;4,31
06/11/25 11:00;5,79
06/11/25 11:15;5,79
06/11/25 11:30;5,79
06/11/25 11:45;5,76
06/11/25 12:00;4,31
06/11/25 12:15;4,31
06/11/25 12:30;4,31
06/11/25 12:45;4,31
06/11/25 13:00;4,31
06/11/25 13:15;5,79
06/11/25 13:30;10,05
06/11/25 13:45;10,5
06/11/25 14:00;4,31
06/11/25 14:15;5,79
06/11/25 14:30;10,05
06/11/25 14:45;11,35
06/11/25 15:00;4,31
06/11/25 15:15;14,24
06/11/25 15:30;20,55
06/11/25 15:45;34,2
06/11/25 16:00;58,98
06/11/25 16:15;64,67
06/11/25 16:30;79,73
06/11/25 16:45;98,53
06/11/25 17:00;96,28
06/11/25 17:15;100,41
06/11/25 17:30;101,07
06/11/25 17:45;106,89
06/11/25 18:00;115,75
06/11/25 18:15;127,39
06/11/25 18:30;115,75
06/11/25 18:45;119,44
06/11/25 19:00;119,44
06/11/25 19:15;114,97
06/11/25 19:30;103,23
06/11/25 19:45;100,83
06/11/25 20:00;96,52
06/11/25 20:15;93
06/11/25 20:30;93
06/11/25 20:45;88,83
06/11/25 21:00;89,12
06/11/25 21:15;86,57
06/11/25 21:30;89,12
06/11/25 21:45;85,42
06/11/25 22:00;91,64
06/11/25 22:15;83,49
06/11/25 22:30;74,54
06/11/25 22:45;65
06/11/25 23:00;65,55
06/11/25 23:15;62,52
06/11/25 23:30;57,26
06/11/25 23:45;52,52
07/11/25 00:00;55,01
07/11/25 00:15;54,1
07/11/25 00:30;52,86
07/11/25 00:45;49,66
07/11/25 01:00;54,1
07/11/25 01:15;50
07/11/25 01:30;49,66
07/11/25 01:45;45
07/11/25 02:00;42
07/11/25 02:15;38,17
07/11/25 02:30;35,91
07/11/25 02:45;34,73
07/11/25 03:00;34,56
07/11/25 03:15;33
07/11/25 03:30;33
07/11/25 03:45;34,46
07/11/25 04:00;38
07/11/25 04:15;40,67
07/11/25 04:30;45,01
07/11/25 04:45;49,66
07/11/25 05:00;58,98
07/11/25 05:15;61,08
07/11/25 05:30;63,55
07/11/25 05:45;68,33
07/11/25 06:00;68,67
07/11/25 06:15;79,89
07/11/25 06:30;84,76
07/11/25 06:45;87,5
07/11/25 07:00;98,66
07/11/25 07:15;94,92
07/11/25 07:30;90
07/11/25 07:45;81,99
07/11/25 08:00;85
07/11/25 08:15;75,59
07/11/25 08:30;65
07/11/25 08:45;61,8
07/11/25 09:00;62,52
07/11/25 09:15;60,99
07/11/25 09:30;55,68
07/11/25 09:45;51,2
07/11/25 10:00;51,5
07/11/25 10:15;50
07/11/25 10:30;50
07/11/25 10:45;45,32
07/11/25 11:00;50
07/11/25 11:15;46,25
07/11/25 11:30;50
07/11/25 11:45;48,75
07/11/25 12:00;43,62
07/11/25 12:15;43,5
07/11/25 12:30;41,34
07/11/25 12:45;43,62
07/11/25 13:00;45
07/11/25 13:15;50
07/11/25 13:30;50,93
07/11/25 13:45;54,1
07/11/25 14:00;54,1
07/11/25 14:15;58,84
07/11/25 14:30;61,8
07/11/25 14:45;64,67
07/11/25 15:00;64,67
07/11/25 15:15;74,07
07/11/25 15:30;87,52
07/11/25 15:45;91,5
07/11/25 16:00;84,47
07/11/25 16:15;92
07/11/25 16:30;96,61
07/11/25 16:45;104,12
07/11/25 17:00;101,58
07/11/25 17:15;104,01
07/11/25 17:30;110
07/11/25 17:45;112,52
07/11/25 18:00;106,94
07/11/25 18:15;110
07/11/25 18:30;106,67
07/11/25 18:45;106,67
07/11/25 19:00;103,96
07/11/25 19:15;103,96
07/11/25 19:30;103,96
07/11/25 19:45;100,95
07/11/25 20:00;100,07
07/11/25 20:15;98,12
07/11/25 20:30;95
07/11/25 20:45;91,22
07/11/25 21:00;87,52
07/11/25 21:15;85
07/11/25 21:30;85,01
07/11/25 21:45;85
07/11/25 22:00;80
07/11/25 22:15;75
07/11/25 22:30;70,55
07/11/25 22:45;63,28
07/11/25 23:00;80,68
07/11/25 23:15;74,59
07/11/25 23:30;63,64
07/11/25 23:45;51,43
08/11/25 00:00;63,67
08/11/25 00:15;54
08/11/25 00:30;56,3
08/11/25 00:45;51,43
08/11/25 01:00;51,91
08/11/25 01:15;51,07
08/11/25 01:30;50,94
08/11/25 01:45;50
08/11/25 02:00;50,81
08/11/25 02:15;50
08/11/25 02:30;45,67
08/11/25 02:45;35,63
08/11/25 03:00;38,25
08/11/25 03:15;35
08/11/25 03:30;34,8
08/11/25 03:45;34,8
08/11/25 04:00;34,8
08/11/25 04:15;34,7
08/11/25 04:30;35,75
08/11/25 04:45;42,7
08/11/25 05:00;41,72
08/11/25 05:15;47
08/11/25 05:30;50
08/11/25 05:45;50,68
08/11/25 06:00;50,68
08/11/25 06:15;50,97
08/11/25 06:30;51,01
08/11/25 06:45;50,94
08/11/25 07:00;51,22
08/11/25 07:15;50,68
08/11/25 07:30;37,14
08/11/25 07:45;15
08/11/25 08:00;10
08/11/25 08:15;3,52
08/11/25 08:30;3,52
08/11/25 08:45;0,65
08/11/25 09:00;4,31
08/11/25 09:15;3,8
08/11/25 09:30;3,8
08/11/25 09:45;2,2
08/11/25 10:00;10,05
08/11/25 10:15;10,05
08/11/25 10:30;8,16
08/11/25 10:45;8,16
08/11/25 11:00;11,35
08/11/25 11:15;14,99
08/11/25 11:30;20
08/11/25 11:45;20
08/11/25 12:00;20
08/11/25 12:15;20,33
08/11/25 12:30;25,17
08/11/25 12:45;24,11
08/11/25 13:00;10
08/11/25 13:15;10
08/11/25 13:30;10
08/11/25 13:45;10
08/11/25 14:00;10
08/11/25 14:15;10
08/11/25 14:30;10
08/11/25 14:45;10
08/11/25 15:00;14,99
08/11/25 15:15;15
08/11/25 15:30;15
08/11/25 15:45;15
08/11/25 16:00;51,22
08/11/25 16:15;51,43
08/11/25 16:30;74,59
08/11/25 16:45;83,84
08/11/25 17:00;76,31
08/11/25 17:15;86,16
08/11/25 17:30;90,91
08/11/25 17:45;95,92
08/11/25 18:00;88,43
08/11/25 18:15;90
08/11/25 18:30;90
08/11/25 18:45;86,92
08/11/25 19:00;87,55
08/11/25 19:15;84,48
08/11/25 19:30;82,94
08/11/25 19:45;81,47
08/11/25 20:00;80,13
08/11/25 20:15;79,72
08/11/25 20:30;78,24
08/11/25 20:45;75
08/11/25 21:00;76,28
08/11/25 21:15;74,59
08/11/25 21:30;77,8
08/11/25 21:45;74,59
08/11/25 22:00;76,42
08/11/25 22:15;72
08/11/25 22:30;72,11
08/11/25 22:45;71,52
08/11/25 23:00;78,81
08/11/25 23:15;72,11
08/11/25 23:30;70,52
08/11/25 23:45;70,52
09/11/25 00:00;65
09/11/25 00:15;62,72
09/11/25 00:30;59,9
09/11/25 00:45;59,49
09/11/25 01:00;60,1
09/11/25 01:15;54,67
09/11/25 01:30;53,6
09/11/25 01:45;53,43
09/11/25 02:00;53,6
09/11/25 02:15;53,43
09/11/25 02:30;53,59
09/11/25 02:45;52,81
09/11/25 03:00;52,81
09/11/25 03:15;52,81
09/11/25 03:30;53,43
09/11/25 03:45;53,43
09/11/25 04:00;55,36
09/11/25 04:15;55
09/11/25 04:30;55
09/11/25 04:45;59,7
09/11/25 05:00;62,63
09/11/25 05:15;66,99
09/11/25 05:30;70,49
09/11/25 05:45;70,52
09/11/25 06:00;72,11
09/11/25 06:15;72,9
09/11/25 06:30;77,26
09/11/25 06:45;75,01
09/11/25 07:00;80,68
09/11/25 07:15;72
09/11/25 07:30;65,64
09/11/25 07:45;53,22
09/11/25 08:00;70,53
09/11/25 08:15;47,25
09/11/25 08:30;30,01
09/11/25 08:45;13,94
09/11/25 09:00;4,96
09/11/25 09:15;3,52
09/11/25 09:30;1,55
09/11/25 09:45;0,65
09/11/25 10:00;0,65
09/11/25 10:15;0,65
09/11/25 10:30;0,65
09/11/25 10:45;0,65
09/11/25 11:00;0,65
09/11/25 11:15;0,65
09/11/25 11:30;0,65
09/11/25 11:45;0,75
09/11/25 12:00;4,31
09/11/25 12:15;4,31
09/11/25 12:30;4,31
09/11/25 12:45;4,31
09/11/25 13:00;4,31
09/11/25 13:15;3,52
09/11/25 13:30;4,31
09/11/25 13:45;5
09/11/25 14:00;8,16
09/11/25 14:15;10,9
09/11/25 14:30;17,3
09/11/25 14:45;34,2
09/11/25 15:00;31,11
09/11/25 15:15;53,2
09/11/25 15:30;61,47
09/11/25 15:45;81,52
09/11/25 16:00;72
09/11/25 16:15;78,81
09/11/25 16:30;85,53
09/11/25 16:45;100,83
09/11/25 17:00;85
09/11/25 17:15;91,69
09/11/25 17:30;98,66
09/11/25 17:45;104,67
09/11/25 18:00;104,92
09/11/25 18:15;106,61
09/11/25 18:30;104,92
09/11/25 18:45;105,56
09/11/25 19:00;112,55
09/11/25 19:15;113,29
09/11/25 19:30;113,89
09/11/25 19:45;111,94
09/11/25 20:00;122,94
09/11/25 20:15;120,2
09/11/25 20:30;110,74
09/11/25 20:45;106,61
09/11/25 21:00;110
09/11/25 21:15;104,67
09/11/25 21:30;103,91
09/11/25 21:45;97,44
09/11/25 22:00;98,66
09/11/25 22:15;91,5
09/11/25 22:30;85,53
09/11/25 22:45;82,21
09/11/25 23:00;91,52
09/11/25 23:15;90,8
09/11/25 23:30;90
09/11/25 23:45;85
10/11/25 00:00;85,25
10/11/25 00:15;80
10/11/25 00:30;76,29
10/11/25 00:45;73,27
10/11/25 01:00;71,31
10/11/25 01:15;69,99
10/11/25 01:30;63,78
10/11/25 01:45;60,33
10/11/25 02:00;60,1
10/11/25 02:15;60
10/11/25 02:30;59,9
10/11/25 02:45;59,7
10/11/25 03:00;59,6
10/11/25 03:15;59,6
10/11/25 03:30;59,7
10/11/25 03:45;59,8
10/11/25 04:00;60
10/11/25 04:15;60
10/11/25 04:30;70
10/11/25 04:45;77,46
10/11/25 05:00;85,96
10/11/25 05:15;90,8
10/11/25 05:30;91,76
10/11/25 05:45;96,3
10/11/25 06:00;105,75
10/11/25 06:15;109,25
10/11/25 06:30;110,91
10/11/25 06:45;114,33
10/11/25 07:00;121,55
10/11/25 07:15;114,33
10/11/25 07:30;106,94
10/11/25 07:45;103,59
10/11/25 08:00;93,84
10/11/25 08:15;90,23
10/11/25 08:30;65
10/11/25 08:45;41,55
10/11/25 09:00;51,68
10/11/25 09:15;45,08
10/11/25 09:30;44,63
10/11/25 09:45;35,03
10/11/25 10:00;36,18
10/11/25 10:15;37
10/11/25 10:30;35,03
10/11/25 10:45;34,5
10/11/25 11:00;40
10/11/25 11:15;37
10/11/25 11:30;38,85
10/11/25 11:45;35,03
10/11/25 12:00;35,03
10/11/25 12:15;34,2
10/11/25 12:30;29
10/11/25 12:45;25,77
10/11/25 13:00;28,04
10/11/25 13:15;32,4
10/11/25 13:30;34,2
10/11/25 13:45;36,48
10/11/25 14:00;40
10/11/25 14:15;49
10/11/25 14:30;50
10/11/25 14:45;52,07
10/11/25 15:00;45
10/11/25 15:15;56
10/11/25 15:30;82,9
10/11/25 15:45;96,7
10/11/25 16:00;95
10/11/25 16:15;106,36
10/11/25 16:30;110,61
10/11/25 16:45;130
10/11/25 17:00;123,22
10/11/25 17:15;133,04
10/11/25 17:30;135,01
10/11/25 17:45;135,01
10/11/25 18:00;136,88
10/11/25 18:15;137,83
10/11/25 18:30;150
10/11/25 18:45;150,01
10/11/25 19:00;136,88
10/11/25 19:15;137,83
10/11/25 19:30;136,88
10/11/25 19:45;135,93
10/11/25 20:00;137,83
10/11/25 20:15;135,93
10/11/25 20:30;131,66
10/11/25 20:45;119,72
10/11/25 21:00;113,28
10/11/25 21:15;109,25
10/11/25 21:30;106,23
10/11/25 21:45;99,32
10/11/25 22:00;97,8
10/11/25 22:15;92,49
10/11/25 22:30;93,84
10/11/25 22:45;91,76
10/11/25 23:00;93,5
10/11/25 23:15;91,84
10/11/25 23:30;90,24
10/11/25 23:45;89,52
11/11/25 00:00;89,76
11/11/25 00:15;89,04
11/11/25 00:30;88,68
11/11/25 00:45;87,1
11/11/25 01:00;89,76
11/11/25 01:15;89,28
11/11/25 01:30;89,04
11/11/25 01:45;88,8
11/11/25 02:00;89,28
11/11/25 02:15;89,04
11/11/25 02:30;88,8
11/11/25 02:45;88,68
11/11/25 03:00;88,68
11/11/25 03:15;88,68
11/11/25 03:30;88,68
11/11/25 03:45;88,8
11/11/25 04:00;88,68
11/11/25 04:15;87,1
11/11/25 04:30;88,68
11/11/25 04:45;89,28
11/11/25 05:00;88,68
11/11/25 05:15;89,04
11/11/25 05:30;89,76
11/11/25 05:45;91,15
11/11/25 06:00;90,26
11/11/25 06:15;92,48
11/11/25 06:30;98,11
11/11/25 06:45;98,63
11/11/25 07:00;103,59
11/11/25 07:15;98
11/11/25 07:30;90
11/11/25 07:45;82,14
11/11/25 08:00;82,35
11/11/25 08:15;69
11/11/25 08:30;38,6
11/11/25 08:45;14
11/11/25 09:00;31,68
11/11/25 09:15;14,39
11/11/25 09:30;5
11/11/25 09:45;1,2
11/11/25 10:00;12,64
11/11/25 10:15;12,2
11/11/25 10:30;10
11/11/25 10:45;7,96
11/11/25 11:00;11,82
11/11/25 11:15;12,42
11/11/25 11:30;16,57
11/11/25 11:45;11,01
11/11/25 12:00;10
11/11/25 12:15;10,8
11/11/25 12:30;7,96
11/11/25 12:45;5,9
11/11/25 13:00;3
11/11/25 13:15;3,53
11/11/25 13:30;5,11
11/11/25 13:45;10,9
11/11/25 14:00;11
11/11/25 14:15;10,2
11/11/25 14:30;13,27
11/11/25 14:45;16,79
11/11/25 15:00;16,79
11/11/25 15:15;32,17
11/11/25 15:30;44,6
11/11/25 15:45;74,46
11/11/25 16:00;59,9
11/11/25 16:15;76,5
11/11/25 16:30;89,76
11/11/25 16:45;92,48
11/11/25 17:00;91,84
11/11/25 17:15;92,95
11/11/25 17:30;98
11/11/25 17:45;100,33
11/11/25 18:00;100,95
11/11/25 18:15;102,8
11/11/25 18:30;102,56
11/11/25 18:45;103,59
11/11/25 19:00;103,9
11/11/25 19:15;103,9
11/11/25 19:30;103,18
11/11/25 19:45;99,44
11/11/25 20:00;103,59
11/11/25 20:15;98,6
11/11/25 20:30;92,48
11/11/25 20:45;90
11/11/25 21:00;91,84
11/11/25 21:15;89,76
11/11/25 21:30;87,61
11/11/25 21:45;82,35
11/11/25 22:00;80,82
11/11/25 22:15;76,01
11/11/25 22:30;65
11/11/25 22:45;60
11/11/25 23:00;50
11/11/25 23:15;43,27
11/11/25 23:30;34
11/11/25 23:45;20,31
12/11/25 00:00;24,93
12/11/25 00:15;17,43
12/11/25 00:30;16,43
12/11/25 00:45;16,04
12/11/25 01:00;17,65
12/11/25 01:15;16,6
12/11/25 01:30;14,81
12/11/25 01:45;14,01
12/11/25 02:00;14,54
12/11/25 02:15;14,17
12/11/25 02:30;11,1
12/11/25 02:45;9,22
12/11/25 03:00;9,89
12/11/25 03:15;8,78
12/11/25 03:30;7,3
12/11/25 03:45;10,87
12/11/25 04:00;14
12/11/25 04:15;14,43
12/11/25 04:30;14,81
12/11/25 04:45;14,68
12/11/25 05:00;20,79
12/11/25 05:15;34
12/11/25 05:30;43,98
12/11/25 05:45;51,52
12/11/25 06:00;52
12/11/25 06:15;53,26
12/11/25 06:30;51,94
12/11/25 06:45;52,24
12/11/25 07:00;60
12/11/25 07:15;51,76
12/11/25 07:30;44,7
12/11/25 07:45;25,37
12/11/25 08:00;23,83
12/11/25 08:15;14,02
12/11/25 08:30;5
12/11/25 08:45;3,52
12/11/25 09:00;3,52
12/11/25 09:15;3,52
12/11/25 09:30;1,15
12/11/25 09:45;0,16
12/11/25 10:00;0,01
12/11/25 10:15;0
12/11/25 10:30;0
12/11/25 10:45;0
12/11/25 11:00;1,72
12/11/25 11:15;1,5
12/11/25 11:30;1,1
12/11/25 11:45;1,03
12/11/25 12:00;1
12/11/25 12:15;0,85
12/11/25 12:30;0,65
12/11/25 12:45;0,65
12/11/25 13:00;0,65
12/11/25 13:15;0,66
12/11/25 13:30;1,55
12/11/25 13:45;1,72
12/11/25 14:00;2,41
12/11/25 14:15;3,52
12/11/25 14:30;3,52
12/11/25 14:45;3,52
12/11/25 15:00;6,78
12/11/25 15:15;14,94
12/11/25 15:30;16,43
12/11/25 15:45;26,46
12/11/25 16:00;31,62
12/11/25 16:15;50
12/11/25 16:30;50,8
12/11/25 16:45;53,26
12/11/25 17:00;51,68
12/11/25 17:15;53
12/11/25 17:30;54,84
12/11/25 17:45;61,4
12/11/25 18:00;59
12/11/25 18:15;62
12/11/25 18:30;65
12/11/25 18:45;68
12/11/25 19:00;71,51
12/11/25 19:15;72
12/11/25 19:30;71,74
12/11/25 19:45;71,03
12/11/25 20:00;71,03
12/11/25 20:15;70
12/11/25 20:30;63,08
12/11/25 20:45;58,53
12/11/25 21:00;55
12/11/25 21:15;52
12/11/25 21:30;50,8
12/11/25 21:45;50
12/11/25 22:00;45
12/11/25 22:15;39,7
12/11/25 22:30;30,35
12/11/25 22:45;18,37
12/11/25 23:00;31,65
12/11/25 23:15;24,8
12/11/25 23:30;21,62
12/11/25 23:45;20
13/11/25 00:00;25
13/11/25 00:15;22,6
13/11/25 00:30;20,82
13/11/25 00:45;17,81
13/11/25 01:00;17,81
13/11/25 01:15;16,9
13/11/25 01:30;17,55
13/11/25 01:45;16,79
13/11/25 02:00;14,6
13/11/25 02:15;14
13/11/25 02:30;14
13/11/25 02:45;14,33
13/11/25 03:00;14
13/11/25 03:15;13
13/11/25 03:30;14
13/11/25 03:45;14,6
13/11/25 04:00;14,6
13/11/25 04:15;16,9
13/11/25 04:30;17,55
13/11/25 04:45;18,98
13/11/25 05:00;19,1
13/11/25 05:15;25
13/11/25 05:30;35
13/11/25 05:45;41,64
13/11/25 06:00;42,8
13/11/25 06:15;45
13/11/25 06:30;47
13/11/25 06:45;48,67
13/11/25 07:00;54,74
13/11/25 07:15;50
13/11/25 07:30;50
13/11/25 07:45;45,26
13/11/25 08:00;47,45
13/11/25 08:15;45
13/11/25 08:30;43,28
13/11/25 08:45;36,39
13/11/25 09:00;35,1
13/11/25 09:15;34,26
13/11/25 09:30;29,6
13/11/25 09:45;22,6
13/11/25 10:00;22,6
13/11/25 10:15;22,22
13/11/25 10:30;21,97
13/11/25 10:45;20
13/11/25 11:00;22,43
13/11/25 11:15;22,43
13/11/25 11:30;21,97
13/11/25 11:45;22,22
13/11/25 12:00;21,97
13/11/25 12:15;21,97
13/11/25 12:30;20
13/11/25 12:45;20
13/11/25 13:00;20
13/11/25 13:15;22,22
13/11/25 13:30;22,43
13/11/25 13:45;22,6
13/11/25 14:00;23,25
13/11/25 14:15;25,67
13/11/25 14:30;32,85
13/11/25 14:45;38,7
13/11/25 15:00;35
13/11/25 15:15;35
13/11/25 15:30;42,1
13/11/25 15:45;43,28
13/11/25 16:00;42,1
13/11/25 16:15;44
13/11/25 16:30;45,4
13/11/25 16:45;48,67
13/11/25 17:00;48,67
13/11/25 17:15;50
13/11/25 17:30;54,87
13/11/25 17:45;62,3
13/11/25 18:00;55
13/11/25 18:15;54,48
13/11/25 18:30;53,01
13/11/25 18:45;50
13/11/25 19:00;50
13/11/25 19:15;50
13/11/25 19:30;49,91
13/11/25 19:45;46,84
13/11/25 20:00;46,31
13/11/25 20:15;45,26
13/11/25 20:30;43,76
13/11/25 20:45;42,8
13/11/25 21:00;40
13/11/25 21:15;33,45
13/11/25 21:30;30
13/11/25 21:45;30,05
13/11/25 22:00;28,57
13/11/25 22:15;24,7
13/11/25 22:30;20
13/11/25 22:45;17,55
13/11/25 23:00;22,81
13/11/25 23:15;22,68
13/11/25 23:30;15,2
13/11/25 23:45;16,9
14/11/25 00:00;22,55
14/11/25 00:15;20,9
14/11/25 00:30;17,64
14/11/25 00:45;16,68
14/11/25 01:00;15,05
14/11/25 01:15;13,73
14/11/25 01:30;10,49
14/11/25 01:45;11,64
14/11/25 02:00;12,74
14/11/25 02:15;10
14/11/25 02:30;7,19
14/11/25 02:45;5,77
14/11/25 03:00;5,33
14/11/25 03:15;5,11
14/11/25 03:30;5,11
14/11/25 03:45;5,71
14/11/25 04:00;7,96
14/11/25 04:15;9,24
14/11/25 04:30;13,38
14/11/25 04:45;14,88
14/11/25 05:00;12,7
14/11/25 05:15;13,66
14/11/25 05:30;15,71
14/11/25 05:45;22,68
14/11/25 06:00;30
14/11/25 06:15;38,35
14/11/25 06:30;48,1
14/11/25 06:45;49,8
14/11/25 07:00;50,52
14/11/25 07:15;51
14/11/25 07:30;50,76
14/11/25 07:45;50,04
14/11/25 08:00;49,8
14/11/25 08:15;40,1
14/11/25 08:30;29,7
14/11/25 08:45;19,06
14/11/25 09:00;27,77
14/11/25 09:15;12,09
14/11/25 09:30;8,4
14/11/25 09:45;10,42
14/11/25 10:00;20,15
14/11/25 10:15;21,92
14/11/25 10:30;16,9
14/11/25 10:45;16,79
14/11/25 11:00;21
14/11/25 11:15;21,84
14/11/25 11:30;22,55
14/11/25 11:45;18,73
14/11/25 12:00;17,74
14/11/25 12:15;16,9
14/11/25 12:30;16,9
14/11/25 12:45;16,79
14/11/25 13:00;16,79
14/11/25 13:15;20,56
14/11/25 13:30;22,81
14/11/25 13:45;23,07
14/11/25 14:00;22,85
14/11/25 14:15;23,2
14/11/25 14:30;24,43
14/11/25 14:45;25
14/11/25 15:00;20,05
14/11/25 15:15;21,23
14/11/25 15:30;30,01
14/11/25 15:45;46,31
14/11/25 16:00;38,77
14/11/25 16:15;48,1
14/11/25 16:30;50,52
14/11/25 16:45;52,82
14/11/25 17:00;51,24
14/11/25 17:15;52,82
14/11/25 17:30;55,68
14/11/25 17:45;60
14/11/25 18:00;60,95
14/11/25 18:15;62,02
14/11/25 18:30;55,54
14/11/25 18:45;53,36
14/11/25 19:00;60,21
14/11/25 19:15;55,68
14/11/25 19:30;52,82
14/11/25 19:45;51,26
14/11/25 20:00;51,26
14/11/25 20:15;50,76
14/11/25 20:30;50,04
14/11/25 20:45;45,4
14/11/25 21:00;45,4
14/11/25 21:15;39,22
14/11/25 21:30;41,22
14/11/25 21:45;39,67
14/11/25 22:00;40,1
14/11/25 22:15;33,43
14/11/25 22:30;30
14/11/25 22:45;29,6
14/11/25 23:00;31,5
14/11/25 23:15;22,2
14/11/25 23:30;21,14
14/11/25 23:45;17,11
15/11/25 00:00;23,04
15/11/25 00:15;19,1
15/11/25 00:30;19,51
15/11/25 00:45;17,37
15/11/25 01:00;18,92
15/11/25 01:15;17,37
15/11/25 01:30;17,11
15/11/25 01:45;17
15/11/25 02:00;17,03
15/11/25 02:15;17,03
15/11/25 02:30;16,9
15/11/25 02:45;16,57
15/11/25 03:00;16,49
15/11/25 03:15;16,46
15/11/25 03:30;16,46
15/11/25 03:45;16,57
15/11/25 04:00;17,08
15/11/25 04:15;17,03
15/11/25 04:30;17,1
15/11/25 04:45;17,2
15/11/25 05:00;17,2
15/11/25 05:15;18,58
15/11/25 05:30;20
15/11/25 05:45;22,79
15/11/25 06:00;20
15/11/25 06:15;19,59
15/11/25 06:30;20,61
15/11/25 06:45;25
15/11/25 07:00;34
15/11/25 07:15;34
15/11/25 07:30;29,9
15/11/25 07:45;25
15/11/25 08:00;35,01
15/11/25 08:15;30
15/11/25 08:30;31,5
15/11/25 08:45;18,91
15/11/25 09:00;33
15/11/25 09:15;21,8
15/11/25 09:30;23,98
15/11/25 09:45;18,49
15/11/25 10:00;19,57
15/11/25 10:15;18,07
15/11/25 10:30;17,5
15/11/25 10:45;17,5
15/11/25 11:00;21,1
15/11/25 11:15;20,31
15/11/25 11:30;24,43
15/11/25 11:45;26,33
15/11/25 12:00;21,63
15/11/25 12:15;24,38
15/11/25 12:30;23,77
15/11/25 12:45;28,6
15/11/25 13:00;25
15/11/25 13:15;32
15/11/25 13:30;35,01
15/11/25 13:45;35,01
15/11/25 14:00;35
15/11/25 14:15;35,01
15/11/25 14:30;35,01
15/11/25 14:45;39,37
15/11/25 15:00;35,02
15/11/25 15:15;39,37
15/11/25 15:30;42,65
15/11/25 15:45;45,92
15/11/25 16:00;40
15/11/25 16:15;46,31
15/11/25 16:30;50
15/11/25 16:45;56,35
15/11/25 17:00;55,57
15/11/25 17:15;61,5
15/11/25 17:30;69,68
15/11/25 17:45;73,46
15/11/25 18:00;63,37
15/11/25 18:15;60,72
15/11/25 18:30;56
15/11/25 18:45;54,38
15/11/25 19:00;51,26
15/11/25 19:15;50
15/11/25 19:30;46,16
15/11/25 19:45;45,68
15/11/25 20:00;49,64
15/11/25 20:15;46,16
15/11/25 20:30;45,44
15/11/25 20:45;39,77
15/11/25 21:00;44,74
15/11/25 21:15;39,77
15/11/25 21:30;40,83
15/11/25 21:45;39,37
15/11/25 22:00;42,99
15/11/25 22:15;39,37
15/11/25 22:30;36,68
15/11/25 22:45;35,02
15/11/25 23:00;45
15/11/25 23:15;41,36
15/11/25 23:30;29,9
15/11/25 23:45;25
16/11/25 00:00;33,12
16/11/25 00:15;29,8
16/11/25 00:30;29,9
16/11/25 00:45;25
16/11/25 01:00;29,7
16/11/25 01:15;24,19
16/11/25 01:30;25
16/11/25 01:45;24,2
16/11/25 02:00;24,2
16/11/25 02:15;23,5
16/11/25 02:30;23,37
16/11/25 02:45;23,24
16/11/25 03:00;23,11
16/11/25 03:15;22,98
16/11/25 03:30;22,85
16/11/25 03:45;22,85
16/11/25 04:00;22,98
16/11/25 04:15;22,98
16/11/25 04:30;23,11
16/11/25 04:45;23,24
16/11/25 05:00;23,82
16/11/25 05:15;24
16/11/25 05:30;24,72
16/11/25 05:45;23,82
16/11/25 06:00;28,49
16/11/25 06:15;32,1
16/11/25 06:30;31
16/11/25 06:45;32,72
16/11/25 07:00;23,82
16/11/25 07:15;23,11
16/11/25 07:30;23,5
16/11/25 07:45;21,46
16/11/25 08:00;23,11
16/11/25 08:15;19,25
16/11/25 08:30;15
16/11/25 08:45;5,96
16/11/25 09:00;3,52
16/11/25 09:15;3,52
16/11/25 09:30;3,52
16/11/25 09:45;1,55
16/11/25 10:00;0,65
16/11/25 10:15;0,16
16/11/25 10:30;0,16
16/11/25 10:45;0,01
16/11/25 11:00;0
16/11/25 11:15;0
16/11/25 11:30;0
16/11/25 11:45;0
16/11/25 12:00;0
16/11/25 12:15;0,01
16/11/25 12:30;0,01
16/11/25 12:45;0,01
16/11/25 13:00;0,1
16/11/25 13:15;0,1
16/11/25 13:30;0,16
16/11/25 13:45;0,65
16/11/25 14:00;1,72
16/11/25 14:15;3,52
16/11/25 14:30;3,52
16/11/25 14:45;5,79
16/11/25 15:00;12,14
16/11/25 15:15;17,62
16/11/25 15:30;20,7
16/11/25 15:45;29,8
16/11/25 16:00;35,4
16/11/25 16:15;49,44
16/11/25 16:30;54,12
16/11/25 16:45;70
16/11/25 17:00;59,46
16/11/25 17:15;70,99
16/11/25 17:30;75
16/11/25 17:45;85
16/11/25 18:00;80,8
16/11/25 18:15;80,96
16/11/25 18:30;83
16/11/25 18:45;85
16/11/25 19:00;86,68
16/11/25 19:15;88,53
16/11/25 19:30;95
16/11/25 19:45;96,14
16/11/25 20:00;100
16/11/25 20:15;100
16/11/25 20:30;97,69
16/11/25 20:45;86,84
16/11/25 21:00;85,35
16/11/25 21:15;80
16/11/25 21:30;74,97
16/11/25 21:45;73
16/11/25 22:00;73,91
16/11/25 22:15;69
16/11/25 22:30;60,31
16/11/25 22:45;55,35
16/11/25 23:00;85,04
16/11/25 23:15;79,7
16/11/25 23:30;73,36
16/11/25 23:45;72,02
17/11/25 00:00;72,17
17/11/25 00:15;72,02
17/11/25 00:30;69,05
17/11/25 00:45;66,94
17/11/25 01:00;66,94
17/11/25 01:15;66
17/11/25 01:30;66
17/11/25 01:45;66
17/11/25 02:00;65,36
17/11/25 02:15;65,36
17/11/25 02:30;65,36
17/11/25 02:45;65,36
17/11/25 03:00;65,36
17/11/25 03:15;65,36
17/11/25 03:30;66
17/11/25 03:45;66,94
17/11/25 04:00;70,18
17/11/25 04:15;72,02
17/11/25 04:30;72,17
17/11/25 04:45;83
17/11/25 05:00;80,85
17/11/25 05:15;87,03
17/11/25 05:30;95
17/11/25 05:45;104,58
17/11/25 06:00;107,98
17/11/25 06:15;122,62
17/11/25 06:30;135,1
17/11/25 06:45;137
17/11/25 07:00;154,48
17/11/25 07:15;137,95
17/11/25 07:30;135,1
17/11/25 07:45;118,16
17/11/25 08:00;104,58
17/11/25 08:15;87,03
17/11/25 08:30;73,25
17/11/25 08:45;64,81
17/11/25 09:00;76,03
17/11/25 09:15;66
17/11/25 09:30;63,16
17/11/25 09:45;62,2
17/11/25 10:00;63,4
17/11/25 10:15;62,1
17/11/25 10:30;54
17/11/25 10:45;49,24
17/11/25 11:00;58,49
17/11/25 11:15;53,26
17/11/25 11:30;50,83
17/11/25 11:45;41,21
17/11/25 12:00;40,37
17/11/25 12:15;39,85
17/11/25 12:30;38,3
17/11/25 12:45;37,88
17/11/25 13:00;35
17/11/25 13:15;38,27
17/11/25 13:30;38,09
17/11/25 13:45;39,12
17/11/25 14:00;39,98
17/11/25 14:15;40,24
17/11/25 14:30;45,81
17/11/25 14:45;60
17/11/25 15:00;55,04
17/11/25 15:15;63,3
17/11/25 15:30;72,17
17/11/25 15:45;86,92
17/11/25 16:00;79,7
17/11/25 16:15;87
17/11/25 16:30;98,27
17/11/25 16:45;105
17/11/25 17:00;105
17/11/25 17:15;114,32
17/11/25 17:30;115,85
17/11/25 17:45;116,1
17/11/25 18:00;114,59
17/11/25 18:15;112,22
17/11/25 18:30;108,72
17/11/25 18:45;107,41
17/11/25 19:00;107,98
17/11/25 19:15;107,4
17/11/25 19:30;104,54
17/11/25 19:45;95
17/11/25 20:00;95
17/11/25 20:15;93,37
17/11/25 20:30;87,03
17/11/25 20:45;85,35
17/11/25 21:00;90,62
17/11/25 21:15;87,5
17/11/25 21:30;87,03
17/11/25 21:45;84,72
17/11/25 22:00;87,03
17/11/25 22:15;83,22
17/11/25 22:30;78,39
17/11/25 22:45;72
17/11/25 23:00;89,07
17/11/25 23:15;83,52
17/11/25 23:30;73,38
17/11/25 23:45;70
18/11/25 00:00;79,7
18/11/25 00:15;75,99
18/11/25 00:30;74,06
18/11/25 00:45;72,02
18/11/25 01:00;72,02
18/11/25 01:15;72,02
18/11/25 01:30;72,02
18/11/25 01:45;70,05
18/11/25 02:00;72,02
18/11/25 02:15;70
18/11/25 02:30;68,06
18/11/25 02:45;67,62
18/11/25 03:00;66,87
18/11/25 03:15;66,99
18/11/25 03:30;70
18/11/25 03:45;70,99
18/11/25 04:00;67
18/11/25 04:15;66,59
18/11/25 04:30;68,65
18/11/25 04:45;73,25
18/11/25 05:00;81,47
18/11/25 05:15;90,9
18/11/25 05:30;93,26
18/11/25 05:45;96
18/11/25 06:00;90,78
18/11/25 06:15;102,5
18/11/25 06:30;107,98
18/11/25 06:45;110,91
18/11/25 07:00;113,98
18/11/25 07:15;110,91
18/11/25 07:30;100,61
18/11/25 07:45;88,5
18/11/25 08:00;97,54
18/11/25 08:15;83
18/11/25 08:30;68
18/11/25 08:45;55,82
18/11/25 09:00;55,3
18/11/25 09:15;54,65
18/11/25 09:30;37,7
18/11/25 09:45;20,44
18/11/25 10:00;20
18/11/25 10:15;6
18/11/25 10:30;14
18/11/25 10:45;15,79
18/11/25 11:00;15
18/11/25 11:15;15
18/11/25 11:30;15
18/11/25 11:45;20
18/11/25 12:00;19,25
18/11/25 12:15;19,25
18/11/25 12:30;20
18/11/25 12:45;20
18/11/25 13:00;20,44
18/11/25 13:15;20,44
18/11/25 13:30;31,5
18/11/25 13:45;30,2
18/11/25 14:00;35,5
18/11/25 14:15;50
18/11/25 14:30;54,65
18/11/25 14:45;55,17
18/11/25 15:00;56,03
18/11/25 15:15;80,75
18/11/25 15:30;93,11
18/11/25 15:45;101,02
18/11/25 16:00;88,5
18/11/25 16:15;105,83
18/11/25 16:30;108,72
18/11/25 16:45;121,2
18/11/25 17:00;120,63
18/11/25 17:15;129,23
18/11/25 17:30;136,83
18/11/25 17:45;140,01
18/11/25 18:00;135,01
18/11/25 18:15;133,05
18/11/25 18:30;131,13
18/11/25 18:45;133
18/11/25 19:00;131,13
18/11/25 19:15;135,01
18/11/25 19:30;136,38
18/11/25 19:45;135,01
18/11/25 20:00;147
18/11/25 20:15;135,01
18/11/25 20:30;130,18
18/11/25 20:45;125,5
18/11/25 21:00;120
18/11/25 21:15;113,99
18/11/25 21:30;110,91
18/11/25 21:45;105,71
18/11/25 22:00;105,71
18/11/25 22:15;100,39
18/11/25 22:30;93,94
18/11/25 22:45;90,99
18/11/25 23:00;122,58
18/11/25 23:15;122,34
18/11/25 23:30;118,95
18/11/25 23:45;113,57
19/11/25 00:00;110,04
19/11/25 00:15;106,1
19/11/25 00:30;103,56
19/11/25 00:45;100
19/11/25 01:00;97,5
19/11/25 01:15;96,99
19/11/25 01:30;96,99
19/11/25 01:45;96,54
19/11/25 02:00;97,22
19/11/25 02:15;96,99
19/11/25 02:30;96,99
19/11/25 02:45;96,44
19/11/25 03:00;95,9
19/11/25 03:15;95
19/11/25 03:30;95
19/11/25 03:45;96,44
19/11/25 04:00;96,99
19/11/25 04:15;96,99
19/11/25 04:30;97,22
19/11/25 04:45;100,64
19/11/25 05:00;109,62
19/11/25 05:15;110,37
19/11/25 05:30;113,37
19/11/25 05:45;119,55
19/11/25 06:00;106,1
19/11/25 06:15;112,56
19/11/25 06:30;118,95
19/11/25 06:45;118,95
19/11/25 07:00;127,73
19/11/25 07:15;120,1
19/11/25 07:30;112,56
19/11/25 07:45;106,1
19/11/25 08:00;111,12
19/11/25 08:15;97,22
19/11/25 08:30;97,12
19/11/25 08:45;92,34
19/11/25 09:00;99,26
19/11/25 09:15;93,06
19/11/25 09:30;92,1
19/11/25 09:45;84
19/11/25 10:00;85,98
19/11/25 10:15;78,14
19/11/25 10:30;70,5
19/11/25 10:45;65
19/11/25 11:00;80,56
19/11/25 11:15;66,82
19/11/25 11:30;70,5
19/11/25 11:45;65,97
19/11/25 12:00;70,5
19/11/25 12:15;66,85
19/11/25 12:30;67,3
19/11/25 12:45;63,32
19/11/25 13:00;63,32
19/11/25 13:15;70
19/11/25 13:30;66,96
19/11/25 13:45;75,96
19/11/25 14:00;73,25
19/11/25 14:15;79,73
19/11/25 14:30;84,57
19/11/25 14:45;91,33
19/11/25 15:00;82,34
19/11/25 15:15;85,3
19/11/25 15:30;92,34
19/11/25 15:45;98,4
19/11/25 16:00;98,71
19/11/25 16:15;110,37
19/11/25 16:30;122,42
19/11/25 16:45;125,47
19/11/25 17:00;115,74
19/11/25 17:15;118,95
19/11/25 17:30;122,69
19/11/25 17:45;122,69
19/11/25 18:00;120,92
19/11/25 18:15;122,69
19/11/25 18:30;124,89
19/11/25 18:45;127,73
19/11/25 19:00;130,01
19/11/25 19:15;130,01
19/11/25 19:30;129,24
19/11/25 19:45;127,73
19/11/25 20:00;122,94
19/11/25 20:15;118,95
19/11/25 20:30;112,4
19/11/25 20:45;103,74
19/11/25 21:00;112,56
19/11/25 21:15;106,12
19/11/25 21:30;101,68
19/11/25 21:45;96,26
19/11/25 22:00;106,1
19/11/25 22:15;97,5
19/11/25 22:30;95
19/11/25 22:45;88,12
19/11/25 23:00;89
19/11/25 23:15;88,71
19/11/25 23:30;81,41
19/11/25 23:45;75
20/11/25 00:00;78,36
20/11/25 00:15;76,59
20/11/25 00:30;75,01
20/11/25 00:45;73,02
20/11/25 01:00;76,02
20/11/25 01:15;75
20/11/25 01:30;73,36
20/11/25 01:45;72,35
20/11/25 02:00;73,36
20/11/25 02:15;73,25
20/11/25 02:30;71,76
20/11/25 02:45;71,29
20/11/25 03:00;70
20/11/25 03:15;70
20/11/25 03:30;73,37
20/11/25 03:45;78,12
20/11/25 04:00;80,28
20/11/25 04:15;82,23
20/11/25 04:30;83,63
20/11/25 04:45;88,02
20/11/25 05:00;88,92
20/11/25 05:15;89,9
20/11/25 05:30;96,24
20/11/25 05:45;103,74
20/11/25 06:00;103,32
20/11/25 06:15;105,44
20/11/25 06:30;106,72
20/11/25 06:45;110,22
20/11/25 07:00;125,88
20/11/25 07:15;124
20/11/25 07:30;112,33
20/11/25 07:45;105,01
20/11/25 08:00;110
20/11/25 08:15;100
20/11/25 08:30;85
20/11/25 08:45;69,2
20/11/25 09:00;82
20/11/25 09:15;68,82
20/11/25 09:30;67,22
20/11/25 09:45;62,3
20/11/25 10:00;65
20/11/25 10:15;64,17
20/11/25 10:30;61,68
20/11/25 10:45;60
20/11/25 11:00;57,3
20/11/25 11:15;56,96
20/11/25 11:30;55,35
20/11/25 11:45;55
20/11/25 12:00;50,38
20/11/25 12:15;50
20/11/25 12:30;45
20/11/25 12:45;40
20/11/25 13:00;39
20/11/25 13:15;35,35
20/11/25 13:30;33,66
20/11/25 13:45;31,5
20/11/25 14:00;35,1
20/11/25 14:15;40
20/11/25 14:30;50
20/11/25 14:45;55,35
20/11/25 15:00;64,5
20/11/25 15:15;68,5
20/11/25 15:30;80,75
20/11/25 15:45;95
20/11/25 16:00;90
20/11/25 16:15;104,4
20/11/25 16:30;105,92
20/11/25 16:45;111,19
20/11/25 17:00;107,56
20/11/25 17:15;115,35
20/11/25 17:30;120
20/11/25 17:45;123,41
20/11/25 18:00;122,18
20/11/25 18:15;124
20/11/25 18:30;125,48
20/11/25 18:45;125,88
20/11/25 19:00;130,01
20/11/25 19:15;130,01
20/11/25 19:30;125,48
20/11/25 19:45;114,91
20/11/25 20:00;107,34
20/11/25 20:15;105,98
20/11/25 20:30;105,2
20/11/25 20:45;104,36
20/11/25 21:00;104,36
20/11/25 21:15;101,87
20/11/25 21:30;102,62
20/11/25 21:45;95
20/11/25 22:00;100
20/11/25 22:15;90
20/11/25 22:30;85
20/11/25 22:45;82
20/11/25 23:00;83,88
20/11/25 23:15;75
20/11/25 23:30;69,32
20/11/25 23:45;64,5
21/11/25 00:00;68,05
21/11/25 00:15;67,22
21/11/25 00:30;62,9
21/11/25 00:45;59,27
21/11/25 01:00;67,22
21/11/25 01:15;62,9
21/11/25 01:30;60
21/11/25 01:45;59,27
21/11/25 02:00;58,89
21/11/25 02:15;58,57
21/11/25 02:30;58,44
21/11/25 02:45;58,44
21/11/25 03:00;58,31
21/11/25 03:15;58,05
21/11/25 03:30;58,31
21/11/25 03:45;58,44
21/11/25 04:00;48
21/11/25 04:15;50,99
21/11/25 04:30;55
21/11/25 04:45;57,92
21/11/25 05:00;57,79
21/11/25 05:15;58,31
21/11/25 05:30;59,1
21/11/25 05:45;62,8
21/11/25 06:00;62,73
21/11/25 06:15;68,05
21/11/25 06:30;74,9
21/11/25 06:45;82,06
21/11/25 07:00;84
21/11/25 07:15;80
21/11/25 07:30;70
21/11/25 07:45;61,43
21/11/25 08:00;64,64
21/11/25 08:15;40,02
21/11/25 08:30;6
21/11/25 08:45;0,65
21/11/25 09:00;0,99
21/11/25 09:15;0,09
21/11/25 09:30;0,09
21/11/25 09:45;0,08
21/11/25 10:00;0,69
21/11/25 10:15;0,16
21/11/25 10:30;0,16
21/11/25 10:45;2,2
21/11/25 11:00;5,79
21/11/25 11:15;5,79
21/11/25 11:30;6
21/11/25 11:45;8,16
21/11/25 12:00;8,16
21/11/25 12:15;8,16
21/11/25 12:30;6
21/11/25 12:45;6
21/11/25 13:00;8,16
21/11/25 13:15;16,96
21/11/25 13:30;25,76
21/11/25 13:45;35,35
21/11/25 14:00;20
21/11/25 14:15;45
21/11/25 14:30;50
21/11/25 14:45;58,89
21/11/25 15:00;50
21/11/25 15:15;58,89
21/11/25 15:30;59,1
21/11/25 15:45;73,74
21/11/25 16:00;67,22
21/11/25 16:15;85
21/11/25 16:30;97,63
21/11/25 16:45;110,57
21/11/25 17:00;103,82
21/11/25 17:15;108,66
21/11/25 17:30;116,01
21/11/25 17:45;125,01
21/11/25 18:00;130,01
21/11/25 18:15;140,34
21/11/25 18:30;159,68
21/11/25 18:45;159,68
21/11/25 19:00;157,18
21/11/25 19:15;143,99
21/11/25 19:30;123,98
21/11/25 19:45;116,21
21/11/25 20:00;106,52
21/11/25 20:15;104,56
21/11/25 20:30;104,15
21/11/25 20:45;102
21/11/25 21:00;100,81
21/11/25 21:15;100,32
21/11/25 21:30;100,32
21/11/25 21:45;95,29
21/11/25 22:00;97,63
21/11/25 22:15;95
21/11/25 22:30;90,37
21/11/25 22:45;86,06
21/11/25 23:00;95,68
21/11/25 23:15;92,23
21/11/25 23:30;85,98
21/11/25 23:45;84,19
22/11/25 00:00;84,4
22/11/25 00:15;82,98
22/11/25 00:30;77
22/11/25 00:45;72,26
22/11/25 01:00;84,19
22/11/25 01:15;77
22/11/25 01:30;72,35
22/11/25 01:45;68,25
22/11/25 02:00;74
22/11/25 02:15;70
22/11/25 02:30;68,05
22/11/25 02:45;68,05
22/11/25 03:00;67,22
22/11/25 03:15;67,22
22/11/25 03:30;67,22
22/11/25 03:45;67,22
22/11/25 04:00;67,22
22/11/25 04:15;67,22
22/11/25 04:30;67,22
22/11/25 04:45;67,22
22/11/25 05:00;70,6
22/11/25 05:15;73,25
22/11/25 05:30;74,9
22/11/25 05:45;79,13
22/11/25 06:00;81,82
22/11/25 06:15;84,19
22/11/25 06:30;83,53
22/11/25 06:45;85,52
22/11/25 07:00;85,35
22/11/25 07:15;82,35
22/11/25 07:30;72
22/11/25 07:45;68,05
22/11/25 08:00;60,46
22/11/25 08:15;40,82
22/11/25 08:30;23,43
22/11/25 08:45;14
22/11/25 09:00;3,52
22/11/25 09:15;3,52
22/11/25 09:30;0,84
22/11/25 09:45;0,65
22/11/25 10:00;0,65
22/11/25 10:15;0,65
22/11/25 10:30;0,65
22/11/25 10:45;0,16
22/11/25 11:00;0,65
22/11/25 11:15;0,65
22/11/25 11:30;0,65
22/11/25 11:45;0,65
22/11/25 12:00;0,7
22/11/25 12:15;0,7
22/11/25 12:30;0,69
22/11/25 12:45;0,66
22/11/25 13:00;0,77
22/11/25 13:15;0,77
22/11/25 13:30;0,8
22/11/25 13:45;0,83
22/11/25 14:00;0,77
22/11/25 14:15;1,72
22/11/25 14:30;3,52
22/11/25 14:45;5,11
22/11/25 15:00;15
22/11/25 15:15;39,72
22/11/25 15:30;44,9
22/11/25 15:45;72
22/11/25 16:00;76,45
22/11/25 16:15;87,05
22/11/25 16:30;95,2
22/11/25 16:45;102,3
22/11/25 17:00;93,58
22/11/25 17:15;98,02
22/11/25 17:30;102,3
22/11/25 17:45;101,51
22/11/25 18:00;105,96
22/11/25 18:15;105
22/11/25 18:30;102,18
22/11/25 18:45;98,18
22/11/25 19:00;95
22/11/25 19:15;90,64
22/11/25 19:30;90,88
22/11/25 19:45;88,01
22/11/25 20:00;98,7
22/11/25 20:15;94,79
22/11/25 20:30;90,2
22/11/25 20:45;85
22/11/25 21:00;95,42
22/11/25 21:15;90,97
22/11/25 21:30;90,01
22/11/25 21:45;84,5
22/11/25 22:00;88
22/11/25 22:15;83,9
22/11/25 22:30;81,4
22/11/25 22:45;80
22/11/25 23:00;76,4
22/11/25 23:15;75,58
22/11/25 23:30;73,91
22/11/25 23:45;67,22
23/11/25 00:00;69,8
23/11/25 00:15;67,22
23/11/25 00:30;62,07
23/11/25 00:45;50,03
23/11/25 01:00;49
23/11/25 01:15;43,96
23/11/25 01:30;38,5
23/11/25 01:45;36
23/11/25 02:00;43,96
23/11/25 02:15;41,35
23/11/25 02:30;37
23/11/25 02:45;35,25
23/11/25 03:00;34,9
23/11/25 03:15;34,6
23/11/25 03:30;34,5
23/11/25 03:45;34,5
23/11/25 04:00;42
23/11/25 04:15;41,35
23/11/25 04:30;42
23/11/25 04:45;43,02
23/11/25 05:00;44,3
23/11/25 05:15;46,58
23/11/25 05:30;49
23/11/25 05:45;49,82
23/11/25 06:00;60,46
23/11/25 06:15;64,06
23/11/25 06:30;65,53
23/11/25 06:45;66,78
23/11/25 07:00;71,98
23/11/25 07:15;67,22
23/11/25 07:30;50,03
23/11/25 07:45;43,02
23/11/25 08:00;34,25
23/11/25 08:15;22
23/11/25 08:30;6
23/11/25 08:45;3,52
23/11/25 09:00;3,52
23/11/25 09:15;1,72
23/11/25 09:30;0,66
23/11/25 09:45;0,65
23/11/25 10:00;0,09
23/11/25 10:15;0,01
23/11/25 10:30;0
23/11/25 10:45;0
23/11/25 11:00;0
23/11/25 11:15;0
23/11/25 11:30;0
23/11/25 11:45;0
23/11/25 12:00;0
23/11/25 12:15;0
23/11/25 12:30;0
23/11/25 12:45;0
23/11/25 13:00;0
23/11/25 13:15;0
23/11/25 13:30;0
23/11/25 13:45;0
23/11/25 14:00;0
23/11/25 14:15;0
23/11/25 14:30;0,47
23/11/25 14:45;0,66
23/11/25 15:00;1,72
23/11/25 15:15;3,52
23/11/25 15:30;16,9
23/11/25 15:45;34,25
23/11/25 16:00;43,96
23/11/25 16:15;50,2
23/11/25 16:30;67,82
23/11/25 16:45;73,25
23/11/25 17:00;67,22
23/11/25 17:15;68,06
23/11/25 17:30;69,74
23/11/25 17:45;70
23/11/25 18:00;72,98
23/11/25 18:15;73,25
23/11/25 18:30;73,25
23/11/25 18:45;74,56
23/11/25 19:00;80,75
23/11/25 19:15;80,85
23/11/25 19:30;80
23/11/25 19:45;75
23/11/25 20:00;78,21
23/11/25 20:15;74,56
23/11/25 20:30;70
23/11/25 20:45;67,82
23/11/25 21:00;68,06
23/11/25 21:15;67,58
23/11/25 21:30;67,1
23/11/25 21:45;58
23/11/25 22:00;50,2
23/11/25 22:15;48
23/11/25 22:30;40,32
23/11/25 22:45;34,5
23/11/25 23:00;35,35
23/11/25 23:15;30,54
23/11/25 23:30;25
23/11/25 23:45;19,5
24/11/25 00:00;16,9
24/11/25 00:15;14
24/11/25 00:30;7,3
24/11/25 00:45;5
24/11/25 01:00;5
24/11/25 01:15;3,6
24/11/25 01:30;3,52
24/11/25 01:45;3,52
24/11/25 02:00;3,52
24/11/25 02:15;3,52
24/11/25 02:30;3,52
24/11/25 02:45;3,52
24/11/25 03:00;3,52
24/11/25 03:15;3,52
24/11/25 03:30;3,52
24/11/25 03:45;3,52
24/11/25 04:00;3,52
24/11/25 04:15;3,52
24/11/25 04:30;3,52
24/11/25 04:45;3,52
24/11/25 05:00;4,96
24/11/25 05:15;10,1
24/11/25 05:30;16,68
24/11/25 05:45;32
24/11/25 06:00;40,5
24/11/25 06:15;46,82
24/11/25 06:30;50
24/11/25 06:45;51
24/11/25 07:00;58,02
24/11/25 07:15;63,1
24/11/25 07:30;64
24/11/25 07:45;60
24/11/25 08:00;51,08
24/11/25 08:15;50
24/11/25 08:30;47,1
24/11/25 08:45;43,35
24/11/25 09:00;43,02
24/11/25 09:15;40,1
24/11/25 09:30;38,57
24/11/25 09:45;35,1
24/11/25 10:00;34
24/11/25 10:15;31,95
24/11/25 10:30;30
24/11/25 10:45;30
24/11/25 11:00;28
24/11/25 11:15;28
24/11/25 11:30;28
24/11/25 11:45;28,5
24/11/25 12:00;33,15
24/11/25 12:15;34
24/11/25 12:30;34,44
24/11/25 12:45;35,1
24/11/25 13:00;35
24/11/25 13:15;39,32
24/11/25 13:30;40
24/11/25 13:45;40,37
24/11/25 14:00;40,37
24/11/25 14:15;42,93
24/11/25 14:30;46,82
24/11/25 14:45;50,9
24/11/25 15:00;49
24/11/25 15:15;52,97
24/11/25 15:30;57,7
24/11/25 15:45;63,47
24/11/25 16:00;50,9
24/11/25 16:15;57,93
24/11/25 16:30;67,08
24/11/25 16:45;70,82
24/11/25 17:00;70,82
24/11/25 17:15;71,54
24/11/25 17:30;73,98
24/11/25 17:45;75,91
24/11/25 18:00;72,4
24/11/25 18:15;73,98
24/11/25 18:30;75,91
24/11/25 18:45;77
24/11/25 19:00;79,6
24/11/25 19:15;83
24/11/25 19:30;84,19
24/11/25 19:45;81,49
24/11/25 20:00;84,19
24/11/25 20:15;80,69
24/11/25 20:30;75,5
24/11/25 20:45;70,58
24/11/25 21:00;71,6
24/11/25 21:15;71,3
24/11/25 21:30;71,6
24/11/25 21:45;70,57
24/11/25 22:00;70,34
24/11/25 22:15;70
24/11/25 22:30;62
24/11/25 22:45;54,44
24/11/25 23:00;46,35
24/11/25 23:15;44
24/11/25 23:30;41,11
24/11/25 23:45;40,2
25/11/25 00:00;41,11
25/11/25 00:15;39,82
25/11/25 00:30;39,82
25/11/25 00:45;38,25
25/11/25 01:00;38,25
25/11/25 01:15;34,98
25/11/25 01:30;26,49
25/11/25 01:45;19,63
25/11/25 02:00;28,07
25/11/25 02:15;25,77
25/11/25 02:30;18,18
25/11/25 02:45;14
25/11/25 03:00;11,29
25/11/25 03:15;12,84
25/11/25 03:30;19,64
25/11/25 03:45;23,05
25/11/25 04:00;25
25/11/25 04:15;26,81
25/11/25 04:30;34,64
25/11/25 04:45;40,85
25/11/25 05:00;46,35
25/11/25 05:15;58
25/11/25 05:30;64,43
25/11/25 05:45;70,34
25/11/25 06:00;70,98
25/11/25 06:15;73,25
25/11/25 06:30;81,49
25/11/25 06:45;85
25/11/25 07:00;88,1
25/11/25 07:15;87
25/11/25 07:30;80,11
25/11/25 07:45;73,25
25/11/25 08:00;74,14
25/11/25 08:15;70,58
25/11/25 08:30;47,62
25/11/25 08:45;39,82
25/11/25 09:00;29,69
25/11/25 09:15;14,35
25/11/25 09:30;6
25/11/25 09:45;3,8
25/11/25 10:00;3,52
25/11/25 10:15;3,52
25/11/25 10:30;3,52
25/11/25 10:45;2,4
25/11/25 11:00;1,69
25/11/25 11:15;0,84
25/11/25 11:30;0,66
25/11/25 11:45;0,66
25/11/25 12:00;0,66
25/11/25 12:15;0,66
25/11/25 12:30;0,65
25/11/25 12:45;0,65
25/11/25 13:00;0,65
25/11/25 13:15;0,65
25/11/25 13:30;0,66
25/11/25 13:45;0,66
25/11/25 14:00;0,83
25/11/25 14:15;2,8
25/11/25 14:30;3,52
25/11/25 14:45;3,8
25/11/25 15:00;4,96
25/11/25 15:15;14,35
25/11/25 15:30;39,82
25/11/25 15:45;51,09
25/11/25 16:00;72
25/11/25 16:15;87,58
25/11/25 16:30;93,8
25/11/25 16:45;103,12
25/11/25 17:00;93,4
25/11/25 17:15;97,03
25/11/25 17:30;103,82
25/11/25 17:45;105,07
25/11/25 18:00;101,79
25/11/25 18:15;102
25/11/25 18:30;102
25/11/25 18:45;102,64
25/11/25 19:00;97,03
25/11/25 19:15;97,03
25/11/25 19:30;97,03
25/11/25 19:45;94,02
25/11/25 20:00;92,9
25/11/25 20:15;91,14
25/11/25 20:30;89,23
25/11/25 20:45;87,98
25/11/25 21:00;90,2
25/11/25 21:15;88,06
25/11/25 21:30;88,54
25/11/25 21:45;87,58
25/11/25 22:00;87,58
25/11/25 22:15;80
25/11/25 22:30;79,6
25/11/25 22:45;74,33
25/11/25 23:00;84,98
25/11/25 23:15;83,4
25/11/25 23:30;74,16
25/11/25 23:45;70
26/11/25 00:00;73,91
26/11/25 00:15;68,05
26/11/25 00:30;67,22
26/11/25 00:45;66,7
26/11/25 01:00;67,22
26/11/25 01:15;62,05
26/11/25 01:30;60,24
26/11/25 01:45;60
26/11/25 02:00;66,13
26/11/25 02:15;64,05
26/11/25 02:30;61,89
26/11/25 02:45;60,25
26/11/25 03:00;60,73
26/11/25 03:15;60,46
26/11/25 03:30;61,12
26/11/25 03:45;65,65
26/11/25 04:00;67,22
26/11/25 04:15;67,22
26/11/25 04:30;77,51
26/11/25 04:45;83,7
26/11/25 05:00;71,63
26/11/25 05:15;80
26/11/25 05:30;84,98
26/11/25 05:45;87,58
26/11/25 06:00;87,34
26/11/25 06:15;90,8
26/11/25 06:30;94,98
26/11/25 06:45;105,05
26/11/25 07:00;107,53
26/11/25 07:15;115,29
26/11/25 07:30;105,05
26/11/25 07:45;90,8
26/11/25 08:00;88,3
26/11/25 08:15;80
26/11/25 08:30;58,5
26/11/25 08:45;50
26/11/25 09:00;50,67
26/11/25 09:15;40,81
26/11/25 09:30;27,21
26/11/25 09:45;16,46
26/11/25 10:00;29,69
26/11/25 10:15;23,77
26/11/25 10:30;15,35
26/11/25 10:45;9,39
26/11/25 11:00;29,99
26/11/25 11:15;29,7
26/11/25 11:30;29,7
26/11/25 11:45;29,69
26/11/25 12:00;29,99
26/11/25 12:15;29,99
26/11/25 12:30;29,69
26/11/25 12:45;26,82
26/11/25 13:00;29,69
26/11/25 13:15;29,7
26/11/25 13:30;29,99
26/11/25 13:45;29,99
26/11/25 14:00;29,99
26/11/25 14:15;29,99
26/11/25 14:30;29,99
26/11/25 14:45;40
26/11/25 15:00;45,01
26/11/25 15:15;57,72
26/11/25 15:30;80
26/11/25 15:45;97,1
26/11/25 16:00;83,02
26/11/25 16:15;92,23
26/11/25 16:30;103,82
26/11/25 16:45;110,75
26/11/25 17:00;106,49
26/11/25 17:15;119,46
26/11/25 17:30;125,76
26/11/25 17:45;130,01
26/11/25 18:00;132,34
26/11/25 18:15;158,18
26/11/25 18:30;150
26/11/25 18:45;127,52
26/11/25 19:00;146,79
26/11/25 19:15;130,01
26/11/25 19:30;116,03
26/11/25 19:45;106,49
26/11/25 20:00;106,49
26/11/25 20:15;103,82
26/11/25 20:30;98,3
26/11/25 20:45;92,23
26/11/25 21:00;92,23
26/11/25 21:15;90,8
26/11/25 21:30;94,27
26/11/25 21:45;90,26
26/11/25 22:00;94,1
26/11/25 22:15;90,9
26/11/25 22:30;88,06
26/11/25 22:45;82,5
26/11/25 23:00;94,07
26/11/25 23:15;91,21
26/11/25 23:30;87,81
26/11/25 23:45;82,47
27/11/25 00:00;86
27/11/25 00:15;81,18
27/11/25 00:30;80
27/11/25 00:45;78,66
27/11/25 01:00;78,66
27/11/25 01:15;74,49
27/11/25 01:30;72,1
27/11/25 01:45;70
27/11/25 02:00;72,08
27/11/25 02:15;68,59
27/11/25 02:30;67,47
27/11/25 02:45;65,5
27/11/25 03:00;66,07
27/11/25 03:15;65,38
27/11/25 03:30;66,07
27/11/25 03:45;68,01
27/11/25 04:00;65,37
27/11/25 04:15;65,5
27/11/25 04:30;70
27/11/25 04:45;75
27/11/25 05:00;69,32
27/11/25 05:15;75,01
27/11/25 05:30;80,02
27/11/25 05:45;85,5
27/11/25 06:00;90,28
27/11/25 06:15;95,46
27/11/25 06:30;99,53
27/11/25 06:45;101,58
27/11/25 07:00;104,71
27/11/25 07:15;104,34
27/11/25 07:30;100,32
27/11/25 07:45;90,2
27/11/25 08:00;101,58
27/11/25 08:15;89,98
27/11/25 08:30;80
27/11/25 08:45;65,1
27/11/25 09:00;67
27/11/25 09:15;62,28
27/11/25 09:30;50,3
27/11/25 09:45;41,9
27/11/25 10:00;47,32
27/11/25 10:15;46,3
27/11/25 10:30;43,8
27/11/25 10:45;43,8
27/11/25 11:00;45
27/11/25 11:15;45
27/11/25 11:30;46,3
27/11/25 11:45;47,32
27/11/25 12:00;50
27/11/25 12:15;51,01
27/11/25 12:30;54
27/11/25 12:45;51,35
27/11/25 13:00;51,35
27/11/25 13:15;54,96
27/11/25 13:30;55,13
27/11/25 13:45;60,46
27/11/25 14:00;54
27/11/25 14:15;62
27/11/25 14:30;65
27/11/25 14:45;74,33
27/11/25 15:00;65,32
27/11/25 15:15;80,1
27/11/25 15:30;90,2
27/11/25 15:45;100,78
27/11/25 16:00;88,53
27/11/25 16:15;98
27/11/25 16:30;104,71
27/11/25 16:45;114,99
27/11/25 17:00;107,99
27/11/25 17:15;122,85
27/11/25 17:30;110
27/11/25 17:45;118,02
27/11/25 18:00;110
27/11/25 18:15;118,02
27/11/25 18:30;123
27/11/25 18:45;125,01
27/11/25 19:00;137
27/11/25 19:15;145,56
27/11/25 19:30;152,29
27/11/25 19:45;154,73
27/11/25 20:00;170,01
27/11/25 20:15;166,6
27/11/25 20:30;158,93
27/11/25 20:45;128,16
27/11/25 21:00;128,17
27/11/25 21:15;124,58
27/11/25 21:30;105,54
27/11/25 21:45;104,71
27/11/25 22:00;104,82
27/11/25 22:15;104,1
27/11/25 22:30;101,58
27/11/25 22:45;98,69
27/11/25 23:00;95,6
27/11/25 23:15;92,9
27/11/25 23:30;90,01
27/11/25 23:45;88,28
28/11/25 00:00;90,2
28/11/25 00:15;88,4
28/11/25 00:30;85,51
28/11/25 00:45;84,19
28/11/25 01:00;92,05
28/11/25 01:15;90,8
28/11/25 01:30;90
28/11/25 01:45;89,98
28/11/25 02:00;89,98
28/11/25 02:15;88,4
28/11/25 02:30;88,79
28/11/25 02:45;88,4
28/11/25 03:00;88,4
28/11/25 03:15;88,4
28/11/25 03:30;88,4
28/11/25 03:45;89,98
28/11/25 04:00;89,98
28/11/25 04:15;90,2
28/11/25 04:30;93
28/11/25 04:45;95,58
28/11/25 05:00;95
28/11/25 05:15;95,82
28/11/25 05:30;97,92
28/11/25 05:45;101,17
28/11/25 06:00;107
28/11/25 06:15;123,14
28/11/25 06:30;130,01
28/11/25 06:45;154,48
28/11/25 07:00;154,48
28/11/25 07:15;145,56
28/11/25 07:30;128,16
28/11/25 07:45;109,47
28/11/25 08:00;119,7
28/11/25 08:15;104,26
28/11/25 08:30;97,92
28/11/25 08:45;86,01
28/11/25 09:00;96,5
28/11/25 09:15;89,98
28/11/25 09:30;85,97
28/11/25 09:45;79,7
28/11/25 10:00;79,7
28/11/25 10:15;78,66
28/11/25 10:30;76,2
28/11/25 10:45;77
28/11/25 11:00;78,41
28/11/25 11:15;77
28/11/25 11:30;78,01
28/11/25 11:45;75,97
28/11/25 12:00;75
28/11/25 12:15;73
28/11/25 12:30;70
28/11/25 12:45;69
28/11/25 13:00;69,21
28/11/25 13:15;68
28/11/25 13:30;67,98
28/11/25 13:45;71
28/11/25 14:00;66,02
28/11/25 14:15;71,6
28/11/25 14:30;76,5
28/11/25 14:45;84,78
28/11/25 15:00;78
28/11/25 15:15;84,61
28/11/25 15:30;85
28/11/25 15:45;100,53
28/11/25 16:00;90,8
28/11/25 16:15;99,71
28/11/25 16:30;107,92
28/11/25 16:45;123,14
28/11/25 17:00;115
28/11/25 17:15;118,98
28/11/25 17:30;122,94
28/11/25 17:45;123,14
28/11/25 18:00;125,68
28/11/25 18:15;127,07
28/11/25 18:30;130,01
28/11/25 18:45;130,01
28/11/25 19:00;142,19
28/11/25 19:15;147,49
28/11/25 19:30;145,56
28/11/25 19:45;137,02
28/11/25 20:00;133
28/11/25 20:15;128,16
28/11/25 20:30;123,14
28/11/25 20:45;109,66
28/11/25 21:00;109,47
28/11/25 21:15;101,17
28/11/25 21:30;100
28/11/25 21:45;99,71
28/11/25 22:00;101,38
28/11/25 22:15;100
28/11/25 22:30;96,54
28/11/25 22:45;98,22
28/11/25 23:00;110,34
28/11/25 23:15;106,64
28/11/25 23:30;103,82
28/11/25 23:45;102,08
29/11/25 00:00;102,08
29/11/25 00:15;100,3
29/11/25 00:30;100,3
29/11/25 00:45;95,42
29/11/25 01:00;100,32
29/11/25 01:15;100,3
29/11/25 01:30;96,6
29/11/25 01:45;91
29/11/25 02:00;100
29/11/25 02:15;95
29/11/25 02:30;91,52
29/11/25 02:45;90,98
29/11/25 03:00;85,2
29/11/25 03:15;85,17
29/11/25 03:30;84,1
29/11/25 03:45;84,1
29/11/25 04:00;84,1
29/11/25 04:15;83,15
29/11/25 04:30;82,63
29/11/25 04:45;83,15
29/11/25 05:00;84,1
29/11/25 05:15;84,1
29/11/25 05:30;85,2
29/11/25 05:45;89
29/11/25 06:00;87,46
29/11/25 06:15;90,2
29/11/25 06:30;92
29/11/25 06:45;98
29/11/25 07:00;100
29/11/25 07:15;95
29/11/25 07:30;91,94
29/11/25 07:45;88,24
29/11/25 08:00;93,54
29/11/25 08:15;84,54
29/11/25 08:30;79,94
29/11/25 08:45;64,2
29/11/25 09:00;70,35
29/11/25 09:15;64,06
29/11/25 09:30;62,11
29/11/25 09:45;55
29/11/25 10:00;54,3
29/11/25 10:15;50,2
29/11/25 10:30;49,25
29/11/25 10:45;46,48
29/11/25 11:00;51,91
29/11/25 11:15;50
29/11/25 11:30;50,2
29/11/25 11:45;50
29/11/25 12:00;46
29/11/25 12:15;44,14
29/11/25 12:30;43,18
29/11/25 12:45;44,26
29/11/25 13:00;44
29/11/25 13:15;46,84
29/11/25 13:30;48,85
29/11/25 13:45;50,86
29/11/25 14:00;51,03
29/11/25 14:15;54,44
29/11/25 14:30;59,41
29/11/25 14:45;62,5
29/11/25 15:00;61,72
29/11/25 15:15;63,82
29/11/25 15:30;75,54
29/11/25 15:45;88,24
29/11/25 16:00;84,1
29/11/25 16:15;92,9
29/11/25 16:30;101,4
29/11/25 16:45;105
29/11/25 17:00;95,82
29/11/25 17:15;96,3
29/11/25 17:30;99
29/11/25 17:45;100
29/11/25 18:00;100,05
29/11/25 18:15;100,3
29/11/25 18:30;100,3
29/11/25 18:45;100,32
29/11/25 19:00;100,8
29/11/25 19:15;100,8
29/11/25 19:30;100,32
29/11/25 19:45;100,3
29/11/25 20:00;102
29/11/25 20:15;100,32
29/11/25 20:30;100,05
29/11/25 20:45;96,06
29/11/25 21:00;96,06
29/11/25 21:15;95,34
29/11/25 21:30;90,98
29/11/25 21:45;85,2
29/11/25 22:00;91,65
29/11/25 22:15;88,42
29/11/25 22:30;84,1
29/11/25 22:45;82,17
29/11/25 23:00;85,7
29/11/25 23:15;79,61
29/11/25 23:30;72,1
29/11/25 23:45;70
30/11/25 00:00;74,54
30/11/25 00:15;70
30/11/25 00:30;69,5
30/11/25 00:45;68,98
30/11/25 01:00;69,82
30/11/25 01:15;69,37
30/11/25 01:30;68,98
30/11/25 01:45;65,82
30/11/25 02:00;68,98
30/11/25 02:15;68,29
30/11/25 02:30;66,01
30/11/25 02:45;62,33
30/11/25 03:00;67,22
30/11/25 03:15;66,01
30/11/25 03:30;65,6
30/11/25 03:45;65
30/11/25 04:00;67,87
30/11/25 04:15;66,07
30/11/25 04:30;65,85
30/11/25 04:45;66
30/11/25 05:00;66,07
30/11/25 05:15;67,51
30/11/25 05:30;63,62
30/11/25 05:45;63,62
30/11/25 06:00;69,37
30/11/25 06:15;69,37
30/11/25 06:30;69,24
30/11/25 06:45;69,5
30/11/25 07:00;71,67
30/11/25 07:15;71,68
30/11/25 07:30;75
30/11/25 07:45;77,01
30/11/25 08:00;84,61
30/11/25 08:15;82,2
30/11/25 08:30;75
30/11/25 08:45;69,5
30/11/25 09:00;69,82
30/11/25 09:15;69,37
30/11/25 09:30;68,98
30/11/25 09:45;63,51
30/11/25 10:00;63,32
30/11/25 10:15;55,35
30/11/25 10:30;54,04
30/11/25 10:45;51,91
30/11/25 11:00;46
30/11/25 11:15;40,1
30/11/25 11:30;40
30/11/25 11:45;40,1
30/11/25 12:00;46
30/11/25 12:15;49
30/11/25 12:30;50
30/11/25 12:45;50,2
30/11/25 13:00;49,25
30/11/25 13:15;50,2
30/11/25 13:30;52,5
30/11/25 13:45;54
30/11/25 14:00;54
30/11/25 14:15;56,3
30/11/25 14:30;62,36
30/11/25 14:45;69,11
30/11/25 15:00;69,5
30/11/25 15:15;74,9
30/11/25 15:30;85
30/11/25 15:45;92
30/11/25 16:00;95,46
30/11/25 16:15;98,68
30/11/25 16:30;100,58
30/11/25 16:45;102,37
30/11/25 17:00;102,33
30/11/25 17:15;104,93
30/11/25 17:30;105,29
30/11/25 17:45;108,96
30/11/25 18:00;106,18
30/11/25 18:15;107,63
30/11/25 18:30;105,96
30/11/25 18:45;107,46
30/11/25 19:00;102,29
30/11/25 19:15;102
30/11/25 19:30;101,06
30/11/25 19:45;100,34
30/11/25 20:00;100,41
30/11/25 20:15;100,05
30/11/25 20:30;92,98
30/11/25 20:45;90,27
30/11/25 21:00;97,56
30/11/25 21:15;94,63
30/11/25 21:30;92,21
30/11/25 21:45;90
30/11/25 22:00;90,27
30/11/25 22:15;86,78
30/11/25 22:30;87,5
30/11/25 22:45;86,29
30/11/25 23:00;92,96
30/11/25 23:15;90,93
30/11/25 23:30;84,19
30/11/25 23:45;80
01/12/25 00:00;81,53
01/12/25 00:15;75,39
01/12/25 00:30;74,33
01/12/25 00:45;71,88
01/12/25 01:00;71
01/12/25 01:15;70
01/12/25 01:30;71
01/12/25 01:45;70
01/12/25 02:00;69,9
01/12/25 02:15;70
01/12/25 02:30;70
01/12/25 02:45;70,72
01/12/25 03:00;75
01/12/25 03:15;75,25
01/12/25 03:30;79
01/12/25 03:45;80
01/12/25 04:00;82,63
01/12/25 04:15;84,21
01/12/25 04:30;93,04
01/12/25 04:45;95,07
01/12/25 05:00;95,07
01/12/25 05:15;98,98
01/12/25 05:30;100,82
01/12/25 05:45;103,82
01/12/25 06:00;100,82
01/12/25 06:15;103,82
01/12/25 06:30;109
01/12/25 06:45;119,74
01/12/25 07:00;125,01
01/12/25 07:15;120,47
01/12/25 07:30;107
01/12/25 07:45;101,54
01/12/25 08:00;118,04
01/12/25 08:15;100,1
01/12/25 08:30;87,92
01/12/25 08:45;74,78
01/12/25 09:00;88
01/12/25 09:15;79,01
01/12/25 09:30;70,14
01/12/25 09:45;63,32
01/12/25 10:00;70
01/12/25 10:15;67,9
01/12/25 10:30;67,9
01/12/25 10:45;67
01/12/25 11:00;71,82
01/12/25 11:15;70,5
01/12/25 11:30;70,5
01/12/25 11:45;70,37
01/12/25 12:00;69,72
01/12/25 12:15;69,72
01/12/25 12:30;69
01/12/25 12:45;69,85
01/12/25 13:00;69,72
01/12/25 13:15;69,72
01/12/25 13:30;69,98
01/12/25 13:45;70,11
01/12/25 14:00;70,37
01/12/25 14:15;70,5
01/12/25 14:30;72,63
01/12/25 14:45;80
01/12/25 15:00;70,35
01/12/25 15:15;82,06
01/12/25 15:30;90,2
01/12/25 15:45;100
01/12/25 16:00;87,44
01/12/25 16:15;92,76
01/12/25 16:30;98,98
01/12/25 16:45;101,3
01/12/25 17:00;102,08
01/12/25 17:15;104,6
01/12/25 17:30;105,8
01/12/25 17:45;107
01/12/25 18:00;120
01/12/25 18:15;123
01/12/25 18:30;123,82
01/12/25 18:45;125,01
01/12/25 19:00;130,35
01/12/25 19:15;145,56
01/12/25 19:30;145,56
01/12/25 19:45;130,01
01/12/25 20:00;159,68
01/12/25 20:15;145,56
01/12/25 20:30;127,27
01/12/25 20:45;120,47
01/12/25 21:00;123,82
01/12/25 21:15;107,07
01/12/25 21:30;104,07
01/12/25 21:45;101,06
01/12/25 22:00;100,58
01/12/25 22:15;98,47
01/12/25 22:30;94,06
01/12/25 22:45;90
01/12/25 23:00;82,54
01/12/25 23:15;80,53
01/12/25 23:30;78,21
01/12/25 23:45;74,82
02/12/25 00:00;80,35
02/12/25 00:15;78,9
02/12/25 00:30;74,99
02/12/25 00:45;71,2
02/12/25 01:00;75
02/12/25 01:15;72,1
02/12/25 01:30;71
02/12/25 01:45;70,82
02/12/25 02:00;70
02/12/25 02:15;68,68
02/12/25 02:30;68,5
02/12/25 02:45;67,91
02/12/25 03:00;67,91
02/12/25 03:15;67,5
02/12/25 03:30;67,91
02/12/25 03:45;68,5
02/12/25 04:00;67,37
02/12/25 04:15;67,91
02/12/25 04:30;70
02/12/25 04:45;75,13
02/12/25 05:00;71,2
02/12/25 05:15;78,6
02/12/25 05:30;85
02/12/25 05:45;89,18
02/12/25 06:00;85
02/12/25 06:15;88
02/12/25 06:30;92,82
02/12/25 06:45;95,34
02/12/25 07:00;95,07
02/12/25 07:15;95,82
02/12/25 07:30;95,72
02/12/25 07:45;95,34
02/12/25 08:00;96,3
02/12/25 08:15;95,02
02/12/25 08:30;89,16
02/12/25 08:45;85,19
02/12/25 09:00;90,63
02/12/25 09:15;86
02/12/25 09:30;83
02/12/25 09:45;79,94
02/12/25 10:00;86
02/12/25 10:15;82,63
02/12/25 10:30;81,78
02/12/25 10:45;79,64
02/12/25 11:00;82,54
02/12/25 11:15;80,53
02/12/25 11:30;80,53
02/12/25 11:45;77,6
02/12/25 12:00;78,13
02/12/25 12:15;75,13
02/12/25 12:30;71,34
02/12/25 12:45;71
02/12/25 13:00;71
02/12/25 13:15;71,2
02/12/25 13:30;72,34
02/12/25 13:45;75,13
02/12/25 14:00;76,35
02/12/25 14:15;82,54
02/12/25 14:30;85,05
02/12/25 14:45;93,9
02/12/25 15:00;80,53
02/12/25 15:15;85,61
02/12/25 15:30;88,75
02/12/25 15:45;95,82
02/12/25 16:00;95,58
02/12/25 16:15;100
02/12/25 16:30;122,88
02/12/25 16:45;127,27
02/12/25 17:00;109,63
02/12/25 17:15;125,68
02/12/25 17:30;128,17
02/12/25 17:45;140,06
02/12/25 18:00;127,25
02/12/25 18:15;127,27
02/12/25 18:30;125,73
02/12/25 18:45;125,01
02/12/25 19:00;123,82
02/12/25 19:15;123,82
02/12/25 19:30;120
02/12/25 19:45;113,57
02/12/25 20:00;113,16
02/12/25 20:15;103,75
02/12/25 20:30;99,41
02/12/25 20:45;96,3
02/12/25 21:00;97,98
02/12/25 21:15;96,06
02/12/25 21:30;95,07
02/12/25 21:45;87
02/12/25 22:00;95,07
02/12/25 22:15;87
02/12/25 22:30;85,66
02/12/25 22:45;82,98
02/12/25 23:00;92,07
02/12/25 23:15;88,98
02/12/25 23:30;80,4
02/12/25 23:45;78,74
03/12/25 00:00;81,21
03/12/25 00:15;78,74
03/12/25 00:30;78,74
03/12/25 00:45;78,74
03/12/25 01:00;78,74
03/12/25 01:15;76,36
03/12/25 01:30;72,47
03/12/25 01:45;70,5
03/12/25 02:00;70,27
03/12/25 02:15;67,72
03/12/25 02:30;67,37
03/12/25 02:45;67,24
03/12/25 03:00;67,24
03/12/25 03:15;66,98
03/12/25 03:30;67,11
03/12/25 03:45;67,24
03/12/25 04:00;70,15
03/12/25 04:15;71,2
03/12/25 04:30;72,47
03/12/25 04:45;75,1
03/12/25 05:00;71,34
03/12/25 05:15;76,56
03/12/25 05:30;80,4
03/12/25 05:45;83,3
03/12/25 06:00;85,4
03/12/25 06:15;95
03/12/25 06:30;95,58
03/12/25 06:45;96,3
03/12/25 07:00;103,43
03/12/25 07:15;100,86
03/12/25 07:30;98,53
03/12/25 07:45;96,54
03/12/25 08:00;96,4
03/12/25 08:15;93,3
03/12/25 08:30;78,74
03/12/25 08:45;67,07
03/12/25 09:00;77,5
03/12/25 09:15;70,82
03/12/25 09:30;65
03/12/25 09:45;56,2
03/12/25 10:00;50
03/12/25 10:15;40
03/12/25 10:30;35
03/12/25 10:45;27,55
03/12/25 11:00;25,54
03/12/25 11:15;20
03/12/25 11:30;20
03/12/25 11:45;16,99
03/12/25 12:00;16,57
03/12/25 12:15;16,2
03/12/25 12:30;15
03/12/25 12:45;14
03/12/25 13:00;14
03/12/25 13:15;14
03/12/25 13:30;15
03/12/25 13:45;15,35
03/12/25 14:00;16,68
03/12/25 14:15;21,6
03/12/25 14:30;36,17
03/12/25 14:45;50
03/12/25 15:00;40,56
03/12/25 15:15;65,9
03/12/25 15:30;70,82
03/12/25 15:45;80,61
03/12/25 16:00;76,36
03/12/25 16:15;85,05
03/12/25 16:30;95,34
03/12/25 16:45;96,4
03/12/25 17:00;96,54
03/12/25 17:15;98,53
03/12/25 17:30;104,75
03/12/25 17:45;109,92
03/12/25 18:00;98,39
03/12/25 18:15;100
03/12/25 18:30;100,09
03/12/25 18:45;98,39
03/12/25 19:00;98,39
03/12/25 19:15;97,98
03/12/25 19:30;96,06
03/12/25 19:45;95,1
03/12/25 20:00;93,3
03/12/25 20:15;93,3
03/12/25 20:30;87
03/12/25 20:45;81,44
03/12/25 21:00;90
03/12/25 21:15;86,55
03/12/25 21:30;85
03/12/25 21:45;80,35
03/12/25 22:00;84,84
03/12/25 22:15;78,74
03/12/25 22:30;75,34
03/12/25 22:45;65,26
03/12/25 23:00;70
03/12/25 23:15;65,5
03/12/25 23:30;56,46
03/12/25 23:45;52,34
04/12/25 00:00;64
04/12/25 00:15;55,37
04/12/25 00:30;54,2
04/12/25 00:45;50,21
04/12/25 01:00;54,9
04/12/25 01:15;52,34
04/12/25 01:30;45
04/12/25 01:45;38,96
04/12/25 02:00;50,33
04/12/25 02:15;45
04/12/25 02:30;40,33
04/12/25 02:45;36,5
04/12/25 03:00;35,89
04/12/25 03:15;32,89
04/12/25 03:30;35,86
04/12/25 03:45;38,16
04/12/25 04:00;42,5
04/12/25 04:15;41,77
04/12/25 04:30;50
04/12/25 04:45;51,72
04/12/25 05:00;54,9
04/12/25 05:15;56,8
04/12/25 05:30;63,85
04/12/25 05:45;70,7
04/12/25 06:00;70
04/12/25 06:15;76,36
04/12/25 06:30;80
04/12/25 06:45;82,5
04/12/25 07:00;85,31
04/12/25 07:15;86,53
04/12/25 07:30;84
04/12/25 07:45;82
04/12/25 08:00;84
04/12/25 08:15;80
04/12/25 08:30;76,82
04/12/25 08:45;70,89
04/12/25 09:00;73,08
04/12/25 09:15;70
04/12/25 09:30;63,32
04/12/25 09:45;57,5
04/12/25 10:00;65,2
04/12/25 10:15;59,49
04/12/25 10:30;54,91
04/12/25 10:45;52,37
04/12/25 11:00;52,37
04/12/25 11:15;51,98
04/12/25 11:30;51,72
04/12/25 11:45;50,33
04/12/25 12:00;50
04/12/25 12:15;50
04/12/25 12:30;47,75
04/12/25 12:45;44
04/12/25 13:00;44
04/12/25 13:15;45
04/12/25 13:30;50
04/12/25 13:45;50,33
04/12/25 14:00;51,85
04/12/25 14:15;52,24
04/12/25 14:30;54,2
04/12/25 14:45;54,9
04/12/25 15:00;54,9
04/12/25 15:15;60
04/12/25 15:30;70,7
04/12/25 15:45;76,82
04/12/25 16:00;71,9
04/12/25 16:15;76,82
04/12/25 16:30;80,61
04/12/25 16:45;87,1
04/12/25 17:00;80,85
04/12/25 17:15;84
04/12/25 17:30;87,1
04/12/25 17:45;90,1
04/12/25 18:00;87,1
04/12/25 18:15;88
04/12/25 18:30;90
04/12/25 18:45;90,74
04/12/25 19:00;90
04/12/25 19:15;90
04/12/25 19:30;88,68
04/12/25 19:45;86,69
04/12/25 20:00;86,04
04/12/25 20:15;86,78
04/12/25 20:30;87,1
04/12/25 20:45;81,83
04/12/25 21:00;83,9
04/12/25 21:15;82
04/12/25 21:30;80
04/12/25 21:45;75
04/12/25 22:00;73,08
04/12/25 22:15;67,5
04/12/25 22:30;63,32
04/12/25 22:45;57,5
04/12/25 23:00;76,08
04/12/25 23:15;75,46
04/12/25 23:30;74,01
04/12/25 23:45;70
05/12/25 00:00;70
05/12/25 00:15;63,32
05/12/25 00:30;60
05/12/25 00:45;56,9
05/12/25 01:00;56,9
05/12/25 01:15;56,52
05/12/25 01:30;56,52
05/12/25 01:45;56,5
05/12/25 02:00;55,41
05/12/25 02:15;55,34
05/12/25 02:30;55,27
05/12/25 02:45;55,27
05/12/25 03:00;54,2
05/12/25 03:15;54,2
05/12/25 03:30;55,2
05/12/25 03:45;55,41
05/12/25 04:00;56,5
05/12/25 04:15;56,63
05/12/25 04:30;57,9
05/12/25 04:45;66,72
05/12/25 05:00;61,88
05/12/25 05:15;72,01
05/12/25 05:30;74,5
05/12/25 05:45;75,94
05/12/25 06:00;74,74
05/12/25 06:15;77,49
05/12/25 06:30;81,31
05/12/25 06:45;86
05/12/25 07:00;86,74
05/12/25 07:15;88,43
05/12/25 07:30;89
05/12/25 07:45;87,85
05/12/25 08:00;87,38
05/12/25 08:15;86,43
05/12/25 08:30;84,99
05/12/25 08:45;80,61
05/12/25 09:00;87,85
05/12/25 09:15;83,48
05/12/25 09:30;80,72
05/12/25 09:45;76,08
05/12/25 10:00;76,71
05/12/25 10:15;75,46
05/12/25 10:30;74,74
05/12/25 10:45;72,21
05/12/25 11:00;72,34
05/12/25 11:15;67,99
05/12/25 11:30;63,32
05/12/25 11:45;57,3
05/12/25 12:00;56,52
05/12/25 12:15;56,45
05/12/25 12:30;55,2
05/12/25 12:45;53,5
05/12/25 13:00;53,5
05/12/25 13:15;54,2
05/12/25 13:30;55,27
05/12/25 13:45;56,37
05/12/25 14:00;60
05/12/25 14:15;67
05/12/25 14:30;70
05/12/25 14:45;74,5
05/12/25 15:00;72,34
05/12/25 15:15;76,08
05/12/25 15:30;80,35
05/12/25 15:45;84,37
05/12/25 16:00;81,31
05/12/25 16:15;83,96
05/12/25 16:30;85
05/12/25 16:45;87
05/12/25 17:00;86,43
05/12/25 17:15;87,04
05/12/25 17:30;87,3
05/12/25 17:45;87,85
05/12/25 18:00;82,38
05/12/25 18:15;84,94
05/12/25 18:30;83
05/12/25 18:45;81,68
05/12/25 19:00;81,31
05/12/25 19:15;80,49
05/12/25 19:30;79
05/12/25 19:45;75,94
05/12/25 20:00;77,76
05/12/25 20:15;75
05/12/25 20:30;70,43
05/12/25 20:45;64,1
05/12/25 21:00;70,43
05/12/25 21:15;69
05/12/25 21:30;69
05/12/25 21:45;63,32
05/12/25 22:00;61,6
05/12/25 22:15;56,63
05/12/25 22:30;55,38
05/12/25 22:45;52,85
05/12/25 23:00;48,59
05/12/25 23:15;35,02
05/12/25 23:30;28,85
05/12/25 23:45;22,85
06/12/25 00:00;23,07
06/12/25 00:15;20
06/12/25 00:30;22,99
06/12/25 00:45;25,3
06/12/25 01:00;25,3
06/12/25 01:15;18,36
06/12/25 01:30;16,9
06/12/25 01:45;16,57
06/12/25 02:00;16,57
06/12/25 02:15;15,99
06/12/25 02:30;14
06/12/25 02:45;14
06/12/25 03:00;14
06/12/25 03:15;13,99
06/12/25 03:30;12,8
06/12/25 03:45;10
06/12/25 04:00;10,94
06/12/25 04:15;13,42
06/12/25 04:30;15,12
06/12/25 04:45;15,21
06/12/25 05:00;16,68
06/12/25 05:15;17,51
06/12/25 05:30;17,99
06/12/25 05:45;18,3
06/12/25 06:00;18,36
06/12/25 06:15;23,24
06/12/25 06:30;24,22
06/12/25 06:45;27,56
06/12/25 07:00;19,95
06/12/25 07:15;23,09
06/12/25 07:30;27,86
06/12/25 07:45;29,33
06/12/25 08:00;35,01
06/12/25 08:15;35,01
06/12/25 08:30;25,72
06/12/25 08:45;25
06/12/25 09:00;32
06/12/25 09:15;30
06/12/25 09:30;25,01
06/12/25 09:45;17,95
06/12/25 10:00;20
06/12/25 10:15;18,62
06/12/25 10:30;16,79
06/12/25 10:45;14,98
06/12/25 11:00;19,55
06/12/25 11:15;17,38
06/12/25 11:30;19,91
06/12/25 11:45;17,46
06/12/25 12:00;16,64
06/12/25 12:15;16,57
06/12/25 12:30;13,75
06/12/25 12:45;14,3
06/12/25 13:00;13,96
06/12/25 13:15;16,5
06/12/25 13:30;17,1
06/12/25 13:45;18,88
06/12/25 14:00;13,95
06/12/25 14:15;16,68
06/12/25 14:30;18,08
06/12/25 14:45;29,33
06/12/25 15:00;20,77
06/12/25 15:15;27,6
06/12/25 15:30;35,01
06/12/25 15:45;38,08
06/12/25 16:00;45,95
06/12/25 16:15;50,24
06/12/25 16:30;52,82
06/12/25 16:45;59
06/12/25 17:00;54,7
06/12/25 17:15;60
06/12/25 17:30;61,5
06/12/25 17:45;68
06/12/25 18:00;62,37
06/12/25 18:15;64,06
06/12/25 18:30;66
06/12/25 18:45;67,36
06/12/25 19:00;68,63
06/12/25 19:15;70,14
06/12/25 19:30;70,64
06/12/25 19:45;70,2
06/12/25 20:00;71,24
06/12/25 20:15;70,24
06/12/25 20:30;68,1
06/12/25 20:45;65
06/12/25 21:00;74,64
06/12/25 21:15;70,64
06/12/25 21:30;66
06/12/25 21:45;56,5
06/12/25 22:00;55,16
06/12/25 22:15;52,82
06/12/25 22:30;51,5
06/12/25 22:45;50
06/12/25 23:00;40
06/12/25 23:15;37,17
06/12/25 23:30;31,12
06/12/25 23:45;25
07/12/25 00:00;27
07/12/25 00:15;26,24
07/12/25 00:30;22,75
07/12/25 00:45;20
07/12/25 01:00;25
07/12/25 01:15;25
07/12/25 01:30;23,84
07/12/25 01:45;17,01
07/12/25 02:00;21,01
07/12/25 02:15;17,01
07/12/25 02:30;16,68
07/12/25 02:45;16
07/12/25 03:00;14,83
07/12/25 03:15;10,9
07/12/25 03:30;10,47
07/12/25 03:45;7,8
07/12/25 04:00;13,69
07/12/25 04:15;14
07/12/25 04:30;14,51
07/12/25 04:45;15,92
07/12/25 05:00;16,68
07/12/25 05:15;18,82
07/12/25 05:30;17,98
07/12/25 05:45;20
07/12/25 06:00;17,43
07/12/25 06:15;18,23
07/12/25 06:30;19,31
07/12/25 06:45;21
07/12/25 07:00;28,19
07/12/25 07:15;17,01
07/12/25 07:30;17,58
07/12/25 07:45;16,9
07/12/25 08:00;22,95
07/12/25 08:15;16,46
07/12/25 08:30;22,59
07/12/25 08:45;3,33
07/12/25 09:00;16,9
07/12/25 09:15;13,67
07/12/25 09:30;9,01
07/12/25 09:45;4,96
07/12/25 10:00;10
07/12/25 10:15;7,7
07/12/25 10:30;4,96
07/12/25 10:45;2,4
07/12/25 11:00;1
07/12/25 11:15;0,66
07/12/25 11:30;0,65
07/12/25 11:45;0,66
07/12/25 12:00;0,5
07/12/25 12:15;0,5
07/12/25 12:30;0,5
07/12/25 12:45;0,5
07/12/25 13:00;0,66
07/12/25 13:15;0,66
07/12/25 13:30;0,9
07/12/25 13:45;1
07/12/25 14:00;1
07/12/25 14:15;1,8
07/12/25 14:30;7,03
07/12/25 14:45;8,36
07/12/25 15:00;4,96
07/12/25 15:15;8,38
07/12/25 15:30;17,01
07/12/25 15:45;29,97
07/12/25 16:00;31,5
07/12/25 16:15;46
07/12/25 16:30;55,16
07/12/25 16:45;67,01
07/12/25 17:00;69,22
07/12/25 17:15;70,64
07/12/25 17:30;75,26
07/12/25 17:45;79,41
07/12/25 18:00;80,95
07/12/25 18:15;82,76
07/12/25 18:30;83,5
07/12/25 18:45;84,92
07/12/25 19:00;88,8
07/12/25 19:15;89,7
07/12/25 19:30;90
07/12/25 19:45;89,86
07/12/25 20:00;94
07/12/25 20:15;95,01
07/12/25 20:30;90,53
07/12/25 20:45;85,02
07/12/25 21:00;85,02
07/12/25 21:15;82,76
07/12/25 21:30;79,24
07/12/25 21:45;74,19
07/12/25 22:00;76,1
07/12/25 22:15;71,6
07/12/25 22:30;69,7
07/12/25 22:45;68,98
07/12/25 23:00;72,02
07/12/25 23:15;71,7
07/12/25 23:30;71,13
07/12/25 23:45;70,5
08/12/25 00:00;70,5
08/12/25 00:15;68,5
08/12/25 00:30;65
08/12/25 00:45;58,1
08/12/25 01:00;55,53
08/12/25 01:15;54,15
08/12/25 01:30;50
08/12/25 01:45;50
08/12/25 02:00;50
08/12/25 02:15;50
08/12/25 02:30;50
08/12/25 02:45;50
08/12/25 03:00;47,04
08/12/25 03:15;47,04
08/12/25 03:30;47,04
08/12/25 03:45;48,72
08/12/25 04:00;50
08/12/25 04:15;50
08/12/25 04:30;50,35
08/12/25 04:45;50,35
08/12/25 05:00;49,03
08/12/25 05:15;50
08/12/25 05:30;51,65
08/12/25 05:45;57,5
08/12/25 06:00;62,7
08/12/25 06:15;66,82
08/12/25 06:30;70,01
08/12/25 06:45;70,08
08/12/25 07:00;70,08
08/12/25 07:15;68,5
08/12/25 07:30;60
08/12/25 07:45;58
08/12/25 08:00;68,5
08/12/25 08:15;50,35
08/12/25 08:30;35,01
08/12/25 08:45;26,96
08/12/25 09:00;35,75
08/12/25 09:15;29,01
08/12/25 09:30;25,5
08/12/25 09:45;21,01
08/12/25 10:00;24,98
08/12/25 10:15;20,3
08/12/25 10:30;24,85
08/12/25 10:45;21,95
08/12/25 11:00;23,01
08/12/25 11:15;20
08/12/25 11:30;20,68
08/12/25 11:45;20
08/12/25 12:00;16,46
08/12/25 12:15;16,46
08/12/25 12:30;11
08/12/25 12:45;12,57
08/12/25 13:00;13,29
08/12/25 13:15;15,4
08/12/25 13:30;16,57
08/12/25 13:45;16,9
08/12/25 14:00;20
08/12/25 14:15;24,98
08/12/25 14:30;25,24
08/12/25 14:45;29,01
08/12/25 15:00;20,81
08/12/25 15:15;29,41
08/12/25 15:30;43,2
08/12/25 15:45;64,08
08/12/25 16:00;68,5
08/12/25 16:15;71,7
08/12/25 16:30;75,34
08/12/25 16:45;88,68
08/12/25 17:00;77,05
08/12/25 17:15;82
08/12/25 17:30;85
08/12/25 17:45;89,17
08/12/25 18:00;90,83
08/12/25 18:15;90,12
08/12/25 18:30;91
08/12/25 18:45;92,42
08/12/25 19:00;95,87
08/12/25 19:15;97
08/12/25 19:30;96,5
08/12/25 19:45;95,7
08/12/25 20:00;100,01
08/12/25 20:15;96,14
08/12/25 20:30;95,01
08/12/25 20:45;90
08/12/25 21:00;87,9
08/12/25 21:15;83,85
08/12/25 21:30;79
08/12/25 21:45;75,34
08/12/25 22:00;76,7
08/12/25 22:15;73,36
08/12/25 22:30;71,46
08/12/25 22:45;70
08/12/25 23:00;60
08/12/25 23:15;57,62
08/12/25 23:30;54,7
08/12/25 23:45;50,39
09/12/25 00:00;50,3
09/12/25 00:15;48
09/12/25 00:30;45,37
09/12/25 00:45;45
09/12/25 01:00;45
09/12/25 01:15;44,98
09/12/25 01:30;44,85
09/12/25 01:45;40
09/12/25 02:00;44,85
09/12/25 02:15;40
09/12/25 02:30;37,8
09/12/25 02:45;37,25
09/12/25 03:00;36,5
09/12/25 03:15;36,2
09/12/25 03:30;36,5
09/12/25 03:45;37,25
09/12/25 04:00;38
09/12/25 04:15;40
09/12/25 04:30;44,98
09/12/25 04:45;45,5
09/12/25 05:00;50,35
09/12/25 05:15;55
09/12/25 05:30;57,62
09/12/25 05:45;65,06
09/12/25 06:00;69,7
09/12/25 06:15;79
09/12/25 06:30;82,49
09/12/25 06:45;87,01
09/12/25 07:00;89,17
09/12/25 07:15;87,13
09/12/25 07:30;85,78
09/12/25 07:45;81
09/12/25 08:00;83,39
09/12/25 08:15;65,01
09/12/25 08:30;55,21
09/12/25 08:45;45,11
09/12/25 09:00;52,57
09/12/25 09:15;44,85
09/12/25 09:30;32,48
09/12/25 09:45;16,68
09/12/25 10:00;16,79
09/12/25 10:15;14,28
09/12/25 10:30;9,6
09/12/25 10:45;5,76
09/12/25 11:00;11,19
09/12/25 11:15;9,38
09/12/25 11:30;10,9
09/12/25 11:45;13,2
09/12/25 12:00;11,52
09/12/25 12:15;11,79
09/12/25 12:30;10,9
09/12/25 12:45;12,21
09/12/25 13:00;10,9
09/12/25 13:15;16,46
09/12/25 13:30;16,79
09/12/25 13:45;23
09/12/25 14:00;25,01
09/12/25 14:15;34,2
09/12/25 14:30;44,98
09/12/25 14:45;50,5
09/12/25 15:00;50,12
09/12/25 15:15;60
09/12/25 15:30;79,08
09/12/25 15:45;89,82
09/12/25 16:00;79,94
09/12/25 16:15;88,5
09/12/25 16:30;97,5
09/12/25 16:45;104,83
09/12/25 17:00;100
09/12/25 17:15;104,83
09/12/25 17:30;105,74
09/12/25 17:45;106,7
09/12/25 18:00;108
09/12/25 18:15;116,7
09/12/25 18:30;122,37
09/12/25 18:45;123,32
09/12/25 19:00;124,27
09/12/25 19:15;125,68
09/12/25 19:30;128,16
09/12/25 19:45;127,75
09/12/25 20:00;145
09/12/25 20:15;130
09/12/25 20:30;124,27
09/12/25 20:45;121,42
09/12/25 21:00;106,94
09/12/25 21:15;105,98
09/12/25 21:30;104,83
09/12/25 21:45;100,01
09/12/25 22:00;102,55
09/12/25 22:15;95,67
09/12/25 22:30;90,35
09/12/25 22:45;89,17
09/12/25 23:00;100,01
09/12/25 23:15;99,5
09/12/25 23:30;97
09/12/25 23:45;92
10/12/25 00:00;90
10/12/25 00:15;89,02
10/12/25 00:30;85,91
10/12/25 00:45;84,97
10/12/25 01:00;86,86
10/12/25 01:15;85
10/12/25 01:30;85
10/12/25 01:45;84,97
10/12/25 02:00;82
10/12/25 02:15;81
10/12/25 02:30;81
10/12/25 02:45;83,2
10/12/25 03:00;83,08
10/12/25 03:15;83,35
10/12/25 03:30;84,97
10/12/25 03:45;85
10/12/25 04:00;85
10/12/25 04:15;85,91
10/12/25 04:30;89
10/12/25 04:45;89,82
10/12/25 05:00;89,82
10/12/25 05:15;95,01
10/12/25 05:30;99,53
10/12/25 05:45;101,6
10/12/25 06:00;101,08
10/12/25 06:15;103,56
10/12/25 06:30;112,14
10/12/25 06:45;116,22
10/12/25 07:00;110,35
10/12/25 07:15;115,5
10/12/25 07:30;115,98
10/12/25 07:45;115,74
10/12/25 08:00;112,14
10/12/25 08:15;110,35
10/12/25 08:30;107
10/12/25 08:45;104,6
10/12/25 09:00;108,5
10/12/25 09:15;105,64
10/12/25 09:30;102,09
10/12/25 09:45;100,85
10/12/25 10:00;102,18
10/12/25 10:15;101,08
10/12/25 10:30;99,8
10/12/25 10:45;99,53
10/12/25 11:00;99,5
10/12/25 11:15;99,21
10/12/25 11:30;97,5
10/12/25 11:45;97,5
10/12/25 12:00;97,42
10/12/25 12:15;97,42
10/12/25 12:30;97,42
10/12/25 12:45;97,42
10/12/25 13:00;97
10/12/25 13:15;97,76
10/12/25 13:30;99,5
10/12/25 13:45;99,53
10/12/25 14:00;99,5
10/12/25 14:15;100,01
10/12/25 14:30;102,09
10/12/25 14:45;102,72
10/12/25 15:00;101,08
10/12/25 15:15;103,93
10/12/25 15:30;112,14
10/12/25 15:45;116,46
10/12/25 16:00;110,35
10/12/25 16:15;115,98
10/12/25 16:30;116,46
10/12/25 16:45;117,94
10/12/25 17:00;115,98
10/12/25 17:15;116,7
10/12/25 17:30;119,98
10/12/25 17:45;120,47
10/12/25 18:00;116,89
10/12/25 18:15;119,98
10/12/25 18:30;120,47
10/12/25 18:45;122,37
10/12/25 19:00;123,32
10/12/25 19:15;125,68
10/12/25 19:30;125,68
10/12/25 19:45;124
10/12/25 20:00;123,32
10/12/25 20:15;122,37
10/12/25 20:30;118
10/12/25 20:45;115,98
10/12/25 21:00;116,94
10/12/25 21:15;115,98
10/12/25 21:30;112,14
10/12/25 21:45;103,76
10/12/25 22:00;102,72
10/12/25 22:15;102,35
10/12/25 22:30;102,72
10/12/25 22:45;101,08
10/12/25 23:00;112,74
10/12/25 23:15;105
10/12/25 23:30;100,01
10/12/25 23:45;96,33
11/12/25 00:00;99,38
11/12/25 00:15;96,33
11/12/25 00:30;91,51
11/12/25 00:45;88
11/12/25 01:00;96,29
11/12/25 01:15;93,52
11/12/25 01:30;91,51
11/12/25 01:45;88
11/12/25 02:00;83,45
11/12/25 02:15;82,75
11/12/25 02:30;82,59
11/12/25 02:45;82,59
11/12/25 03:00;81
11/12/25 03:15;80,34
11/12/25 03:30;80
11/12/25 03:45;80,5
11/12/25 04:00;81
11/12/25 04:15;81,33
11/12/25 04:30;82,59
11/12/25 04:45;84,15
11/12/25 05:00;90
11/12/25 05:15;91,51
11/12/25 05:30;96,33
11/12/25 05:45;102,5
11/12/25 06:00;102,5
11/12/25 06:15;112,98
11/12/25 06:30;115,5
11/12/25 06:45;121
11/12/25 07:00;119,5
11/12/25 07:15;120,27
11/12/25 07:30;120,27
11/12/25 07:45;114
11/12/25 08:00;113,94
11/12/25 08:15;113,46
11/12/25 08:30;102,5
11/12/25 08:45;91
11/12/25 09:00;99,8
11/12/25 09:15;88,08
11/12/25 09:30;79
11/12/25 09:45;75,12
11/12/25 10:00;82,12
11/12/25 10:15;79,54
11/12/25 10:30;78
11/12/25 10:45;75,4
11/12/25 11:00;79
11/12/25 11:15;75,9
11/12/25 11:30;75,79
11/12/25 11:45;75,5
11/12/25 12:00;75,11
11/12/25 12:15;75,12
11/12/25 12:30;75,11
11/12/25 12:45;74,72
11/12/25 13:00;75
11/12/25 13:15;75,11
11/12/25 13:30;75,12
11/12/25 13:45;75,37
11/12/25 14:00;75,24
11/12/25 14:15;75,37
11/12/25 14:30;78
11/12/25 14:45;82,75
11/12/25 15:00;77,4
11/12/25 15:15;85
11/12/25 15:30;98,95
11/12/25 15:45;109,7
11/12/25 16:00;99,38
11/12/25 16:15;112,5
11/12/25 16:30;115,5
11/12/25 16:45;123,72
11/12/25 17:00;105
11/12/25 17:15;112,74
11/12/25 17:30;113,02
11/12/25 17:45;113,22
11/12/25 18:00;113,22
11/12/25 18:15;113,94
11/12/25 18:30;115,65
11/12/25 18:45;119,5
11/12/25 19:00;124,79
11/12/25 19:15;124,79
11/12/25 19:30;124,79
11/12/25 19:45;123,72
11/12/25 20:00;122,94
11/12/25 20:15;121,22
11/12/25 20:30;115,35
11/12/25 20:45;112,5
11/12/25 21:00;112,74
11/12/25 21:15;104,08
11/12/25 21:30;100
11/12/25 21:45;96,33
11/12/25 22:00;100
11/12/25 22:15;96,33
11/12/25 22:30;92,65
11/12/25 22:45;90
11/12/25 23:00;99,01
11/12/25 23:15;96,53
11/12/25 23:30;91,64
11/12/25 23:45;89
12/12/25 00:00;84,21
12/12/25 00:15;79,4
12/12/25 00:30;77,12
12/12/25 00:45;75,5
12/12/25 01:00;79,14
12/12/25 01:15;77,12
12/12/25 01:30;75,5
12/12/25 01:45;75,37
12/12/25 02:00;75,24
12/12/25 02:15;75,24
12/12/25 02:30;75,24
12/12/25 02:45;75,24
12/12/25 03:00;75,24
12/12/25 03:15;75,24
12/12/25 03:30;75,37
12/12/25 03:45;77
12/12/25 04:00;77,5
12/12/25 04:15;79,41
12/12/25 04:30;83,41
12/12/25 04:45;88,75
12/12/25 05:00;88,51
12/12/25 05:15;92,48
12/12/25 05:30;96,75
12/12/25 05:45;100,01
12/12/25 06:00;96,53
12/12/25 06:15;100,78
12/12/25 06:30;105,08
12/12/25 06:45;114,35
12/12/25 07:00;116,66
12/12/25 07:15;120,33
12/12/25 07:30;120,33
12/12/25 07:45;119,38
12/12/25 08:00;121,28
12/12/25 08:15;114,47
12/12/25 08:30;105
12/12/25 08:45;100
12/12/25 09:00;108,5
12/12/25 09:15;102,5
12/12/25 09:30;100,84
12/12/25 09:45;99,87
12/12/25 10:00;108,5
12/12/25 10:15;103,5
12/12/25 10:30;102,01
12/12/25 10:45;100,5
12/12/25 11:00;101,26
12/12/25 11:15;99,87
12/12/25 11:30;99,87
12/12/25 11:45;99,76
12/12/25 12:00;99,01
12/12/25 12:15;99,01
12/12/25 12:30;98,03
12/12/25 12:45;96,53
12/12/25 13:00;98,04
12/12/25 13:15;99,01
12/12/25 13:30;99,64
12/12/25 13:45;99,76
12/12/25 14:00;91,37
12/12/25 14:15;92,5
12/12/25 14:30;95,35
12/12/25 14:45;98,52
12/12/25 15:00;91
12/12/25 15:15;95
12/12/25 15:30;99,76
12/12/25 15:45;103,32
12/12/25 16:00;99,87
12/12/25 16:15;101,31
12/12/25 16:30;108,5
12/12/25 16:45;110,51
12/12/25 17:00;109,7
12/12/25 17:15;111,23
12/12/25 17:30;115,33
12/12/25 17:45;115,65
12/12/25 18:00;110,27
12/12/25 18:15;110,03
12/12/25 18:30;109,48
12/12/25 18:45;108
12/12/25 19:00;109,5
12/12/25 19:15;109,7
12/12/25 19:30;109,1
12/12/25 19:45;107,67
12/12/25 20:00;109,5
12/12/25 20:15;106,46
12/12/25 20:30;103,32
12/12/25 20:45;100
12/12/25 21:00;100
12/12/25 21:15;99
12/12/25 21:30;95
12/12/25 21:45;90,5
12/12/25 22:00;96,53
12/12/25 22:15;91,51
12/12/25 22:30;87,4
12/12/25 22:45;77,5
12/12/25 23:00;98,03
12/12/25 23:15;95,39
12/12/25 23:30;87,5
12/12/25 23:45;82
13/12/25 00:00;87,5
13/12/25 00:15;83,11
13/12/25 00:30;78,76
13/12/25 00:45;75
13/12/25 01:00;75,2
13/12/25 01:15;74,12
13/12/25 01:30;74,12
13/12/25 01:45;74,12
13/12/25 02:00;70,1
13/12/25 02:15;69,71
13/12/25 02:30;69,32
13/12/25 02:45;66,65
13/12/25 03:00;68,27
13/12/25 03:15;65
13/12/25 03:30;64,89
13/12/25 03:45;64,8
13/12/25 04:00;65
13/12/25 04:15;65,1
13/12/25 04:30;68,94
13/12/25 04:45;69,45
13/12/25 05:00;69,71
13/12/25 05:15;69,84
13/12/25 05:30;70,1
13/12/25 05:45;72,65
13/12/25 06:00;74,12
13/12/25 06:15;75
13/12/25 06:30;80,76
13/12/25 06:45;83,35
13/12/25 07:00;83,35
13/12/25 07:15;86,76
13/12/25 07:30;85,35
13/12/25 07:45;84,37
13/12/25 08:00;89,96
13/12/25 08:15;83,39
13/12/25 08:30;76,19
13/12/25 08:45;73,61
13/12/25 09:00;78,35
13/12/25 09:15;72,23
13/12/25 09:30;69,84
13/12/25 09:45;69,32
13/12/25 10:00;69,58
13/12/25 10:15;69,32
13/12/25 10:30;68,55
13/12/25 10:45;63,1
13/12/25 11:00;68,42
13/12/25 11:15;63,56
13/12/25 11:30;66,11
13/12/25 11:45;64
13/12/25 12:00;60
13/12/25 12:15;60
13/12/25 12:30;58,72
13/12/25 12:45;58,52
13/12/25 13:00;57,51
13/12/25 13:15;60
13/12/25 13:30;61,1
13/12/25 13:45;61,32
13/12/25 14:00;60
13/12/25 14:15;66,65
13/12/25 14:30;69,2
13/12/25 14:45;69,84
13/12/25 15:00;69,32
13/12/25 15:15;71,5
13/12/25 15:30;78,16
13/12/25 15:45;87,5
13/12/25 16:00;80,39
13/12/25 16:15;89,86
13/12/25 16:30;97,5
13/12/25 16:45;99,87
13/12/25 17:00;96,94
13/12/25 17:15;99,7
13/12/25 17:30;100
13/12/25 17:45;101
13/12/25 18:00;96,46
13/12/25 18:15;96,46
13/12/25 18:30;95,98
13/12/25 18:45;96,22
13/12/25 19:00;97,5
13/12/25 19:15;98,03
13/12/25 19:30;98,03
13/12/25 19:45;98,03
13/12/25 20:00;99,87
13/12/25 20:15;99,87
13/12/25 20:30;98,03
13/12/25 20:45;96,7
13/12/25 21:00;100
13/12/25 21:15;99,87
13/12/25 21:30;98,03
13/12/25 21:45;95,01
13/12/25 22:00;97
13/12/25 22:15;89,86
13/12/25 22:30;84,37
13/12/25 22:45;80
13/12/25 23:00;97,5
13/12/25 23:15;91,92
13/12/25 23:30;82,36
13/12/25 23:45;75,34
14/12/25 00:00;81,67
14/12/25 00:15;75,22
14/12/25 00:30;74,5
14/12/25 00:45;72,84
14/12/25 01:00;71,16
14/12/25 01:15;70,71
14/12/25 01:30;70,5
14/12/25 01:45;70,58
14/12/25 02:00;70,51
14/12/25 02:15;70
14/12/25 02:30;68,27
14/12/25 02:45;65,06
14/12/25 03:00;65,07
14/12/25 03:15;65,05
14/12/25 03:30;65,05
14/12/25 03:45;65,13
14/12/25 04:00;63,57
14/12/25 04:15;65
14/12/25 04:30;65,55
14/12/25 04:45;70
14/12/25 05:00;70,43
14/12/25 05:15;70,58
14/12/25 05:30;70,71
14/12/25 05:45;71,33
14/12/25 06:00;70,71
14/12/25 06:15;71,16
14/12/25 06:30;74,12
14/12/25 06:45;74,12
14/12/25 07:00;74,12
14/12/25 07:15;74,12
14/12/25 07:30;74,12
14/12/25 07:45;71,5
14/12/25 08:00;76,51
14/12/25 08:15;74,12
14/12/25 08:30;70,84
14/12/25 08:45;67,97
14/12/25 09:00;75,2
14/12/25 09:15;70,97
14/12/25 09:30;68,94
14/12/25 09:45;57,29
14/12/25 10:00;68,46
14/12/25 10:15;60,59
14/12/25 10:30;60,01
14/12/25 10:45;57,7
14/12/25 11:00;63,68
14/12/25 11:15;61,09
14/12/25 11:30;63,32
14/12/25 11:45;61,05
14/12/25 12:00;60,65
14/12/25 12:15;60,01
14/12/25 12:30;57,65
14/12/25 12:45;57,7
14/12/25 13:00;57,77
14/12/25 13:15;60,01
14/12/25 13:30;57,7
14/12/25 13:45;61,03
14/12/25 14:00;57,07
14/12/25 14:15;61,57
14/12/25 14:30;64,47
14/12/25 14:45;70,58
14/12/25 15:00;68,95
14/12/25 15:15;71,1
14/12/25 15:30;74,17
14/12/25 15:45;85,35
14/12/25 16:00;82,36
14/12/25 16:15;90,65
14/12/25 16:30;98,5
14/12/25 16:45;101
14/12/25 17:00;103,32
14/12/25 17:15;106,5
14/12/25 17:30;106,98
14/12/25 17:45;107,08
14/12/25 18:00;105
14/12/25 18:15;105,5
14/12/25 18:30;106,5
14/12/25 18:45;106,74
14/12/25 19:00;106,74
14/12/25 19:15;106,74
14/12/25 19:30;106,74
14/12/25 19:45;106,5
14/12/25 20:00;106,98
14/12/25 20:15;106,74
14/12/25 20:30;106,5
14/12/25 20:45;104
14/12/25 21:00;105,5
14/12/25 21:15;103,56
14/12/25 21:30;100
14/12/25 21:45;99,52
14/12/25 22:00;100,01
14/12/25 22:15;99,87
14/12/25 22:30;95,35
14/12/25 22:45;84,37
14/12/25 23:00;87
14/12/25 23:15;85,47
14/12/25 23:30;82,85
14/12/25 23:45;78,4
15/12/25 00:00;74,5
15/12/25 00:15;71,33
15/12/25 00:30;70,58
15/12/25 00:45;70,5
15/12/25 01:00;72,53
15/12/25 01:15;70,97
15/12/25 01:30;70,71
15/12/25 01:45;70,5
15/12/25 02:00;70,32
15/12/25 02:15;70,17
15/12/25 02:30;70
15/12/25 02:45;70
15/12/25 03:00;65,01
15/12/25 03:15;65,01
15/12/25 03:30;68,1
15/12/25 03:45;70
15/12/25 04:00;70,32
15/12/25 04:15;70,5
15/12/25 04:30;70,16
15/12/25 04:45;72,93
15/12/25 05:00;74,5
15/12/25 05:15;82,36
15/12/25 05:30;85,47
15/12/25 05:45;90,09
15/12/25 06:00;86,9
15/12/25 06:15;95,35
15/12/25 06:30;100,06
15/12/25 06:45;104
15/12/25 07:00;105,98
15/12/25 07:15;106,46
15/12/25 07:30;105,98
15/12/25 07:45;105,98
15/12/25 08:00;105,74
15/12/25 08:15;104,5
15/12/25 08:30;100,06
15/12/25 08:45;95
15/12/25 09:00;102,01
15/12/25 09:15;99,4
15/12/25 09:30;94,2
15/12/25 09:45;86,79
15/12/25 10:00;94,8
15/12/25 10:15;88,49
15/12/25 10:30;85,47
15/12/25 10:45;85,47
15/12/25 11:00;85,47
15/12/25 11:15;84,37
15/12/25 11:30;84,37
15/12/25 11:45;84,37
15/12/25 12:00;85,35
15/12/25 12:15;85,47
15/12/25 12:30;85,47
15/12/25 12:45;85,47
15/12/25 13:00;85,73
15/12/25 13:15;88,49
15/12/25 13:30;95,01
15/12/25 13:45;95,58
15/12/25 14:00;95,8
15/12/25 14:15;99,4
15/12/25 14:30;100,06
15/12/25 14:45;102,29
15/12/25 15:00;97,6
15/12/25 15:15;101,38
15/12/25 15:30;105,35
15/12/25 15:45;113,08
15/12/25 16:00;101,5
15/12/25 16:15;103,08
15/12/25 16:30;105,74
15/12/25 16:45;106,7
15/12/25 17:00;100
15/12/25 17:15;101,5
15/12/25 17:30;103,08
15/12/25 17:45;105,5
15/12/25 18:00;103,55
15/12/25 18:15;105,5
15/12/25 18:30;105,98
15/12/25 18:45;106,7
15/12/25 19:00;110
15/12/25 19:15;115,98
15/12/25 19:30;117,75
15/12/25 19:45;116,44
15/12/25 20:00;118,33
15/12/25 20:15;116,44
15/12/25 20:30;109,4
15/12/25 20:45;105,98
15/12/25 21:00;122,06
15/12/25 21:15;107,47
15/12/25 21:30;105,98
15/12/25 21:45;103,55
15/12/25 22:00;105,35
15/12/25 22:15;100,06
15/12/25 22:30;99,58
15/12/25 22:45;90,9
15/12/25 23:00;100,01
15/12/25 23:15;97,5
15/12/25 23:30;95,39
15/12/25 23:45;90
16/12/25 00:00;92
16/12/25 00:15;86,43
16/12/25 00:30;84,37
16/12/25 00:45;81,2
16/12/25 01:00;84,37
16/12/25 01:15;82
16/12/25 01:30;80
16/12/25 01:45;79,54
16/12/25 02:00;79
16/12/25 02:15;76,33
16/12/25 02:30;75,5
16/12/25 02:45;75
16/12/25 03:00;74,5
16/12/25 03:15;74,5
16/12/25 03:30;74,5
16/12/25 03:45;74,5
16/12/25 04:00;75,1
16/12/25 04:15;75,5
16/12/25 04:30;76,5
16/12/25 04:45;77,42
16/12/25 05:00;82,36
16/12/25 05:15;86,43
16/12/25 05:30;88,24
16/12/25 05:45;93,5
16/12/25 06:00;88,39
16/12/25 06:15;92,96
16/12/25 06:30;94
16/12/25 06:45;97,33
16/12/25 07:00;97,33
16/12/25 07:15;99,58
16/12/25 07:30;100
16/12/25 07:45;100
16/12/25 08:00;105,1
16/12/25 08:15;102,01
16/12/25 08:30;98,27
16/12/25 08:45;90,87
16/12/25 09:00;100,69
16/12/25 09:15;95,35
16/12/25 09:30;88,78
16/12/25 09:45;85,95
16/12/25 10:00;91,58
16/12/25 10:15;89,28
16/12/25 10:30;88,23
16/12/25 10:45;88,71
16/12/25 11:00;89,08
16/12/25 11:15;87,92
16/12/25 11:30;88,86
16/12/25 11:45;88,14
16/12/25 12:00;85,73
16/12/25 12:15;86,43
16/12/25 12:30;85
16/12/25 12:45;86,43
16/12/25 13:00;85,35
16/12/25 13:15;87,3
16/12/25 13:30;90,5
16/12/25 13:45;90,8
16/12/25 14:00;88,09
16/12/25 14:15;95,35
16/12/25 14:30;97,33
16/12/25 14:45;102,08
16/12/25 15:00;90,67
16/12/25 15:15;97,33
16/12/25 15:30;102,08
16/12/25 15:45;107,61
16/12/25 16:00;97,5
16/12/25 16:15;105
16/12/25 16:30;108,17
16/12/25 16:45;120,24
16/12/25 17:00;106,68
16/12/25 17:15;119,47
16/12/25 17:30;128,63
16/12/25 17:45;134,83
16/12/25 18:00;130,46
16/12/25 18:15;140,78
16/12/25 18:30;131,17
16/12/25 18:45;129,25
16/12/25 19:00;124,27
16/12/25 19:15;122,48
16/12/25 19:30;108,24
16/12/25 19:45;106,5
16/12/25 20:00;105,13
16/12/25 20:15;105,35
16/12/25 20:30;100,44
16/12/25 20:45;97,33
16/12/25 21:00;99
16/12/25 21:15;95,01
16/12/25 21:30;94,26
16/12/25 21:45;86,44
16/12/25 22:00;92
16/12/25 22:15;86,43
16/12/25 22:30;82,35
16/12/25 22:45;79
16/12/25 23:00;86,76
16/12/25 23:15;84
16/12/25 23:30;82
16/12/25 23:45;79,78
17/12/25 00:00;85
17/12/25 00:15;82,82
17/12/25 00:30;81,62
17/12/25 00:45;79,61
17/12/25 01:00;84
17/12/25 01:15;81,62
17/12/25 01:30;80,83
17/12/25 01:45;78,4
17/12/25 02:00;77,97
17/12/25 02:15;77,71
17/12/25 02:30;77,45
17/12/25 02:45;77
17/12/25 03:00;76,12
17/12/25 03:15;76,16
17/12/25 03:30;76,5
17/12/25 03:45;77,32
17/12/25 04:00;77,32
17/12/25 04:15;77,45
17/12/25 04:30;77,97
17/12/25 04:45;81,62
17/12/25 05:00;93,75
17/12/25 05:15;96,03
17/12/25 05:30;96,83
17/12/25 05:45;105,1
17/12/25 06:00;105,1
17/12/25 06:15;112,5
17/12/25 06:30;116,11
17/12/25 06:45;121,58
17/12/25 07:00;124,23
17/12/25 07:15;133,91
17/12/25 07:30;152,58
17/12/25 07:45;133,91
17/12/25 08:00;125
17/12/25 08:15;119,47
17/12/25 08:30;109,81
17/12/25 08:45;105,1
17/12/25 09:00;108,31
17/12/25 09:15;100
17/12/25 09:30;96,03
17/12/25 09:45;89,5
17/12/25 10:00;96,03
17/12/25 10:15;91,12
17/12/25 10:30;88,9
17/12/25 10:45;86,61
17/12/25 11:00;89,37
17/12/25 11:15;86,61
17/12/25 11:30;87,99
17/12/25 11:45;87,47
17/12/25 12:00;86,51
17/12/25 12:15;85
17/12/25 12:30;82,72
17/12/25 12:45;83,27
17/12/25 13:00;84
17/12/25 13:15;85
17/12/25 13:30;86,61
17/12/25 13:45;89,33
17/12/25 14:00;88
17/12/25 14:15;94
17/12/25 14:30;96,03
17/12/25 14:45;98
17/12/25 15:00;97,86
17/12/25 15:15;106,68
17/12/25 15:30;113,46
17/12/25 15:45;122,53
17/12/25 16:00;106,5
17/12/25 16:15;108,31
17/12/25 16:30;113,22
17/12/25 16:45;121,58
17/12/25 17:00;119,47
17/12/25 17:15;124,23
17/12/25 17:30;125
17/12/25 17:45;128,17
17/12/25 18:00;121,45
17/12/25 18:15;122,53
17/12/25 18:30;124,23
17/12/25 18:45;124,23
17/12/25 19:00;138,41
17/12/25 19:15;140,34
17/12/25 19:30;138,41
17/12/25 19:45;127,46
17/12/25 20:00;133,91
17/12/25 20:15;124,27
17/12/25 20:30;122,53
17/12/25 20:45;113,22
17/12/25 21:00;113,94
17/12/25 21:15;113,94
17/12/25 21:30;119,47
17/12/25 21:45;113,22
17/12/25 22:00;113,22
17/12/25 22:15;108,1
17/12/25 22:30;103,55
17/12/25 22:45;97,75
17/12/25 23:00;113,46
17/12/25 23:15;112,14
17/12/25 23:30;108,7
17/12/25 23:45;103,1
18/12/25 00:00;104,56
18/12/25 00:15;98,53
18/12/25 00:30;98,53
18/12/25 00:45;96,83
18/12/25 01:00;100
18/12/25 01:15;98,51
18/12/25 01:30;96,83
18/12/25 01:45;94
18/12/25 02:00;90,01
18/12/25 02:15;87,51
18/12/25 02:30;87
18/12/25 02:45;86,61
18/12/25 03:00;85,78
18/12/25 03:15;84
18/12/25 03:30;83,27
18/12/25 03:45;83,95
18/12/25 04:00;81,62
18/12/25 04:15;83,27
18/12/25 04:30;85,35
18/12/25 04:45;88,9
18/12/25 05:00;88,9
18/12/25 05:15;90
18/12/25 05:30;95,01
18/12/25 05:45;100
18/12/25 06:00;91,33
18/12/25 06:15;97,5
18/12/25 06:30;100,01
18/12/25 06:45;105
18/12/25 07:00;104,68
18/12/25 07:15;107
18/12/25 07:30;106,5
18/12/25 07:45;103,33
18/12/25 08:00;103,1
18/12/25 08:15;96,01
18/12/25 08:30;89
18/12/25 08:45;80
18/12/25 09:00;85
18/12/25 09:15;79
18/12/25 09:30;75,5
18/12/25 09:45;65,43
18/12/25 10:00;60,88
18/12/25 10:15;49,53
18/12/25 10:30;40,1
18/12/25 10:45;34,2
18/12/25 11:00;47,25
18/12/25 11:15;40
18/12/25 11:30;40
18/12/25 11:45;35,4
18/12/25 12:00;34,2
18/12/25 12:15;31,56
18/12/25 12:30;30,13
18/12/25 12:45;26
18/12/25 13:00;30
18/12/25 13:15;30,15
18/12/25 13:30;34,2
18/12/25 13:45;35,4
18/12/25 14:00;49,53
18/12/25 14:15;55,44
18/12/25 14:30;65,43
18/12/25 14:45;73,5
18/12/25 15:00;67,1
18/12/25 15:15;76,04
18/12/25 15:30;81,62
18/12/25 15:45;94,4
18/12/25 16:00;86,4
18/12/25 16:15;96,5
18/12/25 16:30;103,4
18/12/25 16:45;110,43
18/12/25 17:00;98,6
18/12/25 17:15;103,1
18/12/25 17:30;104,68
18/12/25 17:45;108
18/12/25 18:00;105,04
18/12/25 18:15;108
18/12/25 18:30;110,3
18/12/25 18:45;111,08
18/12/25 19:00;110,43
18/12/25 19:15;110,43
18/12/25 19:30;112,1
18/12/25 19:45;110,43
18/12/25 20:00;112,5
18/12/25 20:15;110,43
18/12/25 20:30;109,13
18/12/25 20:45;104,68
18/12/25 21:00;103,33
18/12/25 21:15;99
18/12/25 21:30;97,5
18/12/25 21:45;93,5
18/12/25 22:00;97,5
18/12/25 22:15;95
18/12/25 22:30;90
18/12/25 22:45;86,4
18/12/25 23:00;93,68
18/12/25 23:15;91,51
18/12/25 23:30;87,7
18/12/25 23:45;85
19/12/25 00:00;87,93
19/12/25 00:15;86
19/12/25 00:30;86,68
19/12/25 00:45;85,64
19/12/25 01:00;84
19/12/25 01:15;84
19/12/25 01:30;83,27
19/12/25 01:45;82
19/12/25 02:00;80,61
19/12/25 02:15;81
19/12/25 02:30;82
19/12/25 02:45;82
19/12/25 03:00;81,42
19/12/25 03:15;82,27
19/12/25 03:30;84
19/12/25 03:45;85
19/12/25 04:00;85
19/12/25 04:15;87,14
19/12/25 04:30;88
19/12/25 04:45;93,52
19/12/25 05:00;93,68
19/12/25 05:15;98,61
19/12/25 05:30;99,24
19/12/25 05:45;105,1
19/12/25 06:00;105,1
19/12/25 06:15;110,43
19/12/25 06:30;114,05
19/12/25 06:45;123,23
19/12/25 07:00;110,43
19/12/25 07:15;112,95
19/12/25 07:30;115,5
19/12/25 07:45;115,5
19/12/25 08:00;114,14
19/12/25 08:15;110,43
19/12/25 08:30;106,68
19/12/25 08:45;105
19/12/25 09:00;110,43
19/12/25 09:15;106,68
19/12/25 09:30;104,09
19/12/25 09:45;99,22
19/12/25 10:00;110,43
19/12/25 10:15;105,1
19/12/25 10:30;102,52
19/12/25 10:45;100
19/12/25 11:00;105,1
19/12/25 11:15;105
19/12/25 11:30;101,12
19/12/25 11:45;102,5
19/12/25 12:00;102,2
19/12/25 12:15;105
19/12/25 12:30;105
19/12/25 12:45;105
19/12/25 13:00;105
19/12/25 13:15;105,35
19/12/25 13:30;108,5
19/12/25 13:45;110
19/12/25 14:00;103,55
19/12/25 14:15;105,1
19/12/25 14:30;110
19/12/25 14:45;112,3
19/12/25 15:00;97,91
19/12/25 15:15;99,28
19/12/25 15:30;105
19/12/25 15:45;110
19/12/25 16:00;99,22
19/12/25 16:15;100,98
19/12/25 16:30;105,1
19/12/25 16:45;110
19/12/25 17:00;110,43
19/12/25 17:15;113,02
19/12/25 17:30;115,74
19/12/25 17:45;115,98
19/12/25 18:00;115,74
19/12/25 18:15;115,98
19/12/25 18:30;116,22
19/12/25 18:45;116,44
19/12/25 19:00;116,94
19/12/25 19:15;118,08
19/12/25 19:30;118,08
19/12/25 19:45;116,94
19/12/25 20:00;116,94
19/12/25 20:15;116,73
19/12/25 20:30;116,22
19/12/25 20:45;112,3
19/12/25 21:00;118,08
19/12/25 21:15;110,43
19/12/25 21:30;110
19/12/25 21:45;105
19/12/25 22:00;110,43
19/12/25 22:15;108,15
19/12/25 22:30;105
19/12/25 22:45;100
19/12/25 23:00;96,62
19/12/25 23:15;96,03
19/12/25 23:30;91,77
19/12/25 23:45;87,5
20/12/25 00:00;87,53
20/12/25 00:15;83,86
20/12/25 00:30;82
20/12/25 00:45;80,63
20/12/25 01:00;85
20/12/25 01:15;80
20/12/25 01:30;75,1
20/12/25 01:45;70,42
20/12/25 02:00;74,4
20/12/25 02:15;70,47
20/12/25 02:30;66,82
20/12/25 02:45;61,29
20/12/25 03:00;69,57
20/12/25 03:15;69,14
20/12/25 03:30;67,07
20/12/25 03:45;64,59
20/12/25 04:00;69
20/12/25 04:15;67
20/12/25 04:30;66,05
20/12/25 04:45;66,17
20/12/25 05:00;70,6
20/12/25 05:15;73,5
20/12/25 05:30;74,3
20/12/25 05:45;74,4
20/12/25 06:00;74,16
20/12/25 06:15;74,6
20/12/25 06:30;76,32
20/12/25 06:45;77,1
20/12/25 07:00;78,12
20/12/25 07:15;78,5
20/12/25 07:30;80
20/12/25 07:45;80,38
20/12/25 08:00;85
20/12/25 08:15;81,09
20/12/25 08:30;80,29
20/12/25 08:45;76,97
20/12/25 09:00;80,4
20/12/25 09:15;77,5
20/12/25 09:30;75,2
20/12/25 09:45;67,01
20/12/25 10:00;71,14
20/12/25 10:15;67,27
20/12/25 10:30;64,84
20/12/25 10:45;57,06
20/12/25 11:00;63,41
20/12/25 11:15;61
20/12/25 11:30;60
20/12/25 11:45;55
20/12/25 12:00;53
20/12/25 12:15;50
20/12/25 12:30;49
20/12/25 12:45;47,47
20/12/25 13:00;53
20/12/25 13:15;52,55
20/12/25 13:30;53
20/12/25 13:45;51,51
20/12/25 14:00;51,3
20/12/25 14:15;53
20/12/25 14:30;54,45
20/12/25 14:45;60,93
20/12/25 15:00;53
20/12/25 15:15;62
20/12/25 15:30;66,82
20/12/25 15:45;73,05
20/12/25 16:00;69
20/12/25 16:15;74,16
20/12/25 16:30;76,84
20/12/25 16:45;78,33
20/12/25 17:00;73,3
20/12/25 17:15;74,5
20/12/25 17:30;76,93
20/12/25 17:45;81,02
20/12/25 18:00;81,23
20/12/25 18:15;78,82
20/12/25 18:30;75,64
20/12/25 18:45;74,45
20/12/25 19:00;75
20/12/25 19:15;74,16
20/12/25 19:30;73,4
20/12/25 19:45;70,57
20/12/25 20:00;73,5
20/12/25 20:15;70,5
20/12/25 20:30;68,63
20/12/25 20:45;65
20/12/25 21:00;73,5
20/12/25 21:15;73,6
20/12/25 21:30;73,5
20/12/25 21:45;72,07
20/12/25 22:00;71,48
20/12/25 22:15;67,92
20/12/25 22:30;67,41
20/12/25 22:45;62
20/12/25 23:00;56,13
20/12/25 23:15;49,27
20/12/25 23:30;47,47
20/12/25 23:45;46,26
21/12/25 00:00;60
21/12/25 00:15;60,65
21/12/25 00:30;54
21/12/25 00:45;51,1
21/12/25 01:00;54
21/12/25 01:15;50,97
21/12/25 01:30;50,71
21/12/25 01:45;50,32
21/12/25 02:00;50
21/12/25 02:15;47,47
21/12/25 02:30;44,5
21/12/25 02:45;44,5
21/12/25 03:00;44,48
21/12/25 03:15;40,91
21/12/25 03:30;43,5
21/12/25 03:45;41,67
21/12/25 04:00;40,92
21/12/25 04:15;40,62
21/12/25 04:30;41,55
21/12/25 04:45;43,75
21/12/25 05:00;47,47
21/12/25 05:15;47,47
21/12/25 05:30;50,32
21/12/25 05:45;50,58
21/12/25 06:00;51,33
21/12/25 06:15;54
21/12/25 06:30;55,86
21/12/25 06:45;61,7
21/12/25 07:00;63
21/12/25 07:15;63,1
21/12/25 07:30;64,22
21/12/25 07:45;64,43
21/12/25 08:00;65
21/12/25 08:15;64,6
21/12/25 08:30;64,6
21/12/25 08:45;64,6
21/12/25 09:00;64,22
21/12/25 09:15;63
21/12/25 09:30;61
21/12/25 09:45;58
21/12/25 10:00;62,5
21/12/25 10:15;61,7
21/12/25 10:30;60
21/12/25 10:45;59
21/12/25 11:00;63
21/12/25 11:15;62
21/12/25 11:30;63,97
21/12/25 11:45;63,95
21/12/25 12:00;60
21/12/25 12:15;58
21/12/25 12:30;58,95
21/12/25 12:45;57,96
21/12/25 13:00;53,55
21/12/25 13:15;55
21/12/25 13:30;59
21/12/25 13:45;58,3
21/12/25 14:00;59
21/12/25 14:15;59
21/12/25 14:30;58,4
21/12/25 14:45;61
21/12/25 15:00;59,22
21/12/25 15:15;63,1
21/12/25 15:30;63
21/12/25 15:45;65
21/12/25 16:00;60
21/12/25 16:15;64,22
21/12/25 16:30;70,56
21/12/25 16:45;74,5
21/12/25 17:00;74,33
21/12/25 17:15;76,08
21/12/25 17:30;76,82
21/12/25 17:45;79,24
21/12/25 18:00;79,62
21/12/25 18:15;81,78
21/12/25 18:30;84
21/12/25 18:45;83,94
21/12/25 19:00;84,28
21/12/25 19:15;82,09
21/12/25 19:30;80,61
21/12/25 19:45;79,05
21/12/25 20:00;76,82
21/12/25 20:15;76,08
21/12/25 20:30;75,18
21/12/25 20:45;74,22
21/12/25 21:00;80,43
21/12/25 21:15;77,58
21/12/25 21:30;76,82
21/12/25 21:45;72,3
21/12/25 22:00;77,18
21/12/25 22:15;72,29
21/12/25 22:30;69,17
21/12/25 22:45;65
21/12/25 23:00;62,45
21/12/25 23:15;59,43
21/12/25 23:30;52,74
21/12/25 23:45;50
22/12/25 00:00;50
22/12/25 00:15;47,47
22/12/25 00:30;44,4
22/12/25 00:45;44,14
22/12/25 01:00;44,4
22/12/25 01:15;44,01
22/12/25 01:30;43,75
22/12/25 01:45;42,7
22/12/25 02:00;40,35
22/12/25 02:15;38,15
22/12/25 02:30;37
22/12/25 02:45;35
22/12/25 03:00;25,35
22/12/25 03:15;25
22/12/25 03:30;25,01
22/12/25 03:45;28,98
22/12/25 04:00;27,49
22/12/25 04:15;34,2
22/12/25 04:30;40,03
22/12/25 04:45;43,88
22/12/25 05:00;50
22/12/25 05:15;57,95
22/12/25 05:30;59,62
22/12/25 05:45;67,06
22/12/25 06:00;69,05
22/12/25 06:15;76,82
22/12/25 06:30;84,6
22/12/25 06:45;86,98
22/12/25 07:00;86,74
22/12/25 07:15;87,46
22/12/25 07:30;87,5
22/12/25 07:45;87,34
22/12/25 08:00;92,82
22/12/25 08:15;89,33
22/12/25 08:30;87,34
22/12/25 08:45;84,18
22/12/25 09:00;95,76
22/12/25 09:15;89,5
22/12/25 09:30;80
22/12/25 09:45;74,64
22/12/25 10:00;76,82
22/12/25 10:15;74
22/12/25 10:30;70
22/12/25 10:45;69
22/12/25 11:00;68,63
22/12/25 11:15;67,83
22/12/25 11:30;66
22/12/25 11:45;64,5
22/12/25 12:00;60,47
22/12/25 12:15;60
22/12/25 12:30;59,6
22/12/25 12:45;59,6
22/12/25 13:00;59,6
22/12/25 13:15;61
22/12/25 13:30;63
22/12/25 13:45;64,5
22/12/25 14:00;63,5
22/12/25 14:15;68
22/12/25 14:30;70
22/12/25 14:45;76,82
22/12/25 15:00;74,58
22/12/25 15:15;82,6
22/12/25 15:30;87,7
22/12/25 15:45;94,12
22/12/25 16:00;87,7
22/12/25 16:15;93,44
22/12/25 16:30;98,05
22/12/25 16:45;102,06
22/12/25 17:00;100,18
22/12/25 17:15;102,03
22/12/25 17:30;102,04
22/12/25 17:45;102,04
22/12/25 18:00;99,06
22/12/25 18:15;99,29
22/12/25 18:30;97,32
22/12/25 18:45;96,02
22/12/25 19:00;95
22/12/25 19:15;93,91
22/12/25 19:30;90
22/12/25 19:45;88,05
22/12/25 20:00;87,5
22/12/25 20:15;87,17
22/12/25 20:30;85,23
22/12/25 20:45;81,22
22/12/25 21:00;87,22
22/12/25 21:15;85,76
22/12/25 21:30;84,73
22/12/25 21:45;78,67
22/12/25 22:00;85,76
22/12/25 22:15;80
22/12/25 22:30;75,64
22/12/25 22:45;70
22/12/25 23:00;80
22/12/25 23:15;74,55
22/12/25 23:30;67
22/12/25 23:45;62,01
23/12/25 00:00;65
23/12/25 00:15;61,88
23/12/25 00:30;61,73
23/12/25 00:45;59,6
23/12/25 01:00;62,4
23/12/25 01:15;62,01
23/12/25 01:30;60,82
23/12/25 01:45;60,16
23/12/25 02:00;60,16
23/12/25 02:15;59,6
23/12/25 02:30;58,97
23/12/25 02:45;58,97
23/12/25 03:00;57,77
23/12/25 03:15;55,4
23/12/25 03:30;55,4
23/12/25 03:45;58,04
23/12/25 04:00;59,62
23/12/25 04:15;60,33
23/12/25 04:30;61,14
23/12/25 04:45;62,3
23/12/25 05:00;63,99
23/12/25 05:15;67
23/12/25 05:30;73,73
23/12/25 05:45;76,88
23/12/25 06:00;74,09
23/12/25 06:15;78,91
23/12/25 06:30;83,05
23/12/25 06:45;87,96
23/12/25 07:00;82,6
23/12/25 07:15;87,34
23/12/25 07:30;88,7
23/12/25 07:45;90,02
23/12/25 08:00;92,55
23/12/25 08:15;90,02
23/12/25 08:30;88,31
23/12/25 08:45;84,18
23/12/25 09:00;90,02
23/12/25 09:15;86,45
23/12/25 09:30;84,08
23/12/25 09:45;80
23/12/25 10:00;87,41
23/12/25 10:15;84
23/12/25 10:30;82,2
23/12/25 10:45;80
23/12/25 11:00;87,46
23/12/25 11:15;83,75
23/12/25 11:30;82,99
23/12/25 11:45;82,5
23/12/25 12:00;83,01
23/12/25 12:15;81,06
23/12/25 12:30;80,3
23/12/25 12:45;80,3
23/12/25 13:00;78,07
23/12/25 13:15;80,02
23/12/25 13:30;81,73
23/12/25 13:45;82,86
23/12/25 14:00;80,19
23/12/25 14:15;83,83
23/12/25 14:30;85,76
23/12/25 14:45;87,5
23/12/25 15:00;80,06
23/12/25 15:15;82,95
23/12/25 15:30;82,71
23/12/25 15:45;85,76
23/12/25 16:00;80
23/12/25 16:15;84,18
23/12/25 16:30;89,85
23/12/25 16:45;89,52
23/12/25 17:00;87,42
23/12/25 17:15;86,5
23/12/25 17:30;88,57
23/12/25 17:45;87,34
23/12/25 18:00;87,1
23/12/25 18:15;86,95
23/12/25 18:30;86
23/12/25 18:45;84,29
23/12/25 19:00;89,85
23/12/25 19:15;90
23/12/25 19:30;90,02
23/12/25 19:45;90
23/12/25 20:00;90,08
23/12/25 20:15;90,02
23/12/25 20:30;90
23/12/25 20:45;86,18
23/12/25 21:00;85,76
23/12/25 21:15;82,91
23/12/25 21:30;80
23/12/25 21:45;76,82
23/12/25 22:00;76,82
23/12/25 22:15;73,1
23/12/25 22:30;67,23
23/12/25 22:45;62,14
23/12/25 23:00;79,6
23/12/25 23:15;73,7
23/12/25 23:30;68
23/12/25 23:45;60,5
24/12/25 00:00;57
24/12/25 00:15;54,01
24/12/25 00:30;45,2
24/12/25 00:45;38,3
24/12/25 01:00;40,35
24/12/25 01:15;32,55
24/12/25 01:30;26,6
24/12/25 01:45;26,6
24/12/25 02:00;35
24/12/25 02:15;33
24/12/25 02:30;29,09
24/12/25 02:45;26,6
24/12/25 03:00;26,43
24/12/25 03:15;26,22
24/12/25 03:30;26,22
24/12/25 03:45;25,97
24/12/25 04:00;25,2
24/12/25 04:15;25,2
24/12/25 04:30;25,33
24/12/25 04:45;25,97
24/12/25 05:00;23,01
24/12/25 05:15;23,01
24/12/25 05:30;25,16
24/12/25 05:45;23,01
24/12/25 06:00;24,5
24/12/25 06:15;34,46
24/12/25 06:30;40,27
24/12/25 06:45;43,86
24/12/25 07:00;57,7
24/12/25 07:15;57,9
24/12/25 07:30;60
24/12/25 07:45;59
24/12/25 08:00;60,59
24/12/25 08:15;55
24/12/25 08:30;52,12
24/12/25 08:45;35,01
24/12/25 09:00;57
24/12/25 09:15;41,17
24/12/25 09:30;34,2
24/12/25 09:45;26,22
24/12/25 10:00;30,77
24/12/25 10:15;26,22
24/12/25 10:30;25,16
24/12/25 10:45;19,41
24/12/25 11:00;18,4
24/12/25 11:15;18,01
24/12/25 11:30;17,88
24/12/25 11:45;17,2
24/12/25 12:00;16,79
24/12/25 12:15;16,9
24/12/25 12:30;16,46
24/12/25 12:45;16,46
24/12/25 13:00;16,68
24/12/25 13:15;17,62
24/12/25 13:30;17,62
24/12/25 13:45;17,88
24/12/25 14:00;20,3
24/12/25 14:15;23,1
24/12/25 14:30;25
24/12/25 14:45;26,22
24/12/25 15:00;26,43
24/12/25 15:15;33
24/12/25 15:30;37,33
24/12/25 15:45;48,32
24/12/25 16:00;35,1
24/12/25 16:15;52,9
24/12/25 16:30;61,53
24/12/25 16:45;65,4
24/12/25 17:00;69,94
24/12/25 17:15;73,7
24/12/25 17:30;74,04
24/12/25 17:45;73,7
24/12/25 18:00;70
24/12/25 18:15;70
24/12/25 18:30;70
24/12/25 18:45;66,24
24/12/25 19:00;68,63
24/12/25 19:15;65,4
24/12/25 19:30;60,5
24/12/25 19:45;58,4
24/12/25 20:00;63
24/12/25 20:15;59
24/12/25 20:30;54,6
24/12/25 20:45;45
24/12/25 21:00;45,01
24/12/25 21:15;45,01
24/12/25 21:30;45
24/12/25 21:45;40,35
24/12/25 22:00;40
24/12/25 22:15;38,01
24/12/25 22:30;38,01
24/12/25 22:45;38,01
24/12/25 23:00;35
24/12/25 23:15;37
24/12/25 23:30;30,5
24/12/25 23:45;30,21
25/12/25 00:00;34,1
25/12/25 00:15;32,39
25/12/25 00:30;30,55
25/12/25 00:45;23,59
25/12/25 01:00;30,84
25/12/25 01:15;26,49
25/12/25 01:30;19,45
25/12/25 01:45;16,79
25/12/25 02:00;16,79
25/12/25 02:15;15,57
25/12/25 02:30;15,01
25/12/25 02:45;13,92
25/12/25 03:00;13,06
25/12/25 03:15;9,69
25/12/25 03:30;10
25/12/25 03:45;9,74
25/12/25 04:00;13,66
25/12/25 04:15;16,42
25/12/25 04:30;16,68
25/12/25 04:45;17,12
25/12/25 05:00;15,39
25/12/25 05:15;16,9
25/12/25 05:30;24,86
25/12/25 05:45;30,2
25/12/25 06:00;35
25/12/25 06:15;40
25/12/25 06:30;37
25/12/25 06:45;40
25/12/25 07:00;39
25/12/25 07:15;43,55
25/12/25 07:30;43,88
25/12/25 07:45;44,14
25/12/25 08:00;43,88
25/12/25 08:15;41,19
25/12/25 08:30;38,3
25/12/25 08:45;32,5
25/12/25 09:00;35,2
25/12/25 09:15;30,93
25/12/25 09:30;31,7
25/12/25 09:45;25,03
25/12/25 10:00;27
25/12/25 10:15;22,63
25/12/25 10:30;22,26
25/12/25 10:45;25,24
25/12/25 11:00;26,77
25/12/25 11:15;29
25/12/25 11:30;34,88
25/12/25 11:45;35,2
25/12/25 12:00;30,88
25/12/25 12:15;32,05
25/12/25 12:30;30
25/12/25 12:45;30,98
25/12/25 13:00;17,46
25/12/25 13:15;20,09
25/12/25 13:30;25,35
25/12/25 13:45;30
25/12/25 14:00;30
25/12/25 14:15;34,88
25/12/25 14:30;32,5
25/12/25 14:45;44,6
25/12/25 15:00;47
25/12/25 15:15;58,4
25/12/25 15:30;69,44
25/12/25 15:45;78
25/12/25 16:00;76
25/12/25 16:15;90,24
25/12/25 16:30;93,91
25/12/25 16:45;97,9
25/12/25 17:00;93,53
25/12/25 17:15;94,76
25/12/25 17:30;95,01
25/12/25 17:45;99,77
25/12/25 18:00;91,6
25/12/25 18:15;93,47
25/12/25 18:30;93
25/12/25 18:45;95
25/12/25 19:00;95,65
25/12/25 19:15;96
25/12/25 19:30;100,13
25/12/25 19:45;96,34
25/12/25 20:00;100,11
25/12/25 20:15;100,11
25/12/25 20:30;100,11
25/12/25 20:45;96,34
25/12/25 21:00;94,76
25/12/25 21:15;93,18
25/12/25 21:30;95
25/12/25 21:45;93,06
25/12/25 22:00;92,53
25/12/25 22:15;91,2
25/12/25 22:30;90,53
25/12/25 22:45;88,01
25/12/25 23:00;106,45
25/12/25 23:15;99,96
25/12/25 23:30;91,46
25/12/25 23:45;90,53
26/12/25 00:00;95,66
26/12/25 00:15;91,35
26/12/25 00:30;90,74
26/12/25 00:45;86,46
26/12/25 01:00;90,74
26/12/25 01:15;85
26/12/25 01:30;83,11
26/12/25 01:45;81,48
26/12/25 02:00;85
26/12/25 02:15;82,89
26/12/25 02:30;78,41
26/12/25 02:45;74,47
26/12/25 03:00;75,1
26/12/25 03:15;71,41
26/12/25 03:30;72,82
26/12/25 03:45;69,91
26/12/25 04:00;69,91
26/12/25 04:15;71,5
26/12/25 04:30;75
26/12/25 04:45;75,75
26/12/25 05:00;75,37
26/12/25 05:15;81
26/12/25 05:30;85
26/12/25 05:45;89,5
26/12/25 06:00;86,82
26/12/25 06:15;91
26/12/25 06:30;91,7
26/12/25 06:45;93,91
26/12/25 07:00;91,22
26/12/25 07:15;91,94
26/12/25 07:30;92,96
26/12/25 07:45;95,64
26/12/25 08:00;99,73
26/12/25 08:15;95,85
26/12/25 08:30;91,94
26/12/25 08:45;85,23
26/12/25 09:00;96
26/12/25 09:15;91,22
26/12/25 09:30;86,9
26/12/25 09:45;82,88
26/12/25 10:00;89
26/12/25 10:15;85,28
26/12/25 10:30;83,71
26/12/25 10:45;81,98
26/12/25 11:00;83,11
26/12/25 11:15;82
26/12/25 11:30;81,83
26/12/25 11:45;82,31
26/12/25 12:00;80
26/12/25 12:15;80,68
26/12/25 12:30;80,64
26/12/25 12:45;80
26/12/25 13:00;75
26/12/25 13:15;76,11
26/12/25 13:30;79,01
26/12/25 13:45;80
26/12/25 14:00;73,88
26/12/25 14:15;76
26/12/25 14:30;77,78
26/12/25 14:45;84,79
26/12/25 15:00;78,95
26/12/25 15:15;84,87
26/12/25 15:30;85
26/12/25 15:45;91,2
26/12/25 16:00;85
26/12/25 16:15;91,2
26/12/25 16:30;95,96
26/12/25 16:45;101,69
26/12/25 17:00;95,94
26/12/25 17:15;100
26/12/25 17:30;100,75
26/12/25 17:45;103,11
26/12/25 18:00;100
26/12/25 18:15;100,73
26/12/25 18:30;100,38
26/12/25 18:45;100,73
26/12/25 19:00;107
26/12/25 19:15;109,5
26/12/25 19:30;113,37
26/12/25 19:45;116,44
26/12/25 20:00;119,83
26/12/25 20:15;113,37
26/12/25 20:30;104,22
26/12/25 20:45;100,56
26/12/25 21:00;100,01
26/12/25 21:15;97,5
26/12/25 21:30;100,01
26/12/25 21:45;96,49
26/12/25 22:00;94,36
26/12/25 22:15;91,22
26/12/25 22:30;91,2
26/12/25 22:45;88,27
26/12/25 23:00;101,54
26/12/25 23:15;96,5
26/12/25 23:30;87,63
26/12/25 23:45;83,69
27/12/25 00:00;92,02
27/12/25 00:15;88,1
27/12/25 00:30;87,58
27/12/25 00:45;84,61
27/12/25 01:00;88,61
27/12/25 01:15;82,81
27/12/25 01:30;75,78
27/12/25 01:45;74,9
27/12/25 02:00;74,84
27/12/25 02:15;70,23
27/12/25 02:30;69,77
27/12/25 02:45;69,01
27/12/25 03:00;70,02
27/12/25 03:15;69,4
27/12/25 03:30;69,14
27/12/25 03:45;68,88
27/12/25 04:00;69,14
27/12/25 04:15;68,88
27/12/25 04:30;68,88
27/12/25 04:45;68,88
27/12/25 05:00;69,01
27/12/25 05:15;69,01
27/12/25 05:30;69,27
27/12/25 05:45;69,4
27/12/25 06:00;70
27/12/25 06:15;70,23
27/12/25 06:30;74,9
27/12/25 06:45;74,9
27/12/25 07:00;84,3
27/12/25 07:15;87,5
27/12/25 07:30;88,1
27/12/25 07:45;87,27
27/12/25 08:00;97,41
27/12/25 08:15;92,31
27/12/25 08:30;87,84
27/12/25 08:45;74,9
27/12/25 09:00;84,99
27/12/25 09:15;76,99
27/12/25 09:30;70,23
27/12/25 09:45;69,27
27/12/25 10:00;70
27/12/25 10:15;69,14
27/12/25 10:30;69,14
27/12/25 10:45;68,75
27/12/25 11:00;68,62
27/12/25 11:15;68,75
27/12/25 11:30;69,01
27/12/25 11:45;69,01
27/12/25 12:00;69,01
27/12/25 12:15;69,01
27/12/25 12:30;68,75
27/12/25 12:45;69,77
27/12/25 13:00;68,88
27/12/25 13:15;69,27
27/12/25 13:30;69,27
27/12/25 13:45;70
27/12/25 14:00;69,35
27/12/25 14:15;69,4
27/12/25 14:30;69,77
27/12/25 14:45;71,45
27/12/25 15:00;73,91
27/12/25 15:15;79,54
27/12/25 15:30;84,97
27/12/25 15:45;89,49
27/12/25 16:00;87,11
27/12/25 16:15;88,79
27/12/25 16:30;92,74
27/12/25 16:45;95,99
27/12/25 17:00;92,78
27/12/25 17:15;96
27/12/25 17:30;99
27/12/25 17:45;98,5
27/12/25 18:00;95
27/12/25 18:15;98,59
27/12/25 18:30;100,01
27/12/25 18:45;100
27/12/25 19:00;91,96
27/12/25 19:15;92,57
27/12/25 19:30;92
27/12/25 19:45;90,53
27/12/25 20:00;88,04
27/12/25 20:15;87,5
27/12/25 20:30;86,5
27/12/25 20:45;84,79
27/12/25 21:00;85
27/12/25 21:15;87,25
27/12/25 21:30;88,1
27/12/25 21:45;86,16
27/12/25 22:00;86,46
27/12/25 22:15;82,38
27/12/25 22:30;79,54
27/12/25 22:45;74,9
27/12/25 23:00;70
27/12/25 23:15;65
27/12/25 23:30;60,01
27/12/25 23:45;55
28/12/25 00:00;70
28/12/25 00:15;65
28/12/25 00:30;60,01
28/12/25 00:45;60
28/12/25 01:00;55,01
28/12/25 01:15;55,01
28/12/25 01:30;55
28/12/25 01:45;53
28/12/25 02:00;50,01
28/12/25 02:15;49,6
28/12/25 02:30;48,16
28/12/25 02:45;47,65
28/12/25 03:00;49,99
28/12/25 03:15;50,46
28/12/25 03:30;53
28/12/25 03:45;54
28/12/25 04:00;52
28/12/25 04:15;53,8
28/12/25 04:30;55
28/12/25 04:45;60
28/12/25 05:00;60,12
28/12/25 05:15;65,63
28/12/25 05:30;68,72
28/12/25 05:45;69,01
28/12/25 06:00;69,14
28/12/25 06:15;69,69
28/12/25 06:30;69,4
28/12/25 06:45;73
28/12/25 07:00;74,7
28/12/25 07:15;78,74
28/12/25 07:30;81,69
28/12/25 07:45;83,02
28/12/25 08:00;90
28/12/25 08:15;86,94
28/12/25 08:30;81,47
28/12/25 08:45;73,58
28/12/25 09:00;84,98
28/12/25 09:15;82,99
28/12/25 09:30;78,74
28/12/25 09:45;69,69
28/12/25 10:00;70,65
28/12/25 10:15;71,17
28/12/25 10:30;75,01
28/12/25 10:45;72,65
28/12/25 11:00;79,86
28/12/25 11:15;78,74
28/12/25 11:30;79,55
28/12/25 11:45;79,09
28/12/25 12:00;76,6
28/12/25 12:15;77,72
28/12/25 12:30;72,95
28/12/25 12:45;77,31
28/12/25 13:00;74,67
28/12/25 13:15;78,74
28/12/25 13:30;77,93
28/12/25 13:45;81
28/12/25 14:00;78,74
28/12/25 14:15;81,69
28/12/25 14:30;81,69
28/12/25 14:45;87,61
28/12/25 15:00;81,69
28/12/25 15:15;90,32
28/12/25 15:30;95,96
28/12/25 15:45;97,78
28/12/25 16:00;95,93
28/12/25 16:15;97,94
28/12/25 16:30;98,94
28/12/25 16:45;101,41
28/12/25 17:00;98,46
28/12/25 17:15;100,94
28/12/25 17:30;105
28/12/25 17:45;107,78
28/12/25 18:00;103,68
28/12/25 18:15;105,01
28/12/25 18:30;106,38
28/12/25 18:45;105,76
28/12/25 19:00;108,44
28/12/25 19:15;107
28/12/25 19:30;103,66
28/12/25 19:45;100,94
28/12/25 20:00;101,08
28/12/25 20:15;100,01
28/12/25 20:30;99,04
28/12/25 20:45;97,74
28/12/25 21:00;100,01
28/12/25 21:15;98,7
28/12/25 21:30;98,22
28/12/25 21:45;96,2
28/12/25 22:00;97,74
28/12/25 22:15;93,69
28/12/25 22:30;89,17
28/12/25 22:45;81,91
28/12/25 23:00;103,06
28/12/25 23:15;100,01
28/12/25 23:30;98,5
28/12/25 23:45;96,73
29/12/25 00:00;95,37
29/12/25 00:15;91,23
29/12/25 00:30;91,23
29/12/25 00:45;87,5
29/12/25 01:00;91,23
29/12/25 01:15;91,23
29/12/25 01:30;89,83
29/12/25 01:45;86,73
29/12/25 02:00;89,61
29/12/25 02:15;87,5
29/12/25 02:30;87,5
29/12/25 02:45;87,5
29/12/25 03:00;87,5
29/12/25 03:15;90
29/12/25 03:30;91,23
29/12/25 03:45;91,23
29/12/25 04:00;87,5
29/12/25 04:15;91,23
29/12/25 04:30;92
29/12/25 04:45;97,5
29/12/25 05:00;97,54
29/12/25 05:15;100,01
29/12/25 05:30;102,39
29/12/25 05:45;105,22
29/12/25 06:00;110,48
29/12/25 06:15;114,39
29/12/25 06:30;116,13
29/12/25 06:45;126,96
29/12/25 07:00;123,03
29/12/25 07:15;126,96
29/12/25 07:30;128,86
29/12/25 07:45;129,81
29/12/25 08:00;126,59
29/12/25 08:15;115,35
29/12/25 08:30;109,29
29/12/25 08:45;105,01
29/12/25 09:00;109,47
29/12/25 09:15;105,01
29/12/25 09:30;100,36
29/12/25 09:45;97,1
29/12/25 10:00;98,5
29/12/25 10:15;95,35
29/12/25 10:30;91,23
29/12/25 10:45;88
29/12/25 11:00;91,92
29/12/25 11:15;88,85
29/12/25 11:30;89,63
29/12/25 11:45;88,57
29/12/25 12:00;90
29/12/25 12:15;89,14
29/12/25 12:30;88
29/12/25 12:45;91,23
29/12/25 13:00;90,38
29/12/25 13:15;94,27
29/12/25 13:30;97,2
29/12/25 13:45;98,78
29/12/25 14:00;91,29
29/12/25 14:15;93,66
29/12/25 14:30;97,12
29/12/25 14:45;101
29/12/25 15:00;96,73
29/12/25 15:15;100,01
29/12/25 15:30;104,98
29/12/25 15:45;109,68
29/12/25 16:00;104,5
29/12/25 16:15;106,43
29/12/25 16:30;114,52
29/12/25 16:45;126,59
29/12/25 17:00;116,08
29/12/25 17:15;126,59
29/12/25 17:30;127,73
29/12/25 17:45;125
29/12/25 18:00;120
29/12/25 18:15;125
29/12/25 18:30;125,02
29/12/25 18:45;130
29/12/25 19:00;155
29/12/25 19:15;158,93
29/12/25 19:30;159,68
29/12/25 19:45;158,93
29/12/25 20:00;165,5
29/12/25 20:15;159,68
29/12/25 20:30;140
29/12/25 20:45;125
29/12/25 21:00;133,51
29/12/25 21:15;123,37
29/12/25 21:30;116,08
29/12/25 21:45;110,48
29/12/25 22:00;105,7
29/12/25 22:15;105,22
29/12/25 22:30;105,01
29/12/25 22:45;102,99
29/12/25 23:00;107,74
29/12/25 23:15;105,44
29/12/25 23:30;103,78
29/12/25 23:45;102,2
30/12/25 00:00;103,55
30/12/25 00:15;100,32
30/12/25 00:30;97,5
30/12/25 00:45;89,32
30/12/25 01:00;92,37
30/12/25 01:15;88,35
30/12/25 01:30;86,61
30/12/25 01:45;82,02
30/12/25 02:00;88,35
30/12/25 02:15;86,61
30/12/25 02:30;84,6
30/12/25 02:45;82,36
30/12/25 03:00;83,56
30/12/25 03:15;82
30/12/25 03:30;81,4
30/12/25 03:45;81,4
30/12/25 04:00;81,4
30/12/25 04:15;81,4
30/12/25 04:30;82,02
30/12/25 04:45;84,6
30/12/25 05:00;80,62
30/12/25 05:15;80,92
30/12/25 05:30;85,99
30/12/25 05:45;89,26
30/12/25 06:00;82
30/12/25 06:15;87,89
30/12/25 06:30;93,24
30/12/25 06:45;97,29
30/12/25 07:00;97,5
30/12/25 07:15;100,31
30/12/25 07:30;100,31
30/12/25 07:45;100,31
30/12/25 08:00;104,6
30/12/25 08:15;100,34
30/12/25 08:30;93,55
30/12/25 08:45;81,4
30/12/25 09:00;96,73
30/12/25 09:15;86,34
30/12/25 09:30;81,14
30/12/25 09:45;79,47
30/12/25 10:00;81,4
30/12/25 10:15;80,23
30/12/25 10:30;79
30/12/25 10:45;76,89
30/12/25 11:00;78,97
30/12/25 11:15;76,99
30/12/25 11:30;76,11
30/12/25 11:45;72,55
30/12/25 12:00;72,83
30/12/25 12:15;74,76
30/12/25 12:30;72,18
30/12/25 12:45;72,4
30/12/25 13:00;70,08
30/12/25 13:15;71,53
30/12/25 13:30;73,63
30/12/25 13:45;76,86
30/12/25 14:00;66,73
30/12/25 14:15;76,28
30/12/25 14:30;79,77
30/12/25 14:45;80,62
30/12/25 15:00;80,4
30/12/25 15:15;82,36
30/12/25 15:30;88,34
30/12/25 15:45;97,5
30/12/25 16:00;89,83
30/12/25 16:15;97,5
30/12/25 16:30;103,55
30/12/25 16:45;107,5
30/12/25 17:00;102,2
30/12/25 17:15;105
30/12/25 17:30;106,01
30/12/25 17:45;106,38
30/12/25 18:00;106,83
30/12/25 18:15;106
30/12/25 18:30;105,23
30/12/25 18:45;105
30/12/25 19:00;105,01
30/12/25 19:15;105,36
30/12/25 19:30;105,36
30/12/25 19:45;105,36
30/12/25 20:00;107,98
30/12/25 20:15;107,74
30/12/25 20:30;105,36
30/12/25 20:45;105
30/12/25 21:00;107,5
30/12/25 21:15;105,5
30/12/25 21:30;103,78
30/12/25 21:45;102,2
30/12/25 22:00;106,94
30/12/25 22:15;105
30/12/25 22:30;102,58
30/12/25 22:45;100,31
30/12/25 23:00;105,01
30/12/25 23:15;104,53
30/12/25 23:30;99,7
30/12/25 23:45;92,37
31/12/25 00:00;90,5
31/12/25 00:15;86,8
31/12/25 00:30;82,73
31/12/25 00:45;81,4
31/12/25 01:00;83,54
31/12/25 01:15;81,06
31/12/25 01:30;80,77
31/12/25 01:45;80,77
31/12/25 02:00;80
31/12/25 02:15;76,19
31/12/25 02:30;75,03
31/12/25 02:45;75,1
31/12/25 03:00;75,01
31/12/25 03:15;75,01
31/12/25 03:30;75,01
31/12/25 03:45;75,6
31/12/25 04:00;75,05
31/12/25 04:15;75,62
31/12/25 04:30;78,1
31/12/25 04:45;80,77
31/12/25 05:00;77,82
31/12/25 05:15;82,36
31/12/25 05:30;84,9
31/12/25 05:45;89,32
31/12/25 06:00;86,21
31/12/25 06:15;93,4
31/12/25 06:30;97,5
31/12/25 06:45;103,2
31/12/25 07:00;104,71
31/12/25 07:15;105,35
31/12/25 07:30;106,5
31/12/25 07:45;107,18
31/12/25 08:00;107,58
31/12/25 08:15;105,01
31/12/25 08:30;99,7
31/12/25 08:45;96,73
31/12/25 09:00;104,78
31/12/25 09:15;99,76
31/12/25 09:30;95
31/12/25 09:45;89,8
31/12/25 10:00;89,32
31/12/25 10:15;86,61
31/12/25 10:30;82,06
31/12/25 10:45;80
31/12/25 11:00;83,3
31/12/25 11:15;82
31/12/25 11:30;82
31/12/25 11:45;84,89
31/12/25 12:00;83,1
31/12/25 12:15;84,14
31/12/25 12:30;85
31/12/25 12:45;88,44
31/12/25 13:00;83,04
31/12/25 13:15;86,61
31/12/25 13:30;86,77
31/12/25 13:45;93,96
31/12/25 14:00;86,58
31/12/25 14:15;92,2
31/12/25 14:30;95,78
31/12/25 14:45;103,1
31/12/25 15:00;94,02
31/12/25 15:15;103,39
31/12/25 15:30;107,58
31/12/25 15:45;111,85
31/12/25 16:00;108,73
31/12/25 16:15;108,5
31/12/25 16:30;111
31/12/25 16:45;119,85
31/12/25 17:00;115,82
31/12/25 17:15;125,32
31/12/25 17:30;132,58
31/12/25 17:45;142,74
31/12/25 18:00;130
31/12/25 18:15;137,24
31/12/25 18:30;137,24
31/12/25 18:45;137,24
31/12/25 19:00;137,24
31/12/25 19:15;133
31/12/25 19:30;128,9
31/12/25 19:45;125,32
31/12/25 20:00;123,08
31/12/25 20:15;113,34
31/12/25 20:30;109,7
31/12/25 20:45;108,5
31/12/25 21:00;108,74
31/12/25 21:15;107,08
31/12/25 21:30;104,78
31/12/25 21:45;102,71
31/12/25 22:00;105,01
31/12/25 22:15;102,71
31/12/25 22:30;99,76
31/12/25 22:45;96,31
31/12/25 23:00;112,01
31/12/25 23:15;110,01
31/12/25 23:30;107,05
31/12/25 23:45;106,45